station_id,opis_id,name,address,city,state,rack_id,retail_price,latitude,longitude,location_accuracy,geocode_confidence
7,7,WOODSHED OF BIG CABIN,"I-44, EXIT 283 & US-69",Big Cabin,OK,307,3.00733333,36.607931,-95.274736,city,
9,9,KWIK TRIP #796,"I-94, EXIT 143 & US-12 & SR-21",Tomah,WI,420,3.28733333,43.994833,-90.491704,city,
20,20,PILOT TRAVEL CENTER #1243,"I-8, EXIT 119 & SR-85",Gila Bend,AZ,930,3.899,32.93059,-112.746832,city,
28,28,LITTLEFIELD EXPRESS #2,"I-540, EXIT 12 & US-71",Fort Smith,AR,645,3.399,35.38592,-94.39855,city,
35,35,ACI TRUCK STOP,US-46,Columbia,NJ,90,3.079,40.938805,-75.054983,city,
36,36,SHENANDOAH TRUCK CENTER,"I-81, EXIT 273 & SR-703/SR-292",Mount Jackson,VA,60,2.899,38.768819,-78.676655,city,
44,44,CIRCLE K #2612042,"I-35, EXIT 271",Jarrell,TX,595,2.919,30.748406,-97.600833,city,
46,46,PETRO STOPPING CENTER #348,"I-85, EXIT 22 & CR-138",Shorter,AL,720,3.154,32.383585,-85.91616,city,
49,49,TA SEYMOUR TRAVEL CENTER,"I-65, EXIT 50 & US-50 & US-31",Seymour,IN,415,3.959,38.95922,-85.89025,city,
50,50,TA COUNCIL BLUFFS TRAVEL CENTER,"I-29 & I-80, EXIT 3",Council Bluffs,IA,319,3.72566666,41.26194,-95.86083,city,
56,56,TOPS TRUCK STOP,"I-94, EXIT 182 & US-83",Sterling,ND,390,3.51566666,46.843583,-100.274392,city,
75,75,Good 2 Go #709,US-50,Montrose,CO,810,3.424,38.47832,-107.87617,city,
77,77,OASIS TRAVEL PLAZA,US-13,Laurel,DE,243,3.229,38.553695,-75.563052,city,
79,79,DELAWARE TRUCK PLAZA,US-13 & US-40,New Castle,DE,243,3.249,39.67703,-75.589938,city,
81,81,One9 #89,"I-75, EXIT 224",Ellenton,FL,225,3.439,27.53818,-82.5006,city,
85,85,DOWNIEVILLE FUEL STOP,"I-70, EXIT 234",Dumont,CO,800,3.459,39.764722,-105.599722,city,
91,91,MOLLYS FOOD & FUEL,"I-20 & ST 22, EXIT 55",Crawfordville,GA,135,3.499,33.570801,-82.887234,city,
105,105,TA SAGINAW I 75 TRAVEL CENTER,"I-75, EXIT 144-B",Bridgeport,MI,260,3.319,43.355309,-83.854906,city,
118,118,Lupton Truck Stop #567,"I-40, EXIT 359",Lupton,AZ,580,3.299,35.4086,-109.07,city,
121,121,PETRO STOPPING CENTER #306,"I-10, EXIT 200",Eloy,AZ,930,3.474,32.7559,-111.55484,city,
127,127,CIRCLE K #4700095,US-41,Henderson,KY,340,3.609,37.83615,-87.59001,city,
128,128,THE EFFINGHAM CHROME SHOP,"I-57 & I-70, EXIT 159",Effingham,IL,510,3.399,39.121727,-88.561105,city,
135,135,LOVES TRAVEL STOP #766,"I-80, EXIT 27",Atkinson,IL,290,3.449,41.41619,-90.022482,city,
147,147,SPEEDWAY #8039,"I-69, EXIT 234 & SR-67",Daleville,IN,375,3.624,40.125738,-85.511016,city,
149,149,RAYS TRUCK WASH,"I-69, EXIT 309 & US-30",Fort Wayne,IN,370,3.59233333,41.1306,-85.12886,city,
151,151,CUBBYS #2101,"I-80, EXIT 211 & SR-47",Gothenburg,NE,475,3.13233333,40.940035,-100.154707,city,
159,159,PILOT TRAVEL CENTERS #87,"I-10, EXIT 343",Jacksonville,FL,75,3.859,30.33218,-81.65565,city,
160,160,PILOT TRAVEL CENTERS #79,"I-12, EXIT 10 AT MILE 10",Denham Springs,LA,600,3.23233333,30.5821,-90.9341,city,
164,164,FLYING J TRAVEL PLAZA #650,"I-94, EXIT 15 B",Lake Station,IN,365,3.809,41.568629,-87.262209,city,
167,167,FLYING J TRAVEL PLAZA #653,RT 2 & I-65 EXIT 240,Hebron,IN,365,3.43566666,41.315537,-87.208791,city,
174,174,Hop-In Food Stores,US-59 & SR-224,Nacogdoches,TX,618,2.859,31.60351,-94.65549,city,
184,184,SAPP BROS TRAVEL CENTER,"I-29 & I-80, EXIT 1B",Council Bluffs,IA,486,3.719,41.26194,-95.86083,city,
186,186,COFFEE CUP FUEL STOP #5,"I-90, EXIT 154 & US-16",Moorcroft,WY,822,3.239,44.299932,-104.905904,city,
187,187,DUDLEYS CORNER,"I-35, EXIT 165 & SR-3",Latimer,IA,433,3.23233333,42.759783,-93.351798,city,
191,191,KUM & GO #0302,"I-35, EXIT 193 & SR 106",Clear Lake,IA,433,3.18566666,43.140607,-93.384978,city,
192,192,Brew Stuart Truckstop,"I-80, EXIT 93",Stuart,IA,320,3.099,41.518643,-94.304563,city,
195,195,PETRO STOPPING CENTER #311,"I-40 & I-55, EXIT 280",West Memphis,AR,435,3.36733333,35.14648,-90.18454,city,
198,198,SINCLAIR,"I-76, EXIT 115",Atwood,CO,800,3.299,40.517432,-103.039301,city,
199,199,PETRO STOPPING CENTER #366,"I-70, EXIT 252",Salina,KS,523,3.80566666,38.84028,-97.61142,city,
203,203,PILOT TRAVEL CENTERS #31,"I-80/94, EXIT 2",Highland,IN,365,3.814,41.55365,-87.45198,city,
207,207,MARATHON,SR-32,Sardinia,OH,300,3.56566666,38.983232,-83.796649,city,
216,216,CIRCLE K #2721593,"I-10, EXIT 50",Ocean Springs,MS,715,3.41566666,30.41131,-88.82781,city,
217,217,NORTH 9TH 24/7,"I-70, EXIT 252",Salina,KS,523,3.02566666,38.84028,-97.61142,city,
231,231,DERBY CITYS TRUCK PLAZA,"I-75, EXIT 62 & US-25",Mount Vernon,KY,410,2.999,37.336609,-84.354882,city,
235,235,PILOT TRAVEL CENTERS #92,"I-75, EXIT 358",Ocala,FL,225,3.385666665,29.1872,-82.14009,city,
240,240,LA 1 SOUTH TRUCKSTOP,"I-10, EXIT 153 & SR-1",Port Allen,LA,600,3.039,30.471983,-91.254088,city,
243,243,SAVE,US-41 & SR-10,Lake Village,IN,399,3.179,41.138741,-87.445422,city,
244,244,BIG D TRUCK TRAVEL PLAZA,"I-10, EXIT 92 & SR-95",Duson,LA,725,2.98233333,30.191216,-92.152455,city,
248,248,Mardi Gras Truck Stop,"I-10, EXIT 236",New Orleans,LA,725,3.729,29.95465,-90.07507,city,
250,250,GOLDEN OX TRUCK STOP,"I-70/US-40, EXIT 159 & US-183",Hays,KS,523,3.499,38.87918,-99.32677,city,
253,253,LOVES TRAVEL STOP #450,"I-40, EXIT 280 & I-55, EXIT 4",West Memphis,AR,435,3.32566666,35.14648,-90.18454,city,
256,256,BFS FOODS #66,"I-68/US-40, EXIT 22 & US-219",Grantsville,MD,165,3.899,39.684436,-79.151665,city,
257,257,PILOT TRAVEL CENTER #917- TOWN PUMP,I-15 & 31ST STREET EXIT 277,Great Falls,MT,815,3.63566666,47.50024,-111.30081,city,
263,263,CASEYS #3956,I-94 EXIT 16,Bridgman,MI,465,3.559,41.936199,-86.554334,city,
267,267,CORNER MARKET #117,SR-154 & SR-129,Dodge City,KS,357,3.399,37.7528,-100.01708,city,
269,269,PILOT TRAVEL CENTERS #24,"I-75, EXIT 15",Monroe,MI,325,3.349,41.91643,-83.39771,city,
278,278,CARLISLE PLAZA,US-41,Carlisle,IN,510,3.499,38.976297,-87.366738,city,
281,281,CIRCLE K #4700065,"I-65, EXIT 76 & US-31",Taylorsville,IN,375,3.399,39.295833,-85.950833,city,
289,289,LOVES TRAVEL STOP #173,"I-70, MM 209",Lawrence,KS,553,3.229,38.97167,-95.23525,city,
292,292,PETES #56,US-169 & CR-5000,Cherryvale,KS,307,3.23233333,37.266828,-95.559019,city,
293,293,LOVES TRAVEL STOP #176,"I-35, MILE MARKER 97",Matfield Green,KS,336,3.25566666,38.144768,-96.554105,city,
304,304,FL Roberts,"I-91, EXIT 4",Springfield,MA,100,3.599,42.10148,-72.58981,city,
309,309,QUIKTRIP #231,"I-635, EXIT 3",Kansas City,KS,400,3.199,39.11417,-94.62746,city,
323,323,SAPP BROS TRAVEL CENTER,"I-80, EXIT 126",Ogallala,NE,475,3.46566666,41.127505,-101.710742,city,
326,326,FLYING J TRAVEL PLAZA #748,"I-15, EXIT 357",Willard,UT,835,3.749,41.398944,-112.031653,city,
341,341,TA JACKSONVILLE SOUTH TRAVEL CENTER,"I-95, EXIT 329",Saint Johns,FL,75,3.469,30.095578,-81.621701,city,
347,347,7-ELEVEN #40514,I-90/80-IN TOLL RD MM 22E,Portage,IN,365,3.99066666,41.57587,-87.17615,city,
358,358,TA BINGHAMTON TRAVELCENTER,"I-81N, EXIT 2W & I-81S, EXIT 3",Binghamton,NY,32,3.719,42.09869,-75.91797,city,
361,361,CIRCLE K #2726293,"I-295, EXIT 25",Jacksonville,FL,75,3.31566666,30.33218,-81.65565,city,
368,368,WILTON TRAVEL PLAZA,"I-87, EXIT 16",Gansevoort,NY,12,3.774,43.180343,-73.705267,city,
372,372,GAS DEPOT,"I-94, EXIT 5",Hammond,IN,365,3.999,41.58337,-87.50004,city,
381,381,7-Eleven #41830,US-69 & US-135,Jacksonville,TX,630,2.91566666,31.96177,-95.270328,city,
387,387,Circle K #2709664,"I-8, EXIT 12",Yuma,AZ,930,3.489,32.72532,-114.6244,city,
388,388,Pilot Travel Centers #14,"I-71, EXIT 131",Sunbury,OH,315,3.719,40.265499,-82.851051,city,
391,391,PILOT TRAVEL CENTERS #13,"I-71, EXIT 209",Seville,OH,305,3.699,41.022731,-81.856199,city,
403,403,TRUCKOMAT OF HEBRON,"I-70, EXIT 126 & SR-37",Hebron,OH,315,3.429,39.953464,-82.491868,city,
407,407,FUEL MART #641,"I-80 & I-280, EXIT 71",Perrysburg,OH,550,3.499,41.557,-83.62716,city,
421,421,PETRO STOPPING CENTER #316,"I-40 & I-35, EXIT 127",Oklahoma City,OK,483,3.30233333,35.46756,-97.51643,city,
424,424,E EXPRESS,"I-40, EXIT 166",Choctaw,OK,483,2.899,35.471758,-97.272564,city,
425,425,Neighbors Express,"I-16, EXIT 51",Dublin,GA,85,3.299,32.54044,-82.90375,city,
442,442,WESTERN COOP,US-385 & SR-2,Alliance,NE,795,3.324,42.114943,-102.888045,city,
455,455,MR FUEL #753,"I-95, EXIT 104 & SR-207",Ruther Glen,VA,180,3.26566666,37.945059,-77.47135,city,
456,456,THE COUNTRY OASIS,US-24,Woodburn,IN,370,3.399,41.136102,-84.892871,city,
458,458,HAPPY HILLS GAS & COFFEE,I-29 EXIT 110,Rock Port,MO,400,3.399,40.430581,-95.527403,city,
460,460,TRUCK STOP 44,I-20 EXIT 44,Gilbert,SC,135,3.079,33.95805,-81.39136,city,
461,461,SPINX #271,"I-26, EXIT 145 & US-601",Orangeburg,SC,42,3.26233333,33.502545,-80.859282,city,
469,469,LOAF N JUG #750010,US-160 & SR-17,Alamosa,CO,803,3.259,37.470274,-105.878602,city,
474,474,KEWANEE 1 STOP,"I-20, EXIT 169 & US-80",Toomsuba,MS,705,3.299,32.429583,-88.489225,city,
478,478,GASTRAK OF PEMBINA,"I-29, EXIT 215",Pembina,ND,355,3.299,48.936124,-97.275611,city,
483,483,ALLSUPS #2387,US-54/SR-136/SR-3 & US-64,Guymon,OK,585,2.97566666,36.696052,-101.47778,city,
486,486,LA NORIA CONV STORES,"I-35 N, EXIT 4",Laredo,TX,693,3.299,27.50641,-99.50754,city,
489,489,EDDIES CORNER,US-87 & US-191,Moore,MT,815,3.749,46.989811,-109.653838,city,
491,491,One9 #403,"I-75, EXIT 117",Heiskell,TN,405,2.999,36.115027,-84.043826,city,
496,496,PILOT TRAVEL CENTERS #270,"I-40 & I-75, EXIT 374",Knoxville,TN,405,3.439,35.96064,-83.92074,city,
509,509,LOVES TRAVEL STOPS #256,"I-10, EXIT 140B",Van Horn,TX,640,3.649,31.042879,-104.832249,city,
522,522,GO MART FOOD STORE #57,"I-70 & ST-285, EXIT 186",Lore City,OH,430,3.179,40.045854,-81.447853,city,
523,523,CIRCLE K #2723322,"I-985, EXIT 20 & SR-60",Gainesville,GA,18,3.26566666,34.29788,-83.82407,city,
525,525,FASTBREAK,US-45 ALT,West Point,MS,705,3.059,33.626496,-88.68226,city,
546,546,PLAZA 30,US-30,Wanatah,IN,365,3.499,41.384477,-86.876439,city,
557,557,SAPP BROS TRAVEL CENTER,"I-80, EXIT 73",Peru,IL,290,3.419,41.333021,-89.126478,city,
559,559,SHELL MORGAN ROAD TRUCK STOP,"I-40, EXIT 142",Maumelle,AR,695,3.20733333,34.86676,-92.40432,city,
566,566,TA GARY TRAVEL CENTER,"I-80/I-94, EXIT 6",Gary,IN,365,3.83066666,41.59337,-87.34643,city,
567,567,TA ELOY TRAVEL CENTER,"I-10 & I-8, EXIT 203",Eloy,AZ,930,3.459,32.7559,-111.55484,city,
572,572,PILOT TRAVEL CENTERS #881,"I-69, EXIT 309A",Fort Wayne,IN,370,3.889,41.1306,-85.12886,city,
576,576,PETRO STOPPING CENTER #343,"I-10, EXIT 76",Egan,LA,600,3.624,30.250966,-92.500226,city,
578,578,LOVES TRAVEL STOP #449,"I-84, EXIT 17",Troutdale,OR,935,3.779,45.53929,-122.38731,city,
579,579,FLYING J TRAVEL PLAZA #764,"I-80, EXIT 104 & US-191",Rock Springs,WY,835,3.67066666,41.58746,-109.2029,city,
586,586,AMERISTAR TRAVEL PLAZA #120,"I-82, EXIT 80",Prosser,WA,925,4.479,46.223183,-119.771014,city,
588,588,TA TUSCALOOSA TRAVEL CENTER,"I-20/I-59, EXIT 77",Cottondale,AL,615,2.964,33.176667,-87.387051,city,
591,591,TA Concordia Travel Plaza,"I-70, EXIT 58 & SR-23",Concordia,MO,400,3.22566666,38.977553,-93.581205,city,
599,599,Sapp Bros Travel Center,"I-80, EXIT 59 & SR-17J",Sidney,NE,475,3.50066666,41.142778,-102.9775,city,
602,602,JIFFY MART EXIT 18 TRUCK STOP,"I-89/SR-120, EXIT 18 & SR-120",Lebanon,NH,12,3.599,43.642222,-72.252222,city,
614,614,TA MAYBROOK TRAVEL CENTER,"I-84, EXIT 5",Montgomery,NY,120,4.359,41.53332,-74.253417,city,
628,628,KWIK FILL #227,"I-90, EXIT 218",Geneva,OH,305,3.15233333,41.802864,-80.947363,city,
636,636,UNION 76,"I-5, EXIT 233 E",Albany,OR,935,3.379,44.63651,-123.10593,city,
651,651,ONE9 #1366,"I-40, EXIT 126 & US-641",Holladay,TN,460,2.98566666,35.895143,-88.091183,city,
652,652,TA KNOXVILLE EAST TRAVEL CENTER,"I-40 & I-75, EXIT 374",Knoxville,TN,405,3.42566666,35.96064,-83.92074,city,
669,669,PETRO STOPPING CENTER #350,"I-10, EXIT 4",Canutillo,TX,640,3.499,31.934379,-106.592888,city,
672,672,CROWN POINT TRUCK STOP,"I-295/US-130,EXIT 22",Thorofare,NJ,150,3.549,39.859178,-75.176698,city,
680,680,TA EXPRESS SUMMIT,"I-29, EXIT 207 & US-12",Summit,SD,566,3.20566666,45.352128,-97.042654,city,
684,684,7-ELEVEN #35101,"I-86/SR-17, EXIT 16",Randolph,NY,38,4.499,42.163143,-78.960034,city,
689,689,FLYING EAGLE,"I-235, EXIT 4",Wichita,KS,570,3.499,37.69224,-97.33754,city,
692,692,BP,US-63,Ottumwa,IA,489,3.399,41.02001,-92.4113,city,
739,739,Arco #364420,US-23,Greenup,KY,255,3.649,38.547969,-82.868396,city,
748,748,QUIKTRIP #4231,US-85,Evans,CO,800,3.17233333,40.37637,-104.69219,city,
769,769,AYERCO #26,US-61/US-136,Alexandria,MO,345,3.01566666,40.344514,-91.515437,city,
815,815,Kwik Trip #1508,"US-18/SR-151, EXIT 58",Barneveld,WI,420,3.489,43.015797,-89.904229,city,
855,855,SPEEDWAY #7459,US-41 & SR-137,North Chicago,IL,293,3.379,42.32558,-87.84118,city,
863,863,Ocean Fuel,US-301/SR-73,Sylvania,GA,195,3.499,32.77627,-81.633394,city,
906,906,PILOT TRAVEL CENTERS #429,"I-40, EXIT 280",West Memphis,AR,435,3.395,35.14648,-90.18454,city,
908,908,CIRCLE K #2704888,"I-65, EXIT 246 & SR-119",Pelham,AL,615,3.46566666,33.28567,-86.80999,city,
912,912,PETRO STOPPING CENTER #319,"I-20/59, EXIT 100",Mc Calla,AL,615,3.12566666,33.284546,-87.102379,city,
936,936,CASEYS #4254,"I-40, EXIT 129",Conway,AR,695,3.03233333,35.0887,-92.4421,city,
970,970,CIRCLE K #2702885,"I-17/SR-60, EXIT 199A",Phoenix,AZ,930,3.39233333,33.44838,-112.07404,city,
977,977,PILOT TRAVEL CENTERS #328,"I-10, EXIT 17",Quartzsite,AZ,930,3.959,33.5675,-114.2731,city,
981,981,STINKER #85,"I-15, EXIT 93",Blackfoot,ID,825,3.53233333,43.194327,-112.361545,city,
982,982,CIRCLE K #2701948,"I-8, EXIT 7 & SR-195",Yuma,AZ,900,3.56566666,32.72532,-114.6244,city,
1028,1028,FOUR STATES TRUCK STOP,"I-495, EXIT 4 & SR-9",New Castle,DE,243,3.424,39.67703,-75.589938,city,
1042,1042,Union 76,US-441 & SR-100A,Lake City,FL,75,3.56233333,30.0949,-82.7117,city,
1043,1043,SHELL DBA ONE9 #1401,I-75 EXIT 414 & US-41,Lake City,FL,75,3.2515,30.0949,-82.7117,city,
1047,1047,TA MARIANNA TRAVEL CENTER,"I-10/SR-8, EXIT 142 & SR-71",Marianna,FL,20,3.60733333,30.758587,-85.229367,city,
1075,1075,PILOT TRAVEL CENTERS #68,"I-16 /SR-404, EXIT 51 & US-441",Dublin,GA,85,3.415666665,32.54044,-82.90375,city,
1106,1106,CIRCLE K #2705367,"I-20, EXIT 172",Thomson,GA,16,3.399,33.477363,-82.494204,city,
1112,1112,BC AMPRIDE TRUCK PLAZA,US-59/SR-141,Denison,IA,527,3.399,42.019626,-95.363572,city,
1115,1115,KWIK STAR #704,SR-57/SR-14,Parkersburg,IA,565,3.58233333,42.571377,-92.768763,city,
1121,1121,TRAVELERS OASIS,"I-84, EXIT 182",Eden,ID,787,3.799,42.580374,-114.162762,city,
1128,1128,TA CHICAGO NORTH TRAVEL CENTER,"I-94/US-41, EXIT 1",Wadsworth,IL,444,3.799,42.446032,-87.904048,city,
1132,1132,SPEEDWAY #7423,"I-57, EXIT 83",Ina,IL,293,3.249,38.152743,-88.889362,city,
1136,1136,PILOT TRAVEL CENTER #171,"I-74, EXIT 206",Oakwood,IL,280,3.499,40.116656,-87.7825,city,
1140,1140,CIRCLE K #4701398,"I-55, EXIT 82 & SR-104",Divernon,IL,280,3.499,39.567684,-89.654654,city,
1149,1149,PILOT TRAVEL CENTERS #30,"I-70, EXIT 96",Greenfield,IN,375,3.959,39.78504,-85.76942,city,
1151,1151,SPEEDWAY #8061,"I-70, EXIT 115 & SR-109",Knightstown,IN,375,3.759,39.806029,-85.526148,city,
1154,1154,CIRCLE K #2704691,SR-71 & CR-214,Cedar Creek,TX,595,3.199,30.096636,-97.497602,city,
1156,1156,CIRCLE K #4700028,"I-74/US-421, EXIT 116 & SR-44",Shelbyville,IN,375,3.599,39.52144,-85.77692,city,
1157,1157,One9 #297,"I-70, EXIT 11 & SR-46",Terre Haute,IN,510,3.43566666,39.4667,-87.41391,city,
1158,1158,PILOT TRAVEL CENTERS #36,US-30 & SR-49,Valparaiso,IN,365,3.864,41.47309,-87.06114,city,
1163,1163,SHORT STOP #13,US-54,Emporia,KS,553,2.839,38.4039,-96.18166,city,
1176,1176,PILOT TRAVEL CENTERS #353,"I-75, EXIT 129",Georgetown,KY,410,3.20566666,38.2098,-84.55883,city,
1179,1179,PILOT TRAVEL CENTERS #399,"I-65, EXIT 105",Lebanon Junction,KY,415,3.609,37.851054,-85.724641,city,
1196,1196,SOUTHERN BELLE TRUCK STOP,US-61 & SR-964,Saint Francisville,LA,725,3.384,30.858658,-91.392266,city,
1199,1199,ALLTOWN MARKETS #306,"I-190, EXIT 7",Leominster,MA,178,3.68233333,42.52509,-71.75979,city,
1202,1202,ONE9 #290,"I-95, EXIT 93 & SR-222",Perryville,MD,22,3.599,39.564894,-76.059227,city,
1204,1204,PETRO STOPPING CENTER #321,"I-70 & I-57, EXIT 159",Effingham,IL,574,3.419,39.121727,-88.561105,city,
1208,1208,D AVENUE FUEL PLAZA,US-131,Kalamazoo,MI,465,3.299,42.29171,-85.58723,city,
1210,1210,ROADHAWK TRAVEL CENTER,"I-94, EXIT 56 & SR-51",Paw Paw,MI,465,3.579,42.234931,-85.900488,city,
1217,1217,KWIK TRIP #250,"I-90, EXIT 179",Austin,MN,515,3.374,43.66663,-92.97464,city,
1218,1218,CASEYS #3658,SR-210,Pillager,MN,522,3.299,46.398395,-94.392287,city,
1225,1225,AYERCO #35,US-61 & US-61 BUS,Bowling Green,MO,494,3.01566666,39.334639,-91.196232,city,
1234,1234,Lamar Travel Plaza,US-71 & US-160,Lamar,MO,416,3.199,37.500221,-94.270253,city,
1236,1236,AYERCO #44,US-36 & US-24,Palmyra,MO,494,3.01566666,39.791309,-91.536817,city,
1240,1240,TEMP STOP #103,US-65,Sedalia,MO,400,3.199,38.70446,-93.22826,city,
1247,1247,SNAPPY MART #11,US-63 & SR-14,West Plains,MO,535,3.299,36.728418,-91.871681,city,
1251,1251,MAPCO #3009,US-72,Corinth,MS,435,3.154,34.93236,-88.543884,city,
1256,1256,DOUBLE QUICK #89,US-82/US-278,Greenville,MS,655,3.25566666,33.40898,-91.05978,city,
1265,1265,JOE JOES TRAVEL CENTER,US-78 & RED BANKS RD S,Red Banks,MS,435,2.97233333,34.875039,-89.519839,city,
1304,1304,LOVES TRAVEL STOP #667,"I-85, EXIT 152",Mebane,NC,65,3.94733333,36.097862,-79.271895,city,
1315,1315,CIRCLE K #2720218,US-421 BUS & US-15/US-501/US-1,Sanford,NC,177,3.08233333,35.47988,-79.1803,city,
1325,1325,SCOTCHMAN #3303,US-421 & US-74,Wilmington,NC,245,3.629,34.22573,-77.94471,city,
1326,1326,SPEEDWAY #7949,US-301/US-264 ALT & CR-1674,Wilson,NC,205,3.199,35.72127,-77.91554,city,
1333,1333,PUMP & PANTRY #15,US-30,Grand Island,NE,330,3.30733333,40.92501,-98.34201,city,
1340,1340,BORDENTOWN VALERO,"NJ TNPK, EXIT 7 & US-206",Bordentown,NJ,230,3.499,40.143141,-74.703249,city,
1342,1342,Delta,"I-80, EXIT 47B",Fairfield,NJ,115,3.20233333,40.882178,-74.296027,city,
1344,1344,BOLLA TRUCK STOP #193,US-202 & SR-17,Mahwah,NJ,115,3.53233333,41.08871,-74.14376,city,
1348,1348,GLOBAL,SR-73,Palmyra,NJ,150,3.359,40.003654,-75.025685,city,
1356,1356,LOVES TRAVEL STOP #257,"I-40 & HORIZON, EXIT 79",Milan,NM,580,3.59066666,35.169722,-107.890278,city,
1364,1364,7- ELEVEN #40507,"I-80/I-90, MM 56 WB",Rolling Prairie,IN,465,3.98233333,41.72286,-86.584092,city,
1372,1372,PILOT TRAVEL CENTER #469,"I-77, EXIT 101 & SR-627",Canton,OH,249,3.62233333,40.79895,-81.37845,city,
1376,1376,FUEL MART #782,"I-75, EXIT 118",Lima,OH,411,3.08566666,40.74255,-84.10523,city,
1379,1379,TA LODI TRAVEL CENTER,"I-71, EXIT 209 & I-76/US-224, EXIT 1",Seville,OH,305,3.739,41.022731,-81.856199,city,
1384,1384,SUNOCO,"I-80/I-90, EXIT 13 & US-20ALT/SR-15",Montpelier,OH,550,3.41566666,41.59821,-84.614703,city,
1391,1391,ONCUE EXPRESS #2045,"I-35, EXIT 203 & SR-15",Billings,OK,500,3.21566666,36.524609,-97.418889,city,
1395,1395,DOMINO FOOD AND FUEL #1,"I-40, EXIT 66",Clinton,OK,483,3.099,35.511543,-98.979533,city,
1404,1404,ONE9 #339,"I-74, EXIT 4 & SR-63",Covington,IN,375,3.26233333,40.132618,-87.381876,city,
1414,1414,SAC SHOP #507,"I-70, EXIT 12/161",Breezewood,PA,14,4.099,39.990521,-78.245271,city,
1424,1424,GETTYSBURG TRAVEL PLAZA,US-15 & SR-394,Gettysburg,PA,70,3.899,39.832044,-77.222313,city,
1428,1428,CIRCLE K #4702408,"I-65, EXIT 168 & SR-38/SR-25",Lafayette,IN,375,3.43233333,40.4167,-86.87529,city,
1432,1432,KWIK FILL #259,"I-81, EXIT 57",Mechanicsburg,PA,70,4.049,40.214167,-77.008889,city,
1444,1444,PILOT TRAVEL CENTERS #346,"I-20, EXIT 92 & US-601",Lugoff,SC,135,3.43233333,34.22961,-80.714712,city,
1445,1445,PILOT TRAVEL CENTERS #402,"I-80, EXIT 367",Cheyenne,WY,795,3.709,41.13998,-104.82025,city,
1447,1447,HOT SPOT #3005,US-221,Chesnee,SC,210,3.199,35.115398,-81.867827,city,
1453,1453,EXPRESS STOP,US-278/SR-101/SR-6 & SR-113,Rockmart,GA,193,3.319,33.997912,-85.05937,city,
1455,1455,PETRO FLORENCE,"I-95, EXIT 169",Florence,SC,46,3.32566666,34.19543,-79.76256,city,
1461,1461,CIRCLE K #2705370,"I-26, EXIT 15 & US-176",Inman,SC,210,3.099,35.052795,-82.054013,city,
1464,1464,CIRCLE K #2723254,"I-20, EXIT 55 & SR-6",Lexington,SC,135,3.199,33.98154,-81.23621,city,
1470,1470,CIRCLE K #2705348,US-1,Beech Island,SC,135,3.159,33.427222,-81.891111,city,
1479,1479,TA SPARTANBURG TRAVEL CENTER,"I-85, EXIT 63 & SR-290",Duncan,SC,210,3.43233333,34.917645,-82.125821,city,
1487,1487,ROADRUNNER MARKET #6019,"I-81, EXIT 36 NORTH",Greeneville,TN,405,3.499,36.16316,-82.83099,city,
1492,1492,MAPCO #3538,"I-24, EXIT 174",Chattanooga,TN,285,2.899,35.04563,-85.30968,city,
1507,1507,CIRCLE K #4703941,"I-55, EXIT 5A",Memphis,TN,435,3.189,35.14953,-90.04898,city,
1516,1516,LOVES TRAVEL STOP #261,I-27 EXIT 116,Amarillo,TX,585,3.23233333,35.222,-101.8313,city,
1531,1531,CircleK #4702365,"I-74, EXIT 112 & SR-9",Shelbyville,IN,375,3.509,39.52144,-85.77692,city,
1533,1533,YESWAY #1157,US-62,Brownfield,TX,700,2.99233333,33.169801,-102.276157,city,
1546,1546,SHELL,"I-35, EXIT 86 & SR-85",Dilley,TX,740,3.099,28.678201,-99.174684,city,
1548,1548,TOOT N TOTUM #107,US-287,Dumas,TX,585,3.03233333,35.86559,-101.97324,city,
1552,1552,STRIPES #40911,US-59 & SR-16,Freer,TX,625,3.099,27.879984,-98.606129,city,
1555,1555,SEIBERT TRAVEL PLAZA,"I-70, EXIT 405 & SR-59",Seibert,CO,800,3.499,39.318329,-102.882184,city,
1560,1560,CATTREZ,US-20 & SR-5,Irving,NY,38,2.949,42.573866,-79.059634,city,
1562,1562,I MART #108,"I-40, EXIT 108",Wildersville,TN,435,3.099,35.769772,-88.438794,city,
1567,1567,KUM & GO #4110,"I-235, EXIT 11",Des Moines,IA,320,3.02733333,41.60054,-93.60911,city,
1579,1579,FLYING J TRAVEL PLAZA #924- TOWN PUMP,"I-15, EXIT 122 & I-90 MM220",Butte,MT,816,3.56566666,46.00382,-112.53474,city,
1582,1582,LOVES TRAVEL STOP #250,I-40 EXIT 60,Amarillo,TX,585,3.314,35.222,-101.8313,city,
1585,1585,Stripes 7Fleet #42498,US-385 & CR-1910,Andrews,TX,710,3.369,32.320125,-102.540926,city,
1590,1590,ROAD RANGER #240,"I-80 & I-94, EXIT 15-A",Lake Station,IN,365,3.559,41.568629,-87.262209,city,
1596,1596,FLYING J #305,"I-40, EXIT 39",Jamestown,NM,580,3.44233333,35.421667,-108.308333,city,
1597,1597,7-ELEVEN #36156,"I-70 & SR-519, EXIT 25/333",Eighty Four,PA,165,4.999,40.186821,-80.062695,city,
1599,1599,ONVO TRAVEL PLAZA,"I-81, EXIT 10",Mc Graw,NY,220,3.449,42.594758,-76.081958,city,
1602,1602,CIRCLE K #2723387,US-98,Beaumont,MS,620,3.56566666,31.136763,-88.905492,city,
1606,1606,DONNAS TRAVEL PLAZA,"I-5, EXIT 202",Marysville,WA,962,4.559,48.05176,-122.17708,city,
1610,1610,TA BALTIMORE TRAVEL CENTER,"I-95, EXIT 57",Baltimore,MD,22,4.759,39.29038,-76.61219,city,
1618,1618,GO MART FOOD STORE #33,US-33,Ripley,WV,44,3.499,38.809042,-81.701987,city,
1621,1621,CIRCLE K #2709337,"I-65, EXIT 262B",Birmingham,AL,615,3.489,33.52066,-86.80249,city,
1622,1622,RACEWAY #6973,US-380 & SR-114/SR-101,Bridgeport,TX,630,2.78233333,33.187027,-97.78098,city,
1623,1623,SAPP BROS TRAVEL CENTER,"I-70 & I-270, EXIT 278",Commerce City,CO,800,3.389,39.80832,-104.93387,city,
1625,1625,PILOT TRAVEL CENTERS #60,"I-26, EXIT 159",Bowman,SC,42,3.43233333,33.347466,-80.670868,city,
1632,1632,PILOT TRAVEL CENTERS #266,"I-10, EXIT 139 & SR-292",Las Cruces,NM,640,3.19066666,32.31232,-106.77834,city,
1633,1633,7-ELEVEN #36302,"I-35, EXIT 144",Von Ormy,TX,740,3.109,29.274979,-98.667741,city,
1634,1634,PILOT TRAVEL CENTERS #40,"I-94, EXIT 322",Oak Creek,WI,444,3.889,42.88585,-87.86314,city,
1644,1644,ALLSUPS CONVENIENCE STORE #2414,"I-20, EXIT 235",Roscoe,TX,575,2.929,32.427558,-100.539088,city,
1646,1646,SPEEDWAY #8310,US-6 & US-31,Plymouth,IN,465,3.609,41.333897,-86.324087,city,
1647,1647,SPEEDWAY #8305,US-41 & SR-312,Hammond,IN,290,3.76566666,41.58337,-87.50004,city,
1653,1653,ROAD RANGER #187,"I-55, EXIT 289",Chicago,IL,520,3.584,41.85003,-87.65005,city,
1654,1654,CEFCO #3,US-77/US190/SR-36,Cameron,TX,670,2.989,30.852713,-96.976562,city,
1661,1661,CHEVRON,"I-20, EXIT 101 & SR-151",Calhoun,LA,590,3.159,32.524791,-92.329929,city,
1669,1669,BETTY BEAVERS TRUCKSTOP,"I-90, EXIT 28",Fultonville,NY,12,3.169,42.903601,-74.359765,city,
1670,1670,Petro Stopping Center #54,"I-44, EXIT 4 & SR-3",Joplin,MO,277,3.449,37.08423,-94.51328,city,
1671,1671,LOVES TRAVEL STOP #412,"I-95, EXIT 77",Dunn,NC,205,3.699,35.316511,-78.615079,city,
1672,1672,HANA TRAVEL PLAZA,"I-40, EXIT 77",Amarillo,TX,585,2.899,35.222,-101.8313,city,
1699,1699,ALLENS FOOD MART280,US-280/US-231/SR-53/SR-38 & CR-8/CR-34,Sylacauga,AL,615,3.799,33.171675,-86.271257,city,
1700,1700,TOPPS FUEL STOPS,US-259/SR-49,Daingerfield,TX,723,3.109,33.031263,-94.735899,city,
1720,1720,TOOT N TOTUM #120,US-54 & S WESTERN AVE,Liberal,KS,585,3.01566666,37.04308,-100.921,city,
1749,1749,HIGHWAY 96 FUEL STOP,US-96 & SR-62/FM-1004,Buna,TX,610,3.149,30.413209,-93.991263,city,
1753,1753,PWI #169,"I-35/US-77, EXIT 359 & CR-1304",Abbott,TX,765,2.899,31.891642,-97.067146,city,
1773,1773,M-46 AUTO TRUCK PLAZA,"US-131, EXIT 120 & SR-46",Howard City,MI,344,3.199,43.408326,-85.485609,city,
1791,1791,PILOT TRAVEL CENTERS #257,"I-20, EXIT 126 & FM-1788",Midland,TX,710,3.56566666,31.99735,-102.07791,city,
1807,1807,LOVES TRAVEL STOP #229,I-40 EXIT 96 & SR-207,Panhandle,TX,585,3.314,35.380841,-101.43037,city,
1810,1810,KENT KWIK #804,US-83,Perryton,TX,585,2.999,36.374825,-100.815558,city,
1829,1829,PILOT TRAVEL CENTERS #96,"SR- 60 & FL TURNPIKE, EXIT 193",Okeechobee,FL,143,3.709,27.311532,-80.847853,city,
1832,1832,CORNER FUEL CENTER,US-49,Hattiesburg,MS,620,3.299,31.32712,-89.29034,city,
1834,1834,PUMP N PANTRY #15,"I-20, EXIT 617 & US-59",Marshall,TX,766,2.899,32.54487,-94.36742,city,
1849,1849,Stripes #42457,US-67/US-277,San Angelo,TX,740,3.244,31.46377,-100.43704,city,
1855,1855,EXIT 76 AUTO TRUCK PLAZA,US-131,Byron Center,MI,344,3.499,42.801614,-85.713602,city,
1858,1858,FLYING J TRAVEL PLAZA #737,"I-10, EXIT 583",San Antonio,TX,740,3.224,29.42412,-98.49363,city,
1859,1859,GO MART FOOD STORE #44,"I-79, EXIT 67 & US-19/SR-4",Sutton,WV,44,3.559,38.673855,-80.681072,city,
1860,1860,MR FUEL #278,"I-75/71, EXIT 175 & SR-338",Walton,KY,300,3.019,38.887491,-84.63277,city,
1861,1861,PETRO STOPPING CENTER #315,"I-40, EXIT 66",Kingman,AZ,910,3.899,35.18944,-114.05301,city,
1866,1866,PRI MART FUEL CENTER,"I-94, EXIT 29",Benton Harbor,MI,465,3.649,42.108594,-86.423417,city,
1873,1873,JDS TRUCKSTOP,"US-12 & US-31, EXIT 3",Niles,MI,465,3.799,41.820168,-86.236789,city,
1874,1874,CIRCLE K #2744529,US-175,Seagoville,TX,630,2.95066666,32.63958,-96.53832,city,
1879,1879,HOLIDAY STATIONSTORE #3552,"I-35, EXIT 81 & SR-70",Lakeville,MN,448,3.549,44.64969,-93.24272,city,
1888,1888,STRIPES 7FLEET #42449,US-87,Sterling City,TX,710,3.28066666,31.835063,-101.001729,city,
1889,1889,TOOT N TOTUM #105,US-54 & US-287,Stratford,TX,585,2.96566666,36.33349,-101.988568,city,
1893,1893,MIKE MCDONALD TRUCK STOP,"I-20, EXIT 509",Terrell,TX,637,2.87066666,32.73596,-96.27526,city,
1894,1894,CIRCLE K #2741544,"I-37 & SR-72, EXIT 69",Three Rivers,TX,747,3.06566666,28.475646,-98.178162,city,
1897,1897,YESWAY #1077,"I-20/US-84, EXIT 278",Tye,TX,575,2.87566666,32.447728,-99.868434,city,
1905,1905,LUCKY TRUCK STOP,US-82,Whitesboro,TX,630,2.88566666,33.659021,-96.878984,city,
1909,1909,RALLYSTOP #1,"I-15, EXIT 62",Cedar City,UT,791,3.459,37.67748,-113.06189,city,
1914,1914,LOVES TRAVEL STOP #792,"I-70, EXIT 160",Green River,UT,835,3.709,39.000243,-110.159817,city,
1921,1921,BELL TRUCK STOP,"I-80, EXIT 146",Park City,UT,835,3.45233333,40.695724,-111.528021,city,
1923,1923,SCENIC QUIK STOP,"I-70, EXIT 54 & US-89",Salina,UT,835,3.459,38.956028,-111.881072,city,
1930,1930,CASEYS #3058,"I-35, EXIT 19 & US-160 E",Wellington,KS,570,3.299,37.27783,-97.390976,city,
1931,1931,RBS ONE STOP,"I-15, EXIT 320",Woods Cross,UT,835,3.459,40.887447,-111.902712,city,
1934,1934,CIRCLE K #2723710,"I-77, EXIT 24",Austinville,VA,185,3.24066666,36.819461,-80.858322,city,
1936,1936,QUICK STOP MARKET #36,"I-81, EXIT 10 & US-11",Bristol,VA,185,3.399,36.59649,-82.18847,city,
1940,1940,7-ELEVEN #40063,"I-81, EXIT 98 & SR-100",Dublin,VA,65,3.199,37.098879,-80.669696,city,
1944,1944,LOVES TRAVEL STOPS #399,"I-77, EXIT 1 & SR-620",Lambsburg,VA,65,3.589,36.577483,-80.760133,city,
1950,1950,7-ELEVEN #34515,"I-81, EXIT 205",King George,VA,180,3.399,38.281142,-77.126023,city,
1951,1951,CIRCLE K #2723713,"I-81, EXIT 205",Staunton,VA,185,3.38566666,38.14991,-79.0732,city,
1953,1953,FAS MART #3555,"I-64, EXIT 136 & US-15",Gordonsville,VA,180,3.699,38.107261,-78.195195,city,
1954,1954,Joe's Kwik Mart #8409,US-58 & CR-645,Suffolk,VA,130,3.03233333,36.72836,-76.58496,city,
1956,1956,PILOT TRAVEL CENTER #4642,"I-81, EXIT 291",Toms Brook,VA,60,3.659,38.97016,-78.403757,city,
1958,1958,SPEEDWAY #4618,"I-81 & I-77, EXIT 77",Wytheville,VA,185,3.41233333,36.940669,-81.094082,city,
1960,1960,MAPLEWOOD IRVING,"I-89, EXIT 7",Montpelier,VT,170,3.699,44.2574,-72.5698,city,
1962,1962,SUPER QUIK,"I-64, EXIT 172 & SR-1/SR-7",Grayson,KY,255,3.799,38.328037,-82.965087,city,
1976,1976,One9 #963,"I-90, EXIT 276",Spokane,WA,970,3.974,47.65966,-117.42908,city,
1977,1977,GEE CEES TRUCK STOP,"I-5, EXIT 57",Toledo,WA,977,3.839,46.439552,-122.826559,city,
1983,1983,KWIK TRIP #427,"US-53, EXIT 110 & SR-40",Bloomer,WI,295,3.41566666,45.102477,-91.489974,city,
1985,1985,Camp Douglas BP,"I-90 & I-94, EXIT 55",Camp Douglas,WI,420,3.154,43.936705,-90.268861,city,
2000,2000,RIVER CITY TRAVEL PLAZA,US-41,Marinette,WI,360,3.399,45.087403,-87.669684,city,
2002,2002,KWIK TRIP #222,US-53/US-2,Superior,WI,334,3.339,46.72077,-92.10408,city,
2009,2009,KWIK TRIP #139,"I-43, EXIT 120 & CR-V/CR-OK",Sheboygan,WI,444,3.29066666,43.75083,-87.71453,city,
2020,2020,BFS FOODS #72,"I-68, EXIT 23 & SR-26",Bruceton Mills,WV,165,3.499,39.645394,-79.615941,city,
2021,2021,GO MART FOOD STORE #59,"I-64, EXIT 15 & US-60",Huntington,WV,255,3.499,38.41925,-82.44515,city,
2022,2022,GO MART FOOD STORE #86,"I-79, EXIT 40 & SR-16",Ivydale,WV,44,3.599,38.530476,-81.033506,city,
2029,2029,HOMAX SERVICE,"I-25, EXIT 188",Mills,WY,790,3.169,42.840556,-106.365278,city,
2030,2030,GHOST TOWN FUEL STOP,US-26/US-20,Casper,WY,790,3.429,42.86663,-106.31308,city,
2034,2034,TA CHEYENNE TRAVEL CENTER,"I-80, EXIT 377 & SR-217/CR-140",Cheyenne,WY,795,3.699,41.13998,-104.82025,city,
2040,2040,Fast Stop Travel Centers #1133,"I-25, EXIT 126 & US-18/20",Douglas,WY,790,3.499,42.762558,-105.385484,city,
2041,2041,PINE BLUFFS SINCLAIR,"I-80, EXIT 401 & US-30",Pine Bluffs,WY,795,3.699,41.178799,-104.066591,city,
2044,2044,One9 #1251,"I-80, EXIT 173",Wamsutter,WY,795,3.499,41.658278,-108.151674,city,
2074,2074,STRIPES #40522,"I-10, EXIT 550",San Antonio,TX,740,3.059,29.42412,-98.49363,city,
2076,2076,ALLSUPS CONVENIENCE STORE #2159,US-283 BUS/US-277 BUS & SR-422,Seymour,TX,770,3.299,33.591445,-99.258727,city,
2078,2078,ALLSUPS CONVENIENCE STORE #2366,US-84 & CR-3300,Slaton,TX,700,2.969,33.436795,-101.65192,city,
2084,2084,Main Street Market #112,"I-20, EXIT 73",Wickett,TX,710,2.879,31.57,-103.000556,city,
2087,2087,LWS TRUCK STOP,SR-30,Logan,UT,835,3.42566666,41.73549,-111.83439,city,
2088,2088,FLYING J TRAVEL PLAZA #773,"I-70, EXIT 40",Richfield,UT,835,3.699,38.757075,-112.062253,city,
2089,2089,FLYING J TRAVEL PLAZA #774,"I-84, EXIT 7",Snowville,UT,835,3.749,41.840321,-112.353391,city,
2115,2115,KWIK TRIP #838,SR-23/SR-33,Reedsburg,WI,420,3.194,43.5325,-90.0025,city,
2125,2125,BIG D #44,"I-80, EXIT 311 & SR-130",Laramie,WY,795,3.249,41.31137,-105.5911,city,
2144,2144,Mountain View Truck Stop,US-15,Thurmont,MD,60,4.099,39.606576,-77.405114,city,
2152,2152,SPEEDWAY #4709,"I-90, EXIT 102",Fairmont,MN,425,3.299,43.637592,-94.45095,city,
2167,2167,PILOT TRAVEL CENTERS #134,"I-94, EXIT 171 (CR 75)",Saint Cloud,MN,451,3.28733333,45.5608,-94.16249,city,
2182,2182,PILOT TRAVEL CENTER #4649,"I-64 & I-81, EXIT 205",Raphine,VA,185,3.659,37.937353,-79.221903,city,
2192,2192,GO MART FOOD STORE #51,US-19/SR-129,Mount Nebo,WV,44,3.599,38.197064,-80.820204,city,
2194,2194,A AND A TRUCKSTOP,US-35 & CR-41,Jackson,OH,315,3.799,39.042821,-82.647209,city,
2196,2196,Certified Oil #400410,I-76 EXIT 43,Ravenna,OH,249,3.31566666,41.164886,-81.233656,city,
2204,2204,NATURAL BRIDGE SHELL,US-278 & SR-5,Lynn,AL,615,3.68233333,34.052984,-87.539814,city,
2209,2209,Roadrunner #471,"I-40/US-65, EXIT 142 & SR-365",North Little Rock,AR,695,3.03233333,34.76954,-92.26709,city,
2219,2219,PILOT TRAVEL CENTERS #66,"I-85, EXIT 129",Braselton,GA,16,3.27233333,34.138941,-83.781162,city,
2223,2223,PO JOS GAS N GO,"I-16 SR-404, EXIT 116 & US-301/SR-73",Register,GA,195,3.23233333,32.338235,-81.872828,city,
2227,2227,SPEEDWAY #7448,SR-59,Naperville,IL,293,3.329,41.78586,-88.14729,city,
2231,2231,QUIKTRIP #605,"I-270, EXIT 33",Saint Louis,MO,540,2.899,38.634616,-90.191313,city,
2255,2255,S&G #36,"I-280, EXIT 2 & SR-795",Millbury,OH,550,3.49233333,41.56106,-83.438083,city,
2267,2267,Circle K #4703917,"I-65, EXIT 112 & SR-25",Cross Plains,TN,460,2.949,36.553068,-86.676088,city,
2283,2283,CIRCLE K #2707321,SR-60,Bartow,FL,225,3.52233333,27.89641,-81.84314,city,
2287,2287,SAC SHOP #511,"I-76/I-70, EXIT 146 & I-99/US-220 EXIT 1",Bedford,PA,14,4.099,39.990838,-78.526071,city,
2306,2306,SCOTCHMAN #3894,"I-77, EXIT 73 & SR-901",Rock Hill,SC,210,3.079,34.92487,-81.02508,city,
2310,2310,MAPCO #3686,"I-24, EXIT 175",Chattanooga,TN,285,2.889,35.04563,-85.30968,city,
2311,2311,SHELL,"I-24 & EPPS MILL RD, EXIT 89",Christiana,TN,460,3.13233333,35.740877,-86.407932,city,
2331,2331,PINNERS POINT,SR-135,Portsmouth,VA,130,3.499,36.83543,-76.29827,city,
2336,2336,FLYING J TRAVEL PLAZA #754,"I-77 & I-81, EXIT 77",Wytheville,VA,185,3.549,36.940669,-81.094082,city,
2340,2340,RSTORE #4478,SR-8 & SR-13,Prentice,WI,395,3.039,45.548201,-90.294217,city,
2557,2557,PWI #106,"I-30, EXIT 77B",Royse City,TX,630,2.899,32.962778,-96.36484,city,
2602,2602,PILOT TRAVEL CENTERS #9,"I-75, EXIT 36",Franklin,OH,407,3.35233333,39.547839,-84.305881,city,
2623,2623,TA JANESVILLE TRAVEL CENTER,"I-90/I-39, EXIT 171B & US-14",Janesville,WI,420,3.299,42.68279,-89.01872,city,
2626,2626,WEST END SINCLAIR,"I-80, EXIT 211",Rawlins,WY,838,3.319,41.795131,-107.234883,city,
2629,2629,PILOT TRAVEL CENTERS #253,"I-295 & NJ TRNPK, EXIT 2B",Penns Grove,NJ,243,3.989,39.717938,-75.465623,city,
2635,2635,FLYING J #584,"I-5, EXIT 278",Aurora,OR,935,3.859,45.228432,-122.803881,city,
2638,2638,PIT STOP TRAVEL CENTER,US-789,Riverton,WY,790,4.399,43.045786,-108.411335,city,
2640,2640,LITTLE NASHVILLE,"I-64, EXIT 50 & SR-127",Nashville,IL,540,3.349,38.335208,-89.384058,city,
2644,2644,FREDERICKS TRAVEL CENTER,"I-25/US-87, EXIT 235 & SR-52",Erie,CO,800,3.499,40.05026,-105.04998,city,
2756,2756,PAR MAR FOOD STORE #89,"I-77/SR-2, EXIT 170 & SR-14 E",Mineral Wells,WV,430,3.499,39.21,-81.5305,city,
2761,2761,PONY EXPRESS SERVICE CENTER,US-36 & SR-148,Hanover,KS,316,2.95566666,39.89266,-96.868947,city,
2764,2764,LOVES TRAVEL STOP #046,US-64/54 & SR-94,Hooker,OK,585,3.56233333,36.847981,-101.190683,city,
2765,2765,LOVES TRAVEL STOP #023,US-50 & US-287,Lamar,CO,525,3.46233333,38.084136,-102.619195,city,
2772,2772,PILOT TRAVEL CENTERS #29,"I- 80, EXIT 144; I-69, EXIT 357",Fremont,IN,465,3.899,41.733125,-84.945247,city,
2779,2779,Stinker #121,I-84 & EXIT 208,Heyburn,ID,787,3.56066666,42.559922,-113.770885,city,
2788,2788,JIFFY MART #451,"I-91, EXIT 17 & SR-302",Wells River,VT,39,3.569,44.152438,-72.052958,city,
2805,2805,Fast Stop Travel Centers #1145,"I-15, EXIT 31",Downey,ID,825,3.799,42.418127,-112.109019,city,
2807,2807,SUDDEN SERVICE #25,"I-24, EXIT 11",Clarksville,TN,460,3.30733333,36.52977,-87.35945,city,
2811,2811,KWIK FILL #22,"I-90, EXIT 40 & SR-34/SR-31",Weedsport,NY,220,3.899,43.048882,-76.542502,city,
2817,2817,Chevron #382354,"I-5/US-12, EXIT 72",Chehalis,WA,977,4.299,46.638193,-122.965764,city,
2848,2848,TA TONOPAH TRAVEL CENTER,"I-10, EXIT 103",Tonopah,AZ,930,3.939,33.422797,-112.952785,city,
2851,2851,SPEEDWAY #2958,"I-8, EXIT 12",Yuma,AZ,900,3.479,32.72532,-114.6244,city,
2862,2862,TA TALLULAH TRAVEL CENTER,"I-20, EXIT 171 & US-65",Tallulah,LA,760,3.209,32.402127,-91.190066,city,
2864,2864,KUM & GO #0493,I-49 BUS/SR-59,Neosho,MO,535,3.059,36.870634,-94.386218,city,
2875,2875,CIRCLE K #2744138,"I-25, EXIT 101 & US-50/SR-47",Pueblo,CO,803,3.399,38.25445,-104.60914,city,
2883,2883,PILOT TRAVEL CENTERS #293,"I-75, EXIT 341 & CR-484",Ocala,FL,140,3.385666665,29.1872,-82.14009,city,
2885,2885,SP Truckstop & Travel Center,US-84/SR-38,Bainbridge,GA,20,3.599,30.9355,-84.5809,city,
2889,2889,MOULTON COWBOYS,SR-157,Moulton,AL,615,3.099,34.505836,-87.222385,city,
2891,2891,PETRO STOPPING CENTER #338,"I-80, EXIT 21",Sparks,NV,966,3.949,39.53491,-119.75269,city,
2895,2895,EAGLE TRUCK STOP,I-77 EXIT 81,New Philadelphia,OH,249,3.31566666,40.48979,-81.44567,city,
2896,2896,NORTH LEWISTON DYNAMART,US-12 & SR 128,Lewiston,ID,970,3.669,46.41655,-117.01766,city,
2897,2897,GAS N GO #15,"I-80, EXIT 41",Lyman,WY,827,3.46566666,41.329136,-110.292629,city,
2910,2910,FLYING J TRAVEL PLAZA #685,"I-29 & I- 94, EXIT 349",Fargo,ND,341,3.569,46.87719,-96.7898,city,
2913,2913,ONE9#226,"I-40, EXIT 417 & SR-92",Dandridge,TN,405,3.259,36.001798,-83.404435,city,
2915,2915,TP TRUCK STOP,"I-15, EXIT 80",Fort Hall,ID,825,3.519,42.988717,-112.459854,city,
2917,2917,GOLDYS TRUCK PLAZA,US-29,Rustburg,VA,185,3.519,37.25454,-79.121507,city,
2922,2922,LOVES TRAVEL STOP #210,"I-40, EXIT 158",Albuquerque,NM,580,3.52066666,35.08449,-106.65114,city,
2923,2923,LOVES TRAVEL STOPS #435,"I-95, EXIT 104 & SR-207",Ruther Glen,VA,180,3.600,37.945059,-77.47135,city,
2924,2924,HWY 190 FUEL STOP,US-190,Jasper,TX,610,3.13233333,30.925348,-94.021481,city,
2926,2926,EXIT 77 TRAVEL PLAZA,"I-81, EXIT 77 & SR-39",Harrisburg,PA,70,3.499,40.2737,-76.88442,city,
2929,2929,TA EXPRESS STEELE,"I-94, EXIT 200 & SR- 3",Steele,ND,390,3.599,46.852357,-99.933559,city,
2935,2935,CIRCLE K #2726163,"I-295, EXIT 22",Jacksonville,FL,75,3.299,30.33218,-81.65565,city,
2937,2937,FLYING J TRAVEL PLAZA #664,"I-75, EXIT 171",Walton,KY,300,3.08566666,38.887491,-84.63277,city,
2956,2956,PILOT TRAVEL CENTERS #275,"I-85, EXIT 39 I-77, EXIT 13",Charlotte,NC,46,3.55233333,35.22709,-80.84313,city,
2963,2963,SUPERPUMPER #26,"I-94, EXIT 258 & US-281",Jamestown,ND,390,3.629,46.91054,-98.70844,city,
2967,2967,PETRO STOPPING CENTER #317,"I-57, EXIT 71",Perrysburg,OH,550,3.78566666,41.557,-83.62716,city,
2968,2968,E-Z MART #4460,"I-20, EXIT 124",Monroe,LA,719,3.129,32.50931,-92.1193,city,
2977,2977,DISCOUNT FUEL,"I-90, EXIT 150 & SR-73",Kadoka,SD,506,3.229,43.84457,-101.552272,city,
2982,2982,CIRCLE K #2723726,"I-59/I-20, EXIT 52 & US-11/US-43/SR-7",Knoxville,AL,705,3.089,32.982423,-87.791855,city,
3003,3003,CHEVRON,"I-20, EXIT 186",Delta,LA,760,2.994,32.325556,-90.926944,city,
3008,3008,BUSY BEE,"I-10, EXIT 283 & US-129",Live Oak,FL,10,3.779,30.286622,-83.024994,city,
3022,3022,TA GREENCASTLE TRAVEL CENTER,"I-81, EXIT 5",Greencastle,PA,70,3.959,39.781827,-77.746956,city,
3030,3030,Mr Ts Riverside,US-412,Cardwell,MO,435,3.199,36.04345,-90.290696,city,
3064,3064,PORTS TO PLAINS TRAVEL PLAZA,US-50 & US-287,Lamar,CO,800,3.399,38.084136,-102.619195,city,
3086,3086,SPEEDWAY #4638,US-29,Madison Heights,VA,185,3.49566666,37.453102,-79.114089,city,
3093,3093,RSTORE #4488,US-51,Merrill,WI,395,3.24066666,45.180924,-89.690696,city,
3096,3096,HOBO PANTRY #6,US-431/SR-210,Dothan,AL,20,3.959,31.22323,-85.39049,city,
3118,3118,MOBIL,"I-87, EXIT 42 & US-11",Champlain,NY,39,3.799,44.977292,-73.446603,city,
3128,3128,TA ATLANTA SOUTH TRAVEL CENTER,"I-75, EXIT 201 & SR-36",Jackson,GA,18,3.334,33.282006,-83.978391,city,
3138,3138,TA EXPRESS #6264,"I-70, EXIT 26 & US-50",Grand Junction,CO,800,4.049,39.06387,-108.55065,city,
3139,3139,CHEROKEE TRAVEL MART,"I-40, EXIT 108",Calumet,OK,483,3.10566666,35.594819,-98.189991,city,
3148,3148,YESWAY #1038,US-60 & SR-86,Neosho,MO,307,3.059,36.870634,-94.386218,city,
3155,3155,QUIK MART #18,US-72/SR-157,Tuscumbia,AL,615,3.00733333,34.687432,-87.683259,city,
3163,3163,QUIKTRIP #71,"I-44, EXIT 238",Tulsa,OK,560,3.039,36.15398,-95.99277,city,
3164,3164,QUIKTRIP #102,"I-44, EXIT 222A",Tulsa,OK,560,3.039,36.15398,-95.99277,city,
3165,3165,LOVES TRAVEL STOP #213,"I-35, EXIT 211",Tonkawa,OK,500,3.584,36.68062,-97.30634,city,
3167,3167,JASPER FOOD MART,US-78,Jasper,AL,615,3.229,33.871672,-87.249144,city,
3171,3171,One9 #265,"I-40, EXIT 287 & SR-136",Cookeville,TN,405,3.084,36.16284,-85.50164,city,
3176,3176,BP,US-6 & SR-15,New Paris,IN,365,3.65733333,41.491652,-85.83383,city,
3178,3178,ERNIES FUEL STOP #1605,SR-167,Kent,WA,977,4.599,47.38093,-122.23484,city,
3179,3179,MR FUEL #1020,"I-80 & I-94, EXIT 15B",Lake Station,IN,365,3.56566666,41.568629,-87.262209,city,
3191,3191,BUSY CORNER TRUCK STOP AND MARKET,"I-24, EXIT 105 & US-41/SR-2",Manchester,TN,460,3.049,35.481667,-86.088611,city,
3205,3205,CROSSROADS TRUCK STOP STATION,"I-29 & SR 34, MM 109",Colman,SD,530,3.159,43.955761,-96.818882,city,
3206,3206,PERHAM OASIS,US-10 & SR-78,Perham,MN,250,3.499,46.603106,-95.581763,city,
3215,3215,SHELL TRUCKSTOP,"I-4, EXIT 44",Polk City,FL,225,3.449,28.19867,-81.808282,city,
3216,3216,MAXS #124,"I-24, EXIT 86 & US-41",Oak Grove,KY,460,3.04233333,36.665225,-87.425514,city,
3221,3221,Southern Travel Plaza,"US-67, EXIT 55 & US-64/US-167 & SR-367",Bald Knob,AR,695,3.395,35.311331,-91.550197,city,
3222,3222,POMPANO TRUCK STOP,"I-95, EXIT 36B",Pompano Beach,FL,95,3.759,26.23786,-80.12477,city,
3226,3226,ONE9 #245,"I-81, EXIT 77 & SR-39",Harrisburg,PA,70,3.609,40.2737,-76.88442,city,
3227,3227,MR FUEL DBA ONE9 #64,"I-26 & US-17, EXIT 199",Summerville,SC,42,3.219,33.0185,-80.17565,city,
3230,3230,STRIPES #40815,US-281 & US-285,Falfurrias,TX,625,3.299,27.22416,-98.140844,city,
3264,3264,TA WEST MEMPHIS TRAVEL CENTER,"I-40/US-63, EXIT 260 & SR-149",Earle,AR,435,3.36733333,35.27989,-90.450261,city,
3280,3280,OUTPOST TRUCK STOP,US-85 & US-18/US-20,Lusk,WY,790,3.689,42.765953,-104.465076,city,
3281,3281,AMERICAN TRUCK PLAZA,I-80 EXIT 215 & SR-254,Milton,PA,138,3.799,41.01681,-76.839817,city,
3284,3284,CASEYS #4390,"I-49/US-71, EXIT 77 & US-160",Lamar,MO,416,3.199,37.500221,-94.270253,city,
3297,3297,SAPP BROS TRAVEL CENTER,"I-80, EXIT 370",Cheyenne,WY,795,3.70066666,41.13998,-104.82025,city,
3316,3316,TRUCKOMAT OF N LITTLE ROCK,"I-40, EXIT 161 & SR-391",North Little Rock,AR,695,3.249,34.76954,-92.26709,city,
3326,3326,MIRABITO #61,"I-81, EXIT 32",Central Square,NY,12,4.299,43.308986,-76.184852,city,
3330,3330,TA # 211 GREENLAND TRAVEL CENTER,"I-95, EXIT 3A & US-101",Greenland,NH,34,3.759,43.035294,-70.847476,city,
3349,3349,QUEEN CITY TRUCK STOP,"I-20 & I-59, EXIT150",Meridian,MS,705,2.939,32.36431,-88.70366,city,
3383,3383,E-Express at Central Truck Stop,"I-35, EXIT 137",Oklahoma City,OK,483,2.879,35.46756,-97.51643,city,
3386,3386,LONGMONT TRUCK STOP,"I-25/US-87, EXIT 240 & SR-119",Longmont,CO,800,3.239,40.16721,-105.10193,city,
3401,3401,POPS Mart #333,"I-77, EXIT 48 & SR-200",Winnsboro,SC,46,3.09066666,34.381008,-81.10899,city,
3413,3413,COUNTRY GIRL TRUCK STOP,US-167 & SR-156,Winnfield,LA,590,3.319,31.921389,-92.636646,city,
3415,3415,JAYS EL CHEAPO FUEL STOP,"I-16, EXIT 104",Metter,GA,195,3.249,32.401034,-82.060722,city,
3418,3418,Par Mar Store #164,"I-79, EXIT 105 & CR-7",Jane Lew,WV,165,3.999,39.109989,-80.431059,city,
3421,3421,ERNIES TRUCK STOP,"I-5, EXIT 142",Federal Way,WA,977,4.599,47.32232,-122.31262,city,
3422,3422,PWI #167,"I-10, EXIT 601",Seguin,TX,740,2.889,29.56884,-97.96473,city,
3427,3427,JOHNNYS MARKET,"I-69, EXIT 357",Fremont,IN,465,3.699,41.733125,-84.945247,city,
3432,3432,PILOT TRAVEL CENTERS #34,"I-65, EXIT 201 & US-231",Remington,IN,365,3.684,40.766653,-87.15994,city,
3435,3435,PWI #168,"I-35, EXIT 266 & SR-195",Georgetown,TX,740,2.799,30.63269,-97.67723,city,
3444,3444,Acme Truck Stop,US-441/SR-500,Orlando,FL,140,3.449,28.53834,-81.37924,city,
3460,3460,CHROME TRUCK STOP,US-18 & US-169,Algona,IA,433,3.499,43.065976,-94.230638,city,
3464,3464,BOISE PETROLEUM LLC,"I-84, EXIT 71",Boise,ID,785,3.379,43.6135,-116.20345,city,
3471,3471,MR FUEL DBA ONE9 #72,"I-16, EXIT 160",Savannah,GA,195,3.125666665,32.08354,-81.09983,city,
3475,3475,PILOT TRAVEL CENTERS #56,"I-85, EXIT 63",Kannapolis,NC,46,3.499,35.48736,-80.62173,city,
3477,3477,CIRCLE K #4707404,"I-91, EXIT 7",Springfield,VT,170,3.699,43.303433,-72.477769,city,
3479,3479,FAST MARKET #4550,"I-75/SR-401, EXIT 136 & US-341",Perry,GA,85,3.099,32.45821,-83.73157,city,
3493,3493,CIRCLE K #2723675,"I-75, EXIT 290 & SR-20",Cartersville,GA,18,3.08566666,34.16533,-84.80231,city,
3519,3519,PILOT TRAVEL CENTERS #431,"I-10, EXIT 873",Orange,TX,610,3.309,30.09299,-93.73655,city,
3522,3522,SUNMART #308,US-59,Livingston,TX,610,2.859,30.718018,-94.935278,city,
3526,3526,JOE STOP 99,"I-75, EXIT 99 & SR-119",Anna,OH,411,3.064,40.405105,-84.210344,city,
3530,3530,SPARKYS ONE STOP #22,"I-35, EXIT 111B & US-30",Jefferson,IA,320,3.23233333,42.009325,-94.388768,city,
3536,3536,PETRO STOPPING CENTER #307,I-40 EAST & S LAKESIDE Dr,Amarillo,TX,585,3.279,35.222,-101.8313,city,
3539,3539,Bigs 211,"I-10, EXIT 620 & SR-123",Seguin,TX,740,3.099,29.56884,-97.96473,city,
3545,3545,STOCKMENS TRUCK PLAZA,"I-494, EXIT 64A",South Saint Paul,MN,450,3.499,44.89274,-93.03494,city,
3580,3580,STINKER I 80 TRAVEL PLAZA,"I-80, EXIT 221 & SR-76",Sinclair,WY,838,3.759,41.779741,-107.109083,city,
3585,3585,CHEVRON,"I-80, EXIT 129",Lovelock,NV,966,3.499,40.1819,-118.468915,city,
3588,3588,BINGO TRUCK STOP,"I-10, EXIT 829 & SR-124",Winnie,TX,610,2.999,29.815676,-94.339499,city,
3592,3592,TA BRIDGER TRAVEL CENTER #188,"I-80, EXIT 30 & CR-202",Fort Bridger,WY,835,3.71566666,41.28282,-110.347428,city,
3593,3593,TA Parowan Travel Center,"I-15, EXIT 78",Parowan,UT,910,3.70566666,37.844861,-112.832251,city,
3605,3605,SPEEDYS #6,"I-35, EXIT 33",Saint Joseph,MO,400,3.169,39.76861,-94.84663,city,
3608,3608,FUEL MART #787,"I-57, EXIT 212 & US-36",Tuscola,IL,280,3.199,39.799509,-88.281585,city,
3614,3614,PILOT TRAVEL CENTERS #35,"I-80/90, EXIT 72 & US-31",South Bend,IN,465,3.799,41.68338,-86.25001,city,
3616,3616,PILOT TRAVEL CENTERS #15,"I-75, EXIT 210",Toledo,OH,550,3.77233333,41.66394,-83.55521,city,
3619,3619,ROAD RANGER #141,"I-70, EXIT 23",Brazil,IN,375,3.659,39.521041,-87.127767,city,
3620,3620,One9 #16,"I-71 & US-68, EXIT 50",Wilmington,OH,315,3.14233333,39.448788,-83.841653,city,
3645,3645,SNOW SHOE TRAVEL PLAZA,"I-80, EXIT 147 & SR-144",Snow Shoe,PA,14,3.469,41.037581,-77.95228,city,
3678,3678,TIMES MARKET #299,US-281 BUS,Alice,TX,625,3.099,27.75225,-98.06972,city,
3688,3688,SPEEDWAY #2314,"I-94, EXIT 243 & SR-29",New Baltimore,MI,342,3.569,42.675344,-82.780102,city,
3692,3692,CHARLOTTE TRAVEL PLAZA,"I-77, EXIT 16B",Charlotte,NC,46,3.53233333,35.22709,-80.84313,city,
3699,3699,WARREN TRAVEL PLAZA,"I-69, EXIT 278 & SR-5",Warren,IN,375,3.399,40.688646,-85.418337,city,
3702,3702,BEARS DEN TRADING POST #101,ST 37 11 MI E OF MASSENA,Hogansburg,NY,39,3.649,44.982511,-74.662649,city,
3707,3707,SPEEDWAY #4704,"I-90, EXIT 154",Albert Lea,MN,425,3.299,43.64801,-93.36827,city,
3718,3718,SPEEDWAY #4706,"I-90, EXIT 265",Chamberlain,SD,455,3.299,43.795295,-99.311819,city,
3719,3719,KEYSTONE TRUCK STOP,US-22 & SR-164,Loretto,PA,14,3.999,40.510484,-78.629357,city,
3725,3725,GENEVA TRUCK STOP,"I-79, EXIT 35/141",Cochranton,PA,240,3.81566666,41.520487,-80.057269,city,
3728,3728,PLAZA 23 TRUCK STOP,"I-787, EXIT 2",Albany,NY,12,3.799,42.65258,-73.75623,city,
3737,3737,JORDAN'S KWIK STOP #70,US-49,West Helena,AR,435,3.399,34.549635,-90.654531,city,
3745,3745,PILOT TRAVEL CENTER #906-TOWN PUMP,"I-90, EXIT 408 & SR-78",Columbus,MT,780,3.58066666,45.626171,-109.257126,city,
3759,3759,EXXON,US-67 & SR-18,Newport,AR,695,4.13233333,35.598823,-91.257064,city,
3767,3767,SIMMONS TRAVEL CENTER,"I-95, EXIT 8 & US-301",Emporia,VA,180,3.099,36.685689,-77.562953,city,
3772,3772,Brake Time Corner Market,"I-25, EXIT 240",Burlington,CO,800,3.499,39.310649,-102.258281,city,
3774,3774,SINCLAIR,"I-70, EXIT 438",Burlington,CO,796,3.889,39.310649,-102.258281,city,
3781,3781,REATTA TRAVEL STOP,"I-76, EXIT 149 & SR-55/CR-81",Crook,CO,475,3.38233333,40.874743,-102.847174,city,
3783,3783,CIRCLE K #2744095,"I-25, EXIT 215",Denver,CO,800,3.299,39.73915,-104.9847,city,
3794,3794,SPEEDWAY #4701,"I-90, EXIT 73",Jackson,MN,425,3.299,43.645732,-94.993827,city,
3817,3817,FAST MARKET,"I-25, EXIT 158",Colorado Springs,CO,803,3.159,38.83388,-104.82136,city,
3843,3843,ONCUE EXPRESS #61,"I-35, EXIT 185 & US-77",Perry,OK,500,3.21566666,36.287468,-97.284175,city,
3868,3868,SHORE STOP #279,US-13,Greenwood,DE,194,3.249,38.817519,-75.593547,city,
3888,3888,Fics Plaza,"I-90, EXIT 184",Deer Lodge,MT,816,3.519,46.38807,-112.747589,city,
3889,3889,CIRCLE K #2701686,"I-75, EXIT 220",Bradenton,FL,225,3.439,27.49893,-82.57482,city,
3907,3907,SUNOCO,US-46 & SR-93,Palisades Park,NJ,105,3.279,40.84816,-73.99764,city,
3908,3908,SEMINOLE TRUCK STOP,"I-75, EXIT 354",Fort Lauderdale,FL,95,3.699,26.12231,-80.14338,city,
3927,3927,MICCOSUKEE SERVICE PLAZA,"I-75, EXIT 49 & SR-84",Fort Lauderdale,FL,95,3.66566666,26.12231,-80.14338,city,
3936,3936,Uncle Petes Truck Stop,"I-40, EXIT 239 & US-70/SR-26",Lebanon,TN,460,2.989,36.20811,-86.2911,city,
3946,3946,Fast Lane,US-24 & US-63,Moberly,MO,310,3.469,39.420239,-92.435793,city,
3949,3949,SUNSTOP #337,"I-10/SR-8, EXIT 303 & US-441",Lake City,FL,75,3.699,30.0949,-82.7117,city,
3956,3956,CIRCLE K #2707451,US-27/SR-25 & SR-70,Lake Placid,FL,225,3.399,27.294474,-81.364918,city,
3964,3964,SPEEDWAY #6604,"I-94, EXIT 66",Mattawan,MI,465,3.494,42.245069,-85.794281,city,
3970,3970,EXXON - Pilot #1293,"I-30, EXIT 61",Garland,TX,630,2.84233333,32.91262,-96.63888,city,
3973,3973,LOVES TRAVEL STOP #205,"I-35 & I-44, EXIT 137",Oklahoma City,OK,483,3.319,35.46756,-97.51643,city,
3974,3974,LOVES TRAVEL STOP #201,I-40 EXIT 41,Elk City,OK,483,3.12566666,35.410359,-99.421086,city,
3975,3975,SUNSTOP #334,"I-10, EXIT 335 & SR-121",Macclenny,FL,75,3.459,30.273671,-82.132475,city,
3979,3979,PETRO GARY 369,"I-80 & I-94, EXIT 9",Gary,IN,365,3.83066666,41.59337,-87.34643,city,
4006,4006,MISSILE MART #1,US-167 & SR-7,El Dorado,AR,635,3.499,33.20763,-92.66627,city,
4008,4008,BALDWIN TRAVEL PLAZA,"I-94, EXIT 19 & US HWY 63",Baldwin,WI,295,3.503,44.9657,-92.365498,city,
4025,4025,BP,"I-85, EXIT 21 & US-178",Anderson,SC,30,2.909,34.50344,-82.65013,city,
4035,4035,PILOT TRAVEL CENTERS #430,"I-40, EXIT 84",Russellville,AR,695,3.387,35.27842,-93.13379,city,
4062,4062,DUDLEYS TRUCK STOP RESTAURANT,US-220,Rocky Mount,VA,185,3.299,36.989101,-79.883959,city,
4063,4063,STUCKEY'S,"I-59, EXIT 67 & US-49",Hattiesburg,MS,620,2.999,31.32712,-89.29034,city,
4080,4080,SHELL DBA PILOT DEALER #874,US-41,Miami,FL,176,3.699,25.77427,-80.19366,city,
4101,4101,E-Z MART #4411,HIGHWAY 69 & COBBLESTONE DR,Pryor,OK,560,3.099,36.292112,-95.312942,city,
4113,4113,ASAP GENERAL STORE #330,US-412/SR-15,Enid,OK,500,3.08233333,36.39559,-97.87839,city,
4115,4115,QUIKTRIP #707,"I-85 , EXIT 96",Atlanta,GA,18,3.34066666,33.749,-84.38798,city,
4119,4119,JET FOOD STORE #82,US-441 & CR-13,Douglas,GA,10,3.44066666,31.497287,-82.846468,city,
4156,4156,PETRO STOPPING CENTER #305,"I-10, EXIT 582",San Antonio,TX,740,3.20733333,29.42412,-98.49363,city,
4161,4161,EL CHEAPO,I-95 & EXIT 76,Midway,GA,195,3.52566666,31.801803,-81.390897,city,
4164,4164,CIRCLE K #2723897,"I-75, EXIT 138",Thomasville,GA,20,3.23566666,30.83658,-83.97878,city,
4169,4169,TA KINGMAN TRAVEL CENTER,"I-40, EXIT 48 & US-93",Kingman,AZ,910,3.899,35.18944,-114.05301,city,
4171,4171,PETRO SERVE USA #11,US-2 & US-71,Bemidji,MN,355,3.499,47.488071,-94.848809,city,
4172,4172,FLYING J TRAVEL PLAZA #639,"I-90, EXIT 2",Post Falls,ID,970,3.76233333,47.71796,-116.95159,city,
4179,4179,CIRCLE K #2705352,"I-95/SR-405, EXIT 109 & SR-30/SR-21",Port Wentworth,GA,195,3.099,,,,
4187,4187,FLYING J TRAVEL PLAZA #632,"I-75, EXIT 320",Resaca,GA,285,3.29566666,34.591996,-84.916251,city,
4193,4193,TIGER MART #63,"I-20, EXIT 454",Grand Prairie,TX,630,3.599,32.74596,-96.99778,city,
4199,4199,PWI #574,"I-70, EXIT 193/US-40",Bunker Hill,KS,357,2.959,38.835704,-98.678285,city,
4204,4204,PILOT TRAVEL CENTERS #415,"I-59, EXIT 4",Rising Fawn,GA,285,3.839,34.853491,-85.471078,city,
4211,4211,FLYING J #513,"I-15, EXIT 1",Jean,NV,910,3.73233333,35.854839,-115.469154,city,
4220,4220,KENNETT TRUCK STOP,"I-275, EXIT 16",Lawrenceburg,IN,300,3.424,39.140123,-84.865819,city,
4222,4222,Circle K #4703906,"I-24, EXIT 24 & SR-49",Pleasant View,TN,460,2.899,36.378281,-87.03948,city,
4223,4223,TA PEMBROKE TRAVEL CENTER,"I-90, EXIT 48A",Corfu,NY,38,3.864,42.977734,-78.392906,city,
4227,4227,LOVES TRAVEL STOP #203,"I-40, EXIT 140",Oklahoma City,OK,483,3.35566666,35.46756,-97.51643,city,
4233,4233,QUIKTRIP #7220,"I-20, EXIT 8",Shreveport,LA,745,2.89233333,32.52515,-93.75018,city,
4239,4239,SPEEDWAY #8256,"I-64, EXIT 94 & SR-1958 & US-60",Winchester,KY,410,2.92233333,37.99008,-84.17965,city,
4241,4241,EXXON,"I-285, EXIT 53",Conley,GA,18,3.999,33.644722,-84.325833,city,
4267,4267,CONOCO,US-30 & SR-41,Gap,PA,160,3.799,40.002018,-75.997801,city,
4292,4292,KUM & GO #0032,"I-80/US-6, EXIT 155 & SR-117",Colfax,IA,320,3.08233333,41.678785,-93.258816,city,
4301,4301,TIGER DISCOUNT TRUCKSTOP,"I-94, EXIT 64 & I-94 BUS",Dickinson,ND,807,3.51566666,46.87918,-102.78962,city,
4311,4311,Saveway Truck Plaza,"I-65, EXIT 164 & US-31",Hope Hull,AL,720,3.139,32.224256,-86.393189,city,
4331,4331,KWIK STOP C STORES,US-61/US-151,Dubuque,IA,335,3.559,42.50056,-90.66457,city,
4332,4332,PILOT TRAVEL CENTERS #468,"I-57, EXIT 283 & US-24",Gilman,IL,280,3.449,40.767987,-87.993336,city,
4335,4335,HIGHWAY 20 AUTO TRUCK PLAZA,US-20,Peosta,IA,335,3.489,42.443535,-90.809372,city,
4339,4339,ROAD RANGER #273,I-69E/US-77 & SR-107,Combes,TX,639,3.049,26.248333,-97.733611,city,
4349,4349,ROAD RANGER #144,"I-380, EXIT 68US-20, EXIT 68",Evansdale,IA,565,3.729,42.475453,-92.281158,city,
4363,4363,EL CHEAPO #4,"I-95, EXIT 87",Richmond Hill,GA,195,3.09566666,31.896152,-81.294026,city,
4368,4368,HOODS SERVICE CENTER,"I-44, EXIT 61",Bois D Arc,MO,535,3.074,37.221417,-93.544722,city,
4372,4372,GRADYS TRUCKSTOP,"I-16, EXIT 111",Pulaski,GA,195,3.46566666,32.39,-81.956944,city,
4373,4373,KUM & GO #0043,"I-35, EXIT 43 & SR-207/CRG76",New Virginia,IA,320,3.114,41.160063,-93.711312,city,
4389,4389,TAYLOR QUIK-PIK,"I-29, EXIT 75 & US-30",Missouri Valley,IA,486,3.399,41.564399,-95.891346,city,
4395,4395,BREAK TIME #3147,"I-55, EXIT 67 & US-62",Sikeston,MO,275,3.499,36.87672,-89.58786,city,
4417,4417,TA MORIARITY TRAVEL CENTER,"I-40, EXIT 194",Moriarty,NM,580,3.21733333,34.988878,-106.060871,city,
4419,4419,CASEYS #3081,"I-35, EXIT 92 & US-136",Bethany,MO,400,3.06066666,40.260055,-94.018863,city,
4427,4427,CASEYS #2654,"I-80/US-6, EXIT 93 & CR-P28",Stuart,IA,320,3.099,41.518643,-94.304563,city,
4431,4431,CASEYS #2653,"US-63 & US-30, EXIT 202",Toledo,IA,320,3.349,42.007696,-92.566206,city,
4437,4437,UNDERWOOD TRUCK STOP I 80,"I-80, EXIT 17",Underwood,IA,319,3.00066666,41.360294,-95.626997,city,
4441,4441,PILOT TRAVEL CENTERS #51,"I-81 BAILEYTON RD, EXIT 36",Greeneville,TN,405,3.56233333,36.16316,-82.83099,city,
4442,4442,Minuteman Food Mart #58,US-74/US-76,Delco,NC,245,3.50733333,34.327419,-78.19169,city,
4445,4445,TA Rogers,"I-94/US-52, EXIT 207 & SR-101",Rogers,MN,448,3.274,45.171484,-93.581445,city,
4446,4446,LOVES TRAVEL STOP #200,I-40 EXIT 74,Amarillo,TX,585,3.209,35.222,-101.8313,city,
4451,4451,PRAIRIE JUNCTION TRUCK STOP,"I-29, EXIT 109 & SR-34",Colman,SD,530,3.099,43.955761,-96.818882,city,
4452,4452,CASEYS #2867,US-63 & US-20,Waterloo,IA,380,3.499,42.49276,-92.34296,city,
4458,4458,KUM & GO #1443,"I-80, EXIT 216",Williamsburg,IA,380,3.13066666,41.639308,-92.024011,city,
4460,4460,EXIT 62 TRUCKSTOP,"I-71, EXIT 62 & US-127",Glencoe,KY,415,3.16566666,38.722946,-84.811552,city,
4463,4463,QUIKTRIP #7901,"I-20, EXIT 556 & US-69",Lindale,TX,710,2.80733333,32.517152,-95.429932,city,
4482,4482,FLYING J TRAVEL PLAZA #777,"I-84, EXIT 54(FEDERAL WAY)",Boise,ID,785,3.78733333,43.6135,-116.20345,city,
4492,4492,3 MILE CORNER TRUCK STOP,US-2 & US-95,Bonners Ferry,ID,970,3.734,48.730642,-116.332178,city,
4525,4525,STINKER #42,US-12/US-95 & SR-128,Lewiston,ID,970,3.69733333,46.41655,-117.01766,city,
4528,4528,WENATCHEE VALLEY TRUCK STOP,US-97 ALT,Wenatchee,WA,920,4.119,47.42346,-120.31035,city,
4533,4533,SPEEDWAY #1449,"I-65, EXIT 262B",Birmingham,AL,615,2.97566666,33.52066,-86.80249,city,
4544,4544,BIG CHARLIES TRUCK PLAZA,"I-64, EXIT 282 & US-13",Virginia Beach,VA,130,3.489,36.85293,-75.97799,city,
4555,4555,PILOT TRAVEL CENTERS #406,"I-65, EXIT 22 & US-31A/SR-11",Cornersville,TN,460,3.799,35.34088,-86.82862,city,
4560,4560,FAST STOP TRAVEL CENTERS #1109,"I-15, EXIT 392",Plymouth,UT,835,3.58233333,41.875556,-112.143333,city,
4563,4563,PILOT TRAVEL CENTERS #299,"I-55/I-74/US-51, EXIT 160 & US-150/SR-9",Bloomington,IL,280,3.499,40.4842,-88.99369,city,
4568,4568,ONVO TRAVEL PLAZA,"I-90, EXIT 28",Fultonville,NY,12,3.179,42.903601,-74.359765,city,
4569,4569,METROPOLIS TRUCK STOP,"I-24, EXIT 37 & US-45",Metropolis,IL,490,3.599,37.175348,-88.725179,city,
4574,4574,Circle K #4701432,"I-74, EXIT 174",Mahomet,IL,280,3.669,40.196437,-88.39283,city,
4582,4582,BIG CHIEF TRUCK STOP,"I-94/US-52, EXIT 61 & US-59/CR-82",Fergus Falls,MN,250,3.23566666,46.289723,-96.064338,city,
4605,4605,PILOT DEALER #898 SADLERS TRUCK STOP,"I-95, EXIT 11B & US-58",Emporia,VA,180,3.799,36.685689,-77.562953,city,
4618,4618,OUTPOST TRAVEL CENTER,"I-20, EXIT 5 & US-80",Greenwood,LA,745,2.899,32.424025,-93.969252,city,
4620,4620,PILOT TRAVEL CENTERS #95,"I-75, EXIT 329 & SR-44",Wildwood,FL,225,3.27233333,28.845353,-82.03473,city,
4622,4622,TA LEE HI TRAVEL PLAZA,"I-81, EXIT 195",Lexington,VA,185,3.659,37.788463,-79.458111,city,
4628,4628,QUARLES #4601,US-29/US-17/US-15,Warrenton,VA,60,3.32233333,38.7063,-77.8159,city,
4637,4637,THORNTONS #369 DBA PILOT TRAVEL CENTER #514,"I-55, EXIT 126 & SR-10",Lincoln,IL,318,3.449,40.14508,-89.368376,city,
4642,4642,MARSHAL JUNCTION,"I-70, EXIT 147 & SR-1",Marshall,IL,510,3.299,39.421999,-87.692261,city,
4644,4644,CIRCLE K #4706703,"I-80, EXIT 145A",Mokena,IL,290,3.369,41.52614,-87.88922,city,
4654,4654,7-ELEVEN #35087,"I-490, EXIT 2 & SR-33 & SR-19",Bergen,NY,190,4.029,43.086937,-77.96033,city,
4655,4655,QUICKLEES TRAVEL CENTER,"I-86, EXIT 30 & CR-20",Belmont,NY,190,3.999,42.233409,-78.01103,city,
4690,4690,PWI #401,"I-20 & I-30, EXIT 1B",Aledo,TX,630,2.799,32.700351,-97.603885,city,
4700,4700,A C TRUCKSTOP,"I-80, EXIT 290",Laramie,WY,795,3.079,41.31137,-105.5911,city,
4704,4704,THE RIDGE,"I-68/US-219, EXIT 14 & US-40",Accident,MD,165,4.199,39.635504,-79.308467,city,
4707,4707,SMITHTON TRUCKSTOP,"I-70, EXIT 39 & SR-3059",Smithton,PA,165,3.899,40.144267,-79.731277,city,
4729,4729,MINIT MART #600244,"I-70, EXIT 131",Straughn,IN,457,3.859,39.831946,-85.272406,city,
4742,4742,FLYING J TRAVEL PLAZA #684,"I-94, EXIT 1 & SR-16",Beach,ND,807,3.96566666,46.932381,-103.98429,city,
4750,4750,BROOKE TRAVEL PLAZA,"I-80, EXIT 259",West Liberty,IA,380,2.98733333,41.570055,-91.266847,city,
4762,4762,TA MONROE TRAVEL CENTER,"I-75, EXIT 15",Monroe,MI,325,3.324,41.91643,-83.39771,city,
4806,4806,TRACK AND TRAVEL,"I-20, EXIT 406",Weatherford,TX,630,2.91733333,32.7593,-97.79725,city,
4818,4818,PILOT TRAVEL CENTERS #350,"I-84 & US-20, EXIT 95",Mountain Home,ID,785,3.779,43.139223,-115.696334,city,
4819,4819,Alta Convenience #6333,"I-25, EXIT 11",Trinidad,CO,803,3.399,37.175475,-104.500715,city,
4826,4826,I-20 Truck Stop,"I-20, EXIT 165",Lincoln,AL,615,2.999,33.605913,-86.111152,city,
4827,4827,PETRO BEAUMONT #304,"I-10, EXIT 848",Beaumont,TX,610,3.33066666,30.08605,-94.10185,city,
4837,4837,SHELL,US-10 & SR-210,Motley,MN,522,3.399,46.321568,-94.628086,city,
4856,4856,PILOT TRAVEL CENTER #910- TOWN PUMP,"I-90, EXIT 274 & US-287",Three Forks,MT,786,3.59733333,45.881068,-111.543643,city,
4858,4858,PILOT TRAVEL CENTER #1346,"I-135, EXIT 31",Newton,KS,570,3.36025,38.04668,-97.34504,city,
4860,4860,PILOT TRAVEL CENTERS #476,"I-74, EXIT 32 & SR-17",Woodhull,IL,270,3.899,41.184887,-90.283282,city,
4872,4872,TA COMMERCE TRAVEL CENTER,"I-85, EXIT 149 & US-441",Commerce,GA,16,3.21566666,34.213413,-83.448011,city,
4874,4874,PWI #110,"I-20, EXIT 112 & FM-1936",Odessa,TX,710,3.049,31.84568,-102.36764,city,
4878,4878,SHELL DBA ONE9 #1426,"I-84, EXIT 35",Nampa,ID,785,3.374,43.54072,-116.56346,city,
4881,4881,PETRO STOPPING CENTER #14,"I-295, EXIT 56",Bordentown,NJ,230,4.029,40.143141,-74.703249,city,
4885,4885,LOVES TRAVEL STOP #384,"I-70, EXIT 45",Greenville,IL,540,3.689,38.893338,-89.405185,city,
4887,4887,SUNOCO,"I-80 & I-90, EXIT 3",Wauseon,OH,550,3.699,41.566796,-84.153745,city,
4894,4894,CLOVERDALE TRAVEL PLAZA,"I-70, EXIT 41 & US-231",Cloverdale,IN,375,3.699,39.543442,-86.814021,city,
4905,4905,HY-MILER #2204,SR-250,Sandusky,OH,550,3.53233333,41.44894,-82.70796,city,
4909,4909,CIRCLE K #2723916,US-441/US-301/US/27/SR-500,Ocala,FL,140,3.459,29.1872,-82.14009,city,
4910,4910,PILOT TRAVEL CENTER #892,"I-70 EXIT 164, & US-50",Green River,UT,835,3.68566666,39.000243,-110.159817,city,
4918,4918,PILOT TRAVEL CENTERS #219,"I-40, EXIT 398",Knoxville,TN,405,3.699,35.96064,-83.92074,city,
4920,4920,TA LAPLACE,"I-10, EXIT 209 & US-5",La Place,LA,600,3.22733333,30.077718,-90.489544,city,
4921,4921,PILOT TRAVEL CENTERS #231,"I-75, EXIT 29",Corbin,KY,410,3.609,36.934429,-84.10208,city,
4927,4927,CIRCLE K #2704886,"I-65, EXIT 205 & US-31/SR-22",Clanton,AL,720,3.20733333,32.835532,-86.642472,city,
4933,4933,VILLAGE TRUCK STOP,"I-81, EXIT 18",Rural Retreat,VA,185,3.299,36.883616,-81.287872,city,
4977,4977,KWIK TRIP #331,SR-54,Wisconsin Rapids,WI,395,3.26233333,44.38358,-89.81735,city,
4981,4981,JOHNNYS MARKET,"I-94, EXIT 110 & US-27",Marshall,MI,385,3.499,42.272047,-84.95828,city,
4983,4983,KWIK TRIP #603,"I-94, EXIT 28 & SR-128",Wilson,WI,451,3.549,44.94658,-92.196538,city,
4996,4996,ZIP TRIP #54,"I-90, EXIT 452",Billings,MT,780,3.59066666,45.78329,-108.50069,city,
5003,5003,TRAILWAY TRUCK STOP,US-301/SR-304,Centreville,MD,22,3.259,39.056423,-76.044975,city,
5006,5006,SUNOCO,US-1/US-9,Linden,NJ,79,3.799,40.62205,-74.24459,city,
5024,5024,I 55 MOTOR PLAZA,"I-55, EXIT 180",Pevely,MO,540,2.99066666,38.279911,-90.411075,city,
5030,5030,YESWAY #1030,US-63 & E MARY ST,Ottumwa,IA,320,3.399,41.02001,-92.4113,city,
5044,5044,TA MOUNT VERNON TRAVEL CENTER,"I-44, EXIT 46 & SR-39/SR265",Mount Vernon,MO,535,3.409,37.104466,-93.797632,city,
5050,5050,ROCK PORT TRUCK PLAZA,"I-29 & US-136, EXIT 110",Rock Port,MO,400,3.099,40.430581,-95.527403,city,
5056,5056,TREX MART #16,"I-35, EXIT, 61 & US-69",Winston,MO,276,3.119,39.84995,-94.148747,city,
5057,5057,PHILLIPS 66,"I-35, EXIT 54 & I-35 BUS/US-36",Cameron,MO,276,3.099,39.730892,-94.243723,city,
5060,5060,CRAZY FREDS TRUCK SHOP,"I-40, EXIT 44 & US-66",Kingman,AZ,910,3.539,35.18944,-114.05301,city,
5064,5064,CLARK OIL #44,"I-59, EXIT 97",Laurel,MS,620,2.879,31.69405,-89.13061,city,
5079,5079,FASTLANE TAYLOR 63,US-61 & SR-6,Taylor,MO,494,3.01566666,39.914486,-91.527834,city,
5085,5085,K AN T TRUCKSTOP,"I-79, EXIT 137 & SR-310",Fairmont,WV,165,3.399,39.48508,-80.14258,city,
5111,5111,CIRCLE K #2723385,"I-59, EXIT 67 & US-49/SR-42",Hattiesburg,MS,620,3.149,31.32712,-89.29034,city,
5117,5117,CIRCLE K #4702361,"I-65, EXIT 130 & SR-334",Whitestown,IN,375,3.29233333,40.00002,-86.350716,city,
5128,5128,CASEYS #2769,"I-80, EXIT 220 & SR-149",Williamsburg,IA,380,3.14233333,41.639308,-92.024011,city,
5131,5131,TRAILS END TRUCK STOP,"I-29, EXIT 110 & US-136",Rock Port,MO,486,3.40566666,40.430581,-95.527403,city,
5132,5132,Travel Centers of America,"I-44, EXIT 208 & SR-19",Cuba,MO,574,3.26566666,38.092553,-91.40814,city,
5160,5160,FUEL MART #727,"I-70, EXIT 193",Quaker City,OH,249,3.16566666,39.986576,-81.289883,city,
5163,5163,Blue Sky #733,"US-78, EXIT 81 & SR-178",Belden,MS,742,2.939,34.278663,-88.816011,city,
5165,5165,ONE9 #046,"I-65, EXIT 6 & SR-100",Franklin,KY,415,3.08566666,36.725353,-86.570043,city,
5167,5167,SPEEDWAY #7575,"I-65, EXIT 255",Hobart,IN,290,3.63233333,41.53226,-87.25504,city,
5170,5170,FLYING J #516,"I-76, EXIT 161 & I-70",Breezewood,PA,14,5.099,39.990521,-78.245271,city,
5183,5183,PETRO STOPPING CENTER #74,I-95 & EXIT 106,Kenly,NC,205,3.709,35.607742,-78.138227,city,
5191,5191,NORTH POINT PLAZA,"I-90 & I-94, EXIT 115",Poynette,WI,420,3.17233333,43.401342,-89.418857,city,
5202,5202,Chevron #306185,US-30,Montpelier,ID,825,3.699,42.35199,-111.31946,city,
5203,5203,OASIS TRAVEL CENTER,"I-10, EXIT 53",Robertsdale,AL,715,3.469,30.561608,-87.637268,city,
5207,5207,JJ TRAVEL PLAZA,"I-70, EXIT 70 & US-83",Oakley,KS,525,3.61566666,39.112102,-100.858048,city,
5227,5227,PILOT TRAVEL CENTERS #900,"I-95, EXIT 75",Dunn,NC,205,3.709,35.316511,-78.615079,city,
5230,5230,ONE9 #496,"I-80, EXIT 265",Atalissa,IA,270,3.01566666,41.561443,-91.174764,city,
5232,5232,CM EUNICE,US-190,Eunice,LA,730,3.399,30.51158,-92.398474,city,
5234,5234,SINCLAIR,SR-37,Monett,MO,277,3.29066666,36.921242,-93.925766,city,
5236,5236,FLYING J #875,"I-95, EXIT 109",Elkton,MD,243,4.199,39.60678,-75.83327,city,
5245,5245,CASEYS #3842,US-36 & US-283,Norton,KS,357,3.15733333,39.840706,-99.887832,city,
5247,5247,EDGERTON TRAVEL PLAZA,"I-90, EXIT 160 & US-51",Edgerton,WI,420,3.199,42.838605,-89.064157,city,
5249,5249,Taylor's Stateline Travel Center,US-67 & SR-278,Neelyville,MO,275,2.999,36.571005,-90.499491,city,
5254,5254,TA CANDLER TRAVEL CENTER,"I-40, EXIT 37",Candler,NC,210,3.799,35.537626,-82.700081,city,
5255,5255,7-ELEVEN #35788,"I-35, EXIT 215",Olathe,KS,400,3.339,38.8814,-94.81913,city,
5258,5258,PT TRUCK STOP,"I-12, EXIT 42",Hammond,LA,623,3.249,30.50463,-90.46293,city,
5282,5282,CASEYS #3548,US-54 & US-61,Pratt,KS,357,3.14066666,37.650219,-98.73003,city,
5285,5285,TULLO TRUCK STOP,"I-95, EXIT 15E & US-1/US-9",Kearny,NJ,79,3.799,40.76843,-74.14542,city,
5297,5297,ERNIES TRUCK STOP,"I-90, EXIT 179 & I-90 BUS/SR-17",Moses Lake,WA,920,3.999,47.13014,-119.27808,city,
5299,5299,Sudden Service #62,"I-65, EXIT 6 & SR-100",Franklin,KY,460,3.084,36.725353,-86.570043,city,
5302,5302,ONE9 #258,"I-81, EXIT 150 & US-220 ALT & US-11",Troutville,VA,185,3.03233333,37.401855,-79.878636,city,
5306,5306,PILOT TRAVEL CENTERS #11,"I-76, EXIT 232",North Lima,OH,573,3.799,40.964866,-80.654911,city,
5309,5309,NEWBORN TRUCK STOP,I-20 EXIT 5,Tallapoosa,GA,48,3.40733333,33.760174,-85.300047,city,
5310,5310,FLYING J #576,"I-35, EXIT 69",Northfield,MN,515,3.859,44.4583,-93.1616,city,
5324,5324,HY-MILER #2245,SR-53,Fremont,OH,550,3.38233333,41.35033,-83.12186,city,
5341,5341,KWIK STAR #1160,"US-75, EXIT 118 & SR-3",Le Mars,IA,408,3.299,42.79623,-96.170386,city,
5349,5349,JET FOOD STORE #17,US-1/SR=4/SR-540 & US-220/SR-47,Wrens,GA,135,3.41566666,33.210397,-82.380962,city,
5363,5363,SPEEDWAY #6767,"I-75, EXIT 20",Manheim,PA,70,4.499,40.170229,-76.416794,city,
5389,5389,FLYING J TRAVEL PLAZA #744,"I-15, EXIT 343",Ogden,UT,835,3.749,41.223,-111.97383,city,
5391,5391,PWI #605,"I-10, EXIT 378",San Simon,AZ,640,2.959,32.208167,-109.367152,city,
5399,5399,FLYING J TRAVEL PLAZA #750,"I-81 & I-77, EXIT 80",Max Meadows,VA,185,3.549,36.91708,-80.921391,city,
5407,5407,CASEYS #4535,US 81,Concordia,KS,570,2.91233333,39.559427,-97.662735,city,
5414,5414,Pride Travel Center dba One9 #1216,"I-10 ,EXIT 200 & SR-84",Eloy,AZ,930,3.199,32.7559,-111.55484,city,
5419,5419,USA TRAVEL CENTER,"I-40, EXIT 48 & US-93",Kingman,AZ,910,3.399,35.18944,-114.05301,city,
5422,5422,K AND H TRUCK PLAZA,"I-57, EXIT 283 & US-24",Gilman,IL,290,3.129,40.767987,-87.993336,city,
5424,5424,WK TRUCK STOP,"US-231 & SR-9001, EXIT 75",Beaver Dam,KY,340,3.399,37.386958,-86.872932,city,
5435,5435,MEADE AUTO AND TRUCK PLAZA,US-54,Meade,KS,525,3.799,37.282137,-100.336378,city,
5436,5436,PARKWAY MARATHON,"US-79, EXIT 94",Caneyville,KY,415,3.73233333,37.422168,-86.470207,city,
5446,5446,PETRO STOPPING CENTER #308,"I-20, EXIT 8 & SR-526",Shreveport,LA,745,3.17566666,32.52515,-93.75018,city,
5462,5462,BOOZER KWIK STOP,"I-15, EXIT 118",Idaho Falls,ID,825,3.44733333,43.46658,-112.03414,city,
5464,5464,PILOT TRAVEL CENTERS #48,"I-65, EXIT 86",Glendale,KY,415,3.609,37.603398,-85.892101,city,
5474,5474,One9 #88,"I-95/SR-9, EXIT 201 & SR-520",Cocoa,FL,143,3.37566666,28.38612,-80.742,city,
5477,5477,CHEVRON #383766,"I-5, EXIT 216",Halsey,OR,935,3.099,44.386151,-123.125103,city,
5479,5479,PILOT TRAVEL CENTERS #94,"I-75, EXIT 161",Punta Gorda,FL,225,3.799,26.92978,-82.04537,city,
5491,5491,49ER FUEL CENTER,"I-75, EXIT 49",East Bernstadt,KY,410,2.999,37.190779,-84.145676,city,
5492,5492,BFS FOODS #68,"I-70, EXIT 3",Hancock,MD,22,4.129,39.699083,-78.176246,city,
5522,5522,ONE9 #301,"I-55, EXIT 40",Marston,MO,275,3.109,36.508448,-89.628819,city,
5523,5523,TA LIMON TRAVEL CENTER,"I-70, EXIT 359 & US-24",Limon,CO,800,3.92066666,39.263889,-103.691667,city,
5529,5529,FLYING J #549,"I-77, EXIT 100 & 101",Mount Airy,NC,65,3.599,36.500739,-80.611871,city,
5537,5537,HUCKS TRAVEL CENTER #51 DBA FLYING J #889,"I-57/I-64, EXIT 95 & SR-15",Mount Vernon,IL,574,3.459,38.31727,-88.90312,city,
5554,5554,Southfork TRUCK STOP,"I-30, EXIT 63 & SR-53",Gurdon,AR,635,3.459,33.912493,-93.141691,city,
5560,5560,MIDWAY TRAVEL PLAZA,I-70 EXIT 121 & US-40,Columbia,MO,310,3.539,38.95171,-92.33407,city,
5569,5569,TA EXPRESS NORWOOD #0450,US-60,Norwood,MO,535,3.449,37.068696,-92.408209,city,
5570,5570,PETRO STOPPING CENTER #310,"I-12, EXIT 40 & US-51 BUS",Hammond,LA,725,3.249,30.50463,-90.46293,city,
5579,5579,SAPP BROS TRAVEL CENTER,US-30,Columbus,NE,486,3.219,41.42973,-97.36838,city,
5592,5592,TA COLUMBIA NORTH,"I-20, EXIT 71 & US-21",Columbia,SC,46,3.439,34.00071,-81.03481,city,
5597,5597,CM LAKE CHARLES FUEL STOP 36,"I-10, EXIT 36 & SR-397",Lake Charles,LA,690,3.299,30.21309,-93.2044,city,
5601,5601,BP,"I-24, EXIT 16",Paducah,KY,490,3.429,37.08339,-88.60005,city,
5603,5603,TA NORTH CANTON TRAVEL CENTER,"I-77, EXIT 111",North Canton,OH,249,3.624,40.87589,-81.40234,city,
5606,5606,FLYING J #511,"I-94, EXIT 147",Mandan,ND,273,3.95233333,46.82666,-100.88958,city,
5607,5607,RICE MART,"I-45 & FM 1603, EXIT 238",Rice,TX,630,3.019,32.225788,-96.460613,city,
5608,5608,SHOP A LOTT #3,US-84 & US-171,Mansfield,LA,766,3.13566666,32.023863,-93.698045,city,
5613,5613,CHEVRON #381108,"I-82, EXIT 36",Yakima,WA,925,3.999,46.60207,-120.5059,city,
5618,5618,MCCLURE OIL #52,"I-65/US-52, EXIT 140 & SR-32",Lebanon,IN,375,3.584,40.04837,-86.46917,city,
5649,5649,Fast Stop,"I-10, EXIT 182 & SR-22",Sorrento,LA,623,3.699,30.185388,-90.86314,city,
5651,5651,LOVES TRAVEL STOP #303,"I-64, EXIT 43 & SR-395",Waddy,KY,415,3.749,38.105445,-85.12883,city,
5659,5659,TEX-BEST #526,US-59 & US-281,George West,TX,625,3.299,28.320388,-98.116159,city,
5660,5660,Pride Convenience Store,"I-90, EXIT 51 & I-291",Chicopee,MA,100,3.509,42.1487,-72.60787,city,
5661,5661,TA Express #287,"I-40, EXIT 288 & SR-111",Cookeville,TN,460,3.299,36.16284,-85.50164,city,
5667,5667,PILOT TRAVEL CENTERS #393,"I-40, EXIT 24 & SR-209",Waynesville,NC,210,3.759,35.488611,-82.988889,city,
5669,5669,KWIK TRIP #497,I-90 EXIT 266 & CR-12,Dakota,MN,515,3.474,43.914806,-91.39404,city,
5670,5670,TA MOUNT VERNON TRAVEL CENTER,"I-57 & I-64, EXIT 95",Mount Vernon,IL,574,3.499,38.31727,-88.90312,city,
5674,5674,TA MADISON TRAVEL CENTER,"I-20, EXIT 114 & US-441",Madison,GA,16,3.89066666,33.594681,-83.461781,city,
5677,5677,YESWAY #1178,CR-13,Kadoka,SD,506,3.189,43.84457,-101.552272,city,
5691,5691,Pilot Travel Center #666,"I-94, EXIT 30",Benton Harbor,MI,465,3.059,42.108594,-86.423417,city,
5700,5700,BEACON & BRIDGE #18,US-131 BUS,Big Rapids,MI,456,3.339,43.689679,-85.479705,city,
5718,5718,TOOT N TOTUM #104,US-287,Dalhart,TX,585,3.199,36.073183,-102.517658,city,
5721,5721,TA BALTIMORE SOUTH TRAVEL CENTER,"I-95, EXIT 41A & SR-175 & US-1",Jessup,MD,22,4.599,39.148399,-76.792239,city,
5729,5729,MENOMONIE FARMERS UNION,"I-94, EXIT 45 & CR-B",Menomonie,WI,295,3.649,44.87552,-91.91934,city,
5730,5730,SCOTTS QUICK STOP,SR-53 & SR-46,Marlette,MI,342,3.399,43.339882,-83.057253,city,
5739,5739,PILOT TRAVEL CENTERS #284,"I-75, EXIT 18",Monroe,MI,325,3.399,41.91643,-83.39771,city,
5751,5751,TA LAKE PARK TRAVEL CENTER,"I-75, EXIT 2",Lake Park,GA,20,3.31566666,30.690615,-83.175293,city,
5754,5754,ROAD TRIP OASIS PERRY,"I-69, EXIT 105 & SR-52",Perry,MI,406,3.749,42.820012,-84.231346,city,
5758,5758,SPEEDY Q MARKET #8206,"I-94, EXIT 274",Port Huron,MI,325,3.899,42.97086,-82.42491,city,
5770,5770,Kwik Trip # 1281,"I-43, EXIT 107",Belgium,WI,444,3.25566666,43.499465,-87.850908,city,
5771,5771,DUNES AUTO TRUCK PLAZA,"I-94, EXIT 12",Sawyer,MI,465,3.549,41.882866,-86.588508,city,
5774,5774,PJ TRAVEL PLAZA,"I-80, EXIT 192 & SR-880",Loganton,PA,138,3.479,41.028317,-77.320397,city,
5780,5780,BILLS TRUCKSTOP,"I-85, EXIT 86",Linwood,NC,65,3.449,35.75623,-80.374895,city,
5799,5799,STAPLES OIL,"I-90, EXIT 146",Alden,MN,425,3.299,43.646586,-93.582307,city,
5801,5801,TA WYTHEVILLE TRAVEL CENTER,"I-81, EXIT 72 & I-77, EXIT 41",Wytheville,VA,185,3.519,36.940669,-81.094082,city,
5821,5821,TA PORTLAND TRAVEL CENTER,"I-5, EXIT 278",Aurora,OR,935,4.03233333,45.228432,-122.803881,city,
5823,5823,ENMARKET #863,"I-95, EXIT 8 & SR-88",Hardeeville,SC,195,3.08233333,32.263512,-81.066865,city,
5830,5830,115 TRUCKSTOP #5001,"I-94, EXIT 115",Marshall,MI,431,3.499,42.272047,-84.95828,city,
5842,5842,PETRO STOPPING CENTER #6367,"I-57, EXIT 335",Monee,IL,290,3.459,41.419133,-87.77484,city,
5860,5860,SPEEDWAY #4610,"I-35, EXIT 59 & SR-21",Faribault,MN,448,3.759,44.29496,-93.26883,city,
5873,5873,SOUTHERN VALLEY COOP,ST 14 BYPASS,Mankato,MN,425,3.499,44.15906,-94.00915,city,
5901,5901,ROTHSAY TRUCK STOP,"I-94, EXIT 38",Rothsay,MN,341,3.209,46.509412,-96.288726,city,
5903,5903,Circle K #2746447,I-94/US-52 EXIT 127 & US-71/SR-28,Sauk Centre,MN,250,3.189,45.728079,-94.968166,city,
5907,5907,SPEEDWAY #4035,CR-101,Shakopee,MN,448,3.599,44.79802,-93.5269,city,
5909,5909,SINCLAIR,"I-90, EXIT 233",Saint Charles,MN,515,3.529,43.958481,-92.051738,city,
5927,5927,HARRISONBURG TRAVEL CENTER,"I-81, EXIT 243 & US-11",Harrisonburg,VA,185,2.899,38.44957,-78.86892,city,
5935,5935,WESTHAMPTON VALERO,I-295 EXIT 47A,Mount Holly,NJ,160,3.329,39.993028,-74.795522,city,
5942,5942,EXPRESS MART TRUCK STOP,"I-55, EXIT 185 & US-67/US-61",Barnhart,MO,540,2.99733333,38.338425,-90.41417,city,
5944,5944,LAKE MILLS TRAVEL PLAZA,"I-94, EXIT 259 & SR- 89/CR-G",Lake Mills,WI,420,3.36066666,43.081576,-88.913335,city,
5946,5946,PILOT TRAVEL CENTERS #918,I-90 EXIT 55,Rapid City,SD,506,3.999,44.08054,-103.23101,city,
5949,5949,EXXON,US-59 & LOOP 151,Texarkana,TX,723,3.16566666,33.42513,-94.04769,city,
5951,5951,ROAD RANGER #157,I-64 EXIT 41,Okawville,IL,540,3.799,38.431862,-89.523045,city,
5963,5963,OZONA ONE STOP,"I-10, EXIT 372",Ozona,TX,710,2.98233333,30.716369,-101.238802,city,
5965,5965,TRUCK TOWNE,I-29 EXIT 47 & SR-46,Beresford,SD,572,3.159,43.087409,-96.781256,city,
5971,5971,WACO TRAVEL CENTER,SR-19,Perry,FL,20,3.699,30.097489,-83.585021,city,
5979,5979,TA LAFAYETTE TRAVEL CENTER,"I-10 & SR-182, EXIT 101",Lafayette,LA,600,3.134,30.22409,-92.01984,city,
5980,5980,THRIFT MART TRUCK PLAZA,"I-85/US-460, EXIT 63A & US-1/US-460 BUS",Petersburg,VA,180,3.199,37.22793,-77.40193,city,
5990,5990,360 TRUCK STOP,US-360,Amelia Court House,VA,180,3.599,37.35017,-77.955177,city,
5996,5996,Fast Stop Travel Centers #1134,"I-80/US-30, EXIT 99 & US-191/SR-373",Rock Springs,WY,827,3.499,41.58746,-109.2029,city,
5999,5999,PILOT TRAVEL CENTER #492,"I-30, EXIT 78 & SR-7",Arkadelphia,AR,635,3.529,34.11525,-93.068989,city,
6001,6001,ALLSUPS #2392,US-70 & US-285,Roswell,NM,700,3.199,33.39437,-104.52491,city,
6009,6009,CASEYS #2652,US-65 & US-36,Chillicothe,MO,400,3.289,39.796569,-93.550887,city,
6010,6010,SEGOVIA TRUCK STOP,"I-10, EXIT 465",Junction,TX,739,2.999,30.47544,-99.74731,city,
6018,6018,TA BLOOMINGTON TRAVEL CENTER,"I-55, I-74 & I-39 , EXIT 160",Bloomington,IL,280,3.599,40.4842,-88.99369,city,
6033,6033,EMERY'S,US-54,Deerfield,MO,277,3.349,37.82109,-94.484845,city,
6037,6037,CRYSTAL OIL,"I-129/US-20/US-75, EXIT 2",South Sioux City,NE,527,3.549,42.465615,-96.418161,city,
6041,6041,COCKERHAM FUEL CENTER #4,"I-77, EXIT 14 & US-58/US-221",Hillsville,VA,185,3.28233333,36.744225,-80.71973,city,
6047,6047,FAST LANE #26,US-61,Eolia,MO,494,3.099,39.243097,-91.009322,city,
6051,6051,CIRCLE K #2709846,"I-25, EXIT 240",Longmont,CO,800,3.05733333,40.16721,-105.10193,city,
6057,6057,PILOT TRAVEL CENTERS #903,"I-70/US-40, EXIT 252",Salina,KS,523,3.769,38.84028,-97.61142,city,
6058,6058,MOTOR INN AUTO TRUCK STOP,I-75 EXIT 110,Mendon,OH,370,3.199,40.677737,-84.51515,city,
6068,6068,AYERCO #24,US-61 & CR MM,Hannibal,MO,494,3.099,39.70838,-91.35848,city,
6082,6082,Palmetto Truck Plaza,US-27/SR-25 & SR-826,Hialeah,FL,95,3.399,25.8576,-80.27811,city,
6083,6083,BP,"I-35, EXIT 33",Holt,MO,400,3.049,39.428867,-94.368876,city,
6087,6087,BREAK TIME #3173,US-54 & CR-HH,Fulton,MO,310,3.299,38.851821,-91.96055,city,
6093,6093,ONE9 #901,"I-80 & US-183, EXIT 257",Elm Creek,NE,330,2.96566666,40.730079,-99.372786,city,
6096,6096,Waverly Travel Center,US-23,Waverly,OH,315,3.41566666,39.126445,-83.004874,city,
6097,6097,SAPP BROS TRAVEL CENTER,"I-80, EXIT 263",Elm Creek,NE,330,3.18733333,40.730079,-99.372786,city,
6106,6106,TA HUNTINGTON,"I-84, EXIT 353",Huntington,OR,982,3.639,44.381113,-117.309691,city,
6111,6111,HAWGS EXXON,US-167/SR-25,Batesville,AR,418,3.359,35.782614,-91.63519,city,
6150,6150,CIRCLE K #2723707,"I-81, EXIT 150",Troutville,VA,65,3.06566666,37.401855,-79.878636,city,
6154,6154,TA MOBILE TRAVEL CENTER,"I-10, EXIT 4",Grand Bay,AL,715,3.13566666,30.498288,-88.32825,city,
6164,6164,PILOT TRAVEL CENTERS #268,"I-80/US-6, EXIT 284",Walcott,IA,270,3.87233333,41.645309,-90.725603,city,
6165,6165,TEMP STOP #117,I-70 & GRAIN VALLEY RD EXIT 24,Grain Valley,MO,400,2.959,39.027361,-94.20874,city,
6167,6167,PILOT TRAVEL CENTERS #167,US-71,Nevada,MO,277,3.49566666,37.840853,-94.357127,city,
6172,6172,SPEEDWAY #2319,"I-96, EXIT 77",Portland,MI,431,3.624,42.862414,-84.913933,city,
6173,6173,PILOT TRAVEL CENTERS #21,"I-94, EXIT 167",Dexter,MI,325,3.624,42.35832,-83.900028,city,
6175,6175,ONVO TRAVEL PLAZA - MIFFLINTOWN,US-322/US-22 & SR-35,Mifflintown,PA,138,3.479,40.572666,-77.376119,city,
6179,6179,HENDERSON TRAVEL PLAZA,"I-10, EXIT 115 & SR-347",Breaux Bridge,LA,690,3.38566666,30.274955,-91.905899,city,
6180,6180,Circle #4703923,"I-24, EXIT 180B & US-27",Chattanooga,TN,285,2.78566666,35.04563,-85.30968,city,
6182,6182,Exxon,"I-20, EXIT 205 & SR-46",Heflin,AL,587,3.01566666,33.611515,-85.588471,city,
6188,6188,SIGNAL FOOD STORE #112,US-65 & SR-J,Ozark,MO,535,2.999,37.02089,-93.20602,city,
6198,6198,DAVIS TRAVEL CENTER #102,"I-95/US-301, EXIT 33 & SR-602",Stony Creek,VA,180,3.06566666,36.936132,-77.444276,city,
6200,6200,KWIK FILL #388,"I-80, EXIT 29 & SR-8",Harrisville,PA,165,3.404,41.163087,-79.979639,city,
6206,6206,PETRO PORTAGE,"I-90 & I-94, EXIT 108-A",Portage,WI,420,3.80733333,43.550145,-89.47139,city,
6212,6212,MR FUEL,"I-55, EXIT 180",Pevely,MO,540,3.01566666,38.279911,-90.411075,city,
6214,6214,PIONEER Travel Plaza,"I-41, EXIT 60 & SR-145",Richfield,WI,444,3.21566666,43.273925,-88.215467,city,
6215,6215,FUEL HUB,"I-87, EXIT 21B",West Coxsackie,NY,12,3.599,42.415055,-73.817033,city,
6218,6218,LOVES TRAVEL STOP #215,"I-40, EXIT 16 & US-40 BUS/US-66",Gallup,NM,580,3.43733333,35.52808,-108.74258,city,
6219,6219,SCHATZ CROSSROADS,US-2 /US-52,Minot,ND,452,3.549,48.23251,-101.29627,city,
6221,6221,LOVES TRAVEL STOP #214,I-10 EXIT 37,El Paso,TX,640,3.07566666,31.75872,-106.48693,city,
6222,6222,QUIKTRIP #236,"I-29/US-71, EXIT 18 & SR-92",Platte City,MO,400,2.999,39.360171,-94.788972,city,
6227,6227,MARLOWS FUEL CENTER,"I-20, EXIT 479",Dallas,TX,630,3.24066666,32.78306,-96.80667,city,
6229,6229,FUEL MART #764,"I-70, EXIT 66 & SR- 54",South Vienna,OH,315,3.129,39.94732,-83.615704,city,
6232,6232,OASIS TRUCK STOP,"I-44 & SR-133, MM 145",Richland,MO,416,3.324,37.852752,-92.396245,city,
6242,6242,TA FORISTELL TRAVEL CENTER,"I-70, EXIT 203",Foristell,MO,540,3.019,38.762557,-90.934328,city,
6243,6243,GARDEN INN TRAVEL PLAZA,US-60/US-63,Cabool,MO,535,3.299,37.131366,-92.114409,city,
6251,6251,BREAUX BRIDGE VALERO #1408,"I-10 & SR-347, EXIT 115",Breaux Bridge,LA,730,3.499,30.274955,-91.905899,city,
6252,6252,PILOT TRAVEL CENTERS #12,I-80 & I-90 EXIT 71,Perrysburg,OH,550,3.759,41.557,-83.62716,city,
6258,6258,CASEYS #6342,"I-29, EXIT 144 & US-169",Saint Joseph,MO,400,3.169,39.76861,-94.84663,city,
6271,6271,TA DENTON TRAVEL CENTER,"I-35, EXIT 471 & US-77",Denton,TX,630,3.254,33.21484,-97.13307,city,
6275,6275,TA SEATTLE EAST TRAVEL CENTER,"I-90, EXIT 34",North Bend,WA,962,3.899,47.475546,-121.757142,city,
6284,6284,7-ELEVEN #40513,I-90/80-IN TOLL RD MM 22W,Portage,IN,365,3.999,41.57587,-87.17615,city,
6286,6286,APPLE MARKET #526,"I-64, EXIT 94",Winchester,KY,410,2.91566666,37.99008,-84.17965,city,
6290,6290,FUEL KING NAPOLEON TRAVEL CENTER,"US-6/US-24/SR/CR-3, EXIT 41",Napoleon,OH,550,3.439,41.390969,-84.143271,city,
6293,6293,PETRO STOPPING CENTER #313,"I-40, EXIT 79",Milan,NM,580,3.57066666,35.169722,-107.890278,city,
6296,6296,GRAY TRUCK STOP,US-71/US-136,Maryville,MO,400,3.26566666,40.343399,-94.873479,city,
6299,6299,HWY 34 TRUCKSTOP,"US-34, EXIT 258",West Burlington,IA,345,3.374,40.832081,-91.179894,city,
6305,6305,I-95 Fuel Stop,"I-95, EXIT 126 & US-17/US-1",Fredericksburg,VA,180,3.264,38.30318,-77.46054,city,
6307,6307,QUIKTRIP #608,"I-70, MID RIVERS MALL",Saint Peters,MO,540,2.904,38.80033,-90.62651,city,
6308,6308,Pilot Travel Centers #354,"I-64, EXIT 28",Simpsonville,KY,415,3.759,38.231186,-85.354797,city,
6309,6309,WINNERS CIRCLE #1,"I-30 & US-270, EXIT 98A",Malvern,AR,695,3.35233333,34.355715,-92.829162,city,
6310,6310,CIRCLE K #2707515,US-27/SR-25 & US-98/US-700/SR-700/SR-66,Sebring,FL,140,3.389,27.492391,-81.435712,city,
6315,6315,AYERCO #25,US-24,Taylor,MO,494,3.01566666,39.914486,-91.527834,city,
6318,6318,Chisholm Corner #15,"I-35, EXIT 72 & US-19",Pauls Valley,OK,569,3.38733333,34.738506,-97.219501,city,
6326,6326,KANZA TRAVEL PLAZA,"I-35, EXIT 231 AND US-177",Braman,OK,500,3.02733333,36.933054,-97.308231,city,
6327,6327,PETRO STOPPING CENTER #312,"I-40 & I-75, EXIT 369",Knoxville,TN,405,3.42566666,35.96064,-83.92074,city,
6330,6330,TA EDINBURG TRAVEL CENTER,I-69C/US-281 & FM-2812,Edinburg,TX,639,3.01066666,26.30174,-98.16334,city,
6334,6334,231 PLAZA AND TRUCK STOP,US-231/SR-75 & SR-20,Youngstown,FL,20,3.494,30.326913,-85.516881,city,
6341,6341,TA RAWLINS TRAVEL CENTER,"I-80, EXIT 214",Rawlins,WY,795,3.72233333,41.795131,-107.234883,city,
6346,6346,SPEEDWAY #4710,US-71/SR-60,Windom,MN,425,3.299,43.879022,-95.151531,city,
6351,6351,FLYING J TRAVEL PLAZA #608,"I-10, EXIT 1",Ehrenberg,AZ,930,3.959,33.604167,-114.524444,city,
6356,6356,CIRCLE K #2721536,ST 6 EAST,Batesville,MS,435,3.24066666,34.331651,-89.91418,city,
6370,6370,TA ROCKWALL TRAVEL CENTER,"I-30/US-67, EXIT 68 & SR-205",Rockwall,TX,630,3.13733333,32.93123,-96.45971,city,
6374,6374,TA ELGIN WEST TRAVEL CENTER,I-90 & US-20,Hampshire,IL,290,3.499,42.080748,-88.517033,city,
6387,6387,FLYING J FRANCHISE #966,"I-80, EXIT 229",Battle Mountain,NV,966,3.79233333,40.621985,-116.955439,city,
6391,6391,TOOT N TOTUM #106,US-287,Dumas,TX,585,3.00566666,35.86559,-101.97324,city,
6393,6393,PILOT TRAVEL CENTERS #478,"I-64, EXIT 92",Leavenworth,IN,415,3.959,38.194244,-86.359862,city,
6401,6401,CIRCLE K #2723457,"I-10, EXIT 34-B",Gulfport,MS,715,2.989,30.36742,-89.09282,city,
6434,6434,AMPRIDE ALL ROUND TRUCK STOP,US-20,Fort Dodge,IA,343,3.299,42.49747,-94.16802,city,
6441,6441,GRAND OIL,"I-75, EXIT 41 & SR-80",London,KY,410,3.499,37.101605,-84.097498,city,
6442,6442,CLARK OIL #49,US-84,Laurel,MS,620,2.999,31.69405,-89.13061,city,
6448,6448,CIRCLE K #2723392,"I-59, EXIT 97 & US-84",Laurel,MS,620,2.95233333,31.69405,-89.13061,city,
6462,6462,ARCO #471770,US-281 & SR-5,Dunseith,ND,452,3.499,48.84801,-100.031105,city,
6468,6468,TA SAYRE TRAVEL CENTER,"I-40 & CEMETARY RD, EXIT 26",Sayre,OK,483,3.064,35.304722,-99.642928,city,
6480,6480,FLYING J #934,"I-84, EXIT 265",La Grande,OR,982,3.53566666,45.330435,-118.085228,city,
6492,6492,FLICKS,US-49,Richland,MS,760,2.999,32.215224,-90.156231,city,
6496,6496,SPEEDY EXPRESS #38,"I-35, EXIT 305",Mathis,TX,625,3.199,28.080208,-97.809659,city,
6502,6502,SQUAW CREEK TRAVEL PLAZA,"I-29, EXIT 79 & US-159",Forest City,MO,400,3.339,39.989708,-95.191594,city,
6517,6517,HARDYS #5,"I-80, EXIT 4 4",Wendover,UT,835,3.499,40.597396,-113.993573,city,
6518,6518,TOWN PUMP FOOD STORE #310,"I-15, EXIT 164",Boulder,MT,816,3.559,46.230647,-112.113757,city,
6526,6526,TULIP CITY TRUCK STOP,"I-196 & SR-40, EXIT 49",Holland,MI,344,3.739,42.78752,-86.10893,city,
6527,6527,ZIP TRIP #50,"I-90, EXIT 426",Park City,MT,780,3.584,45.632864,-108.929279,city,
6547,6547,FLYING J TRAVEL PLAZA #762,"I-90, EXIT 126 & SR-59",Gillette,WY,836,3.899,44.29109,-105.50222,city,
6562,6562,PILOT #1323,"I-29, EXIT 35",Faucett,MO,400,3.27233333,39.589124,-94.791276,city,
6563,6563,Road Ranger #282,"I-35, EXIT 500",Gainesville,TX,630,3.17566666,33.62594,-97.13335,city,
6564,6564,FLYING J FRANCHISE #970,US-395,Pasco,WA,925,4.599,46.23958,-119.10057,city,
6565,6565,TA Greeneville Travel Center,"I-81, EXIT 36",Greeneville,TN,405,3.55233333,36.16316,-82.83099,city,
6567,6567,YELLOWSTONE TRUCK SHOP,"I-90, EXIT 330",Livingston,MT,786,3.649,45.654587,-110.560907,city,
6577,6577,AC & T TRAVEL CENTER,"I-81, EXIT 5 W",Hagerstown,MD,70,3.659,39.64176,-77.71999,city,
6578,6578,PILOT TRAVEL CENTER #909- TOWN PUMP,"I-15 & US-2, EXIT 363",Shelby,MT,815,3.63566666,48.503666,-111.839122,city,
6588,6588,TOWN PUMP FOOD STORE #4300,"I-90, EXIT 249",Whitehall,MT,786,3.659,45.877146,-112.124535,city,
6593,6593,LITTLE AMERICA TRAVEL CENTER,"I-40, EXIT 198",Flagstaff,AZ,930,3.539,35.19807,-111.65127,city,
6607,6607,TRANSIT TRUCK STOP,"I-97, EXIT 10",Millersville,MD,22,3.46566666,39.104102,-76.61902,city,
6608,6608,7-ELEVEN #35560,SR-16,Charlotte,NC,46,3.999,35.22709,-80.84313,city,
6628,6628,FLYING J TRAVEL PLAZA #682,"I-85, EXIT 150",Haw River,NC,65,3.94233333,36.055085,-79.334557,city,
6632,6632,TA SAVANNAH TRAVEL CENTER,"I-95/SR-405, EXIT 87 & US-17/SR-25",Richmond Hill,GA,195,3.35066666,31.896152,-81.294026,city,
6633,6633,BAKER TRUCK CORRAL,"I-84, EXIT 304",Baker City,OR,982,3.42566666,44.780102,-117.828631,city,
6640,6640,PETRO STOPPING CENTER JOHNSTOWN,"I-25, EXIT 254",Johnstown,CO,800,3.42733333,40.335526,-104.923558,city,
6642,6642,TA VERO BEACH TRAVEL CENTER #197,"I-95/SR-9, EXIT 147 & SR-60",Vero Beach,FL,95,3.484,27.63864,-80.39727,city,
6646,6646,FAMILY EXPRESS #35 (DISCOUNT AVAILABLE),"I-65, EXIT 215 & SR-114",Rensselaer,IN,365,3.13233333,40.947731,-87.133733,city,
6655,6655,BP DBA TA ELKTON TRAVEL CENTER,"I-95, EXIT 109B",Elkton,MD,150,4.969,39.60678,-75.83327,city,
6659,6659,GURNEE TRUCK STOP,US-41,Gurnee,IL,290,3.334,42.3703,-87.90202,city,
6661,6661,TA FRANKLIN TRAVEL CENTER,"I-65, EXIT 61",Franklin,TN,460,3.839,35.92506,-86.86889,city,
6663,6663,TA of Mocksville,"I-40, EXIT 170 & US-601",Mocksville,NC,46,3.699,35.922007,-80.536965,city,
6677,6677,ROADWAY TRAVEL CENTER,"I-29, EXIT 73",Sioux Falls,SD,530,3.199,43.54997,-96.70033,city,
6693,6693,SAPP BROS TRAVEL CENTER,US-77,Fremont,NE,486,3.34566666,41.43333,-96.49808,city,
6701,6701,JACKS TRUCK STOP,"I-65, EXIT 304 & SR-69",Cullman,AL,615,3.999,34.17482,-86.84361,city,
6704,6704,FL Roberts,"I-91, EXIT 24",Whately,MA,100,3.559,42.439722,-72.635278,city,
6716,6716,MARATHON,"I-29/US-81, EXIT 65 & I-94 BUS/US-10",Fargo,ND,341,3.449,46.87719,-96.7898,city,
6721,6721,STAMART 1222,"I-29, EXIT 64",Fargo,ND,341,3.38566666,46.87719,-96.7898,city,
6725,6725,TA EXPRESS GRAND FORKS #948,"I-29, EXIT 141 & US-2",Grand Forks,ND,355,3.539,47.92526,-97.03285,city,
6734,6734,TOMAHAWK TRUCK STOP,"I-25, EXIT 128",Fountain,CO,803,3.299,38.68222,-104.70081,city,
6736,6736,EAGLEVILLE TRAVEL CENTER,"I-35 & ROUTE N, EXIT 106",Eagleville,MO,320,2.93566666,40.491197,-93.995058,city,
6742,6742,Holiday #3810,"I-94/US-52, EXIT 178 & SR-24",Clearwater,MN,453,3.22066666,45.387694,-94.045246,city,
6744,6744,FLYING J #550,US-2/US-52,Minot,ND,273,3.93566666,48.23251,-101.29627,city,
6745,6745,TIGER TRUCK STOP,"I-10, EXIT 139",Grosse Tete,LA,600,3.059,30.387935,-91.43829,city,
6755,6755,PETRO STOPPING CENTER #326,"I-40, EXIT 161 & SR-391",North Little Rock,AR,695,3.20733333,34.76954,-92.26709,city,
6760,6760,BETTY BEAVERS TRUCKSTOP,"I-87, EXIT 32",Lewis,NY,12,3.669,44.307507,-73.549129,city,
6765,6765,CIRCLE C TRAVEL PLAZA,"I-95, EXIT 68 & SR-61",Walterboro,SC,195,3.079,32.897367,-80.679225,city,
6806,6806,Onvo Travel Plaza,"I-78/US-22, EXIT 45 & SR-863",Kutztown,PA,90,3.32733333,40.521354,-75.777395,city,
6810,6810,TA RICHMOND,"I-95, EXIT 89 & SR-802",Ashland,VA,180,3.60566666,37.73948,-77.478373,city,
6811,6811,PUMP & PANTRY #24,US-6/CR-74,Hastings,NE,330,3.399,40.58612,-98.38839,city,
6823,6823,PETRO STOPPING CENTER #301,"I-10, EXIT 37",El Paso,TX,640,3.124,31.75872,-106.48693,city,
6840,6840,PETRO DEMING,"I-10, EXIT 68",Deming,NM,640,3.38566666,32.231808,-107.746559,city,
6842,6842,FLYNNS TRUCK PLAZA,"US-20, EXIT 11 & SR-140",Shrewsbury,MA,175,3.61566666,42.29593,-71.71285,city,
6845,6845,NEBRASKALAND TIRE SHOP,"I-80, EXIT 237 & US-283",Lexington,NE,330,2.999,40.785002,-99.751515,city,
6850,6850,BROKEN WHEEL TRUCK STOP,"I-25, EXIT 135",Douglas,WY,790,3.759,42.762558,-105.385484,city,
6857,6857,TA SPARKS TRAVEL CENTER,"I-80, EXIT 19 & SR-659",Sparks,NV,966,3.899,39.53491,-119.75269,city,
6859,6859,PRIME STOP,US-81,Norfolk,NE,470,3.229,42.02834,-97.417,city,
6864,6864,JJS TRUCK STOP,"I-30, EXIT 106",Malvern,AR,695,3.31566666,34.355715,-92.829162,city,
6869,6869,TA WHEELING TRAVEL CENTER,"I-70, EXIT 11 & CR-41",Valley Grove,WV,165,3.529,40.094649,-80.555059,city,
6883,6883,PILOT TRAVEL CENTERS #517,US- 22 & SR-322,Duncannon,PA,70,4.199,40.408678,-77.047254,city,
6885,6885,GO MART FOOD STORE #31,"I-77, EXIT 95 & SR-61",Charleston,WV,44,3.499,38.34982,-81.63262,city,
6886,6886,PWI #535,"I-70, EXIT 47",Palisade,CO,800,3.379,39.103178,-108.367977,city,
6897,6897,Speedee Mart #2890,US-20 & US-83,Valentine,NE,475,3.329,42.806166,-100.621542,city,
6901,6901,PRIME STOP,US-275,Wisner,NE,470,3.259,41.997994,-96.916975,city,
6915,6915,FLITE LINE SUNOCO,"I-95, EXIT 3",Portsmouth,NH,34,3.69566666,43.07704,-70.75766,city,
6927,6927,TORCH 85 TRUCK PLAZA,"I-85, EXIT 42",Tuskegee,AL,720,3.27233333,32.431623,-85.68606,city,
6944,6944,CROSSROADS TRUCK STOP,"I-82, EXIT 1 & US-730",Umatilla,OR,982,3.239,45.915725,-119.313715,city,
6948,6948,PILOT #4563,"I-8I, EXIT 77",Harrisburg,PA,70,3.869,40.2737,-76.88442,city,
6951,6951,ARROWHEAD TRAVEL PLAZA,"I-84, EXIT 216 & SR 331,",Pendleton,OR,982,3.259,45.67207,-118.7886,city,
6954,6954,BOLLA MARKET #198,SR-17MAHWA,Mahwah,NJ,115,3.58566666,41.08871,-74.14376,city,
6960,6960,FLYING J TRAVEL PLAZA #761,"I-80 & US-189, EXIT 3",Evanston,WY,835,3.699,41.260947,-110.963067,city,
6961,6961,LITTLE AMERICA,"I-80, EXIT 358 & I-25, EXIT 9 & US-30",Cheyenne,WY,795,3.709,41.13998,-104.82025,city,
6962,6962,LITTLE AMERICA TRAVEL CENTER,"I-80, EXIT 68 & SR-374",Little America,WY,835,3.52566666,41.543611,-109.858333,city,
6963,6963,Atlantis Fresh Market #553,"I-84, EXIT 1",Montague,NJ,120,3.509,41.302259,-74.753956,city,
6968,6968,R STORE #4513,US-41,Fond Du Lac,WI,360,3.299,43.775,-88.43883,city,
6970,6970,TA Twin City East Travel Center,I-94 EXIT 4 & US-12,Hudson,WI,450,3.54733333,44.984187,-92.727062,city,
6971,6971,KWIK TRIP #1013,"I-41, EXIT 57 & SR-167",Richfield,WI,444,3.39066666,43.273925,-88.215467,city,
6975,6975,TRUCKERS INN STOP,"I-90/I-94, EXIT 132 & US-51",De Forest,WI,420,3.199,43.235748,-89.329652,city,
6976,6976,MOASIS TRUCK CENTER,US-41,Little Chute,WI,444,3.199,44.284248,-88.311989,city,
6980,6980,TA MADISON TRAVEL CENTER,"I-90/I-94/I-39, EXIT 132 & US-51",De Forest,WI,420,3.839,43.235748,-89.329652,city,
6981,6981,Kwik Trip #1197,"US-151, EXIT 26",Belmont,WI,335,3.564,42.730784,-90.335881,city,
6984,6984,TA HURRICANE TRAVEL CENTER,"I-64, EXIT 39 & SR-34",Hurricane,WV,255,3.63233333,38.425741,-81.994329,city,
6986,6986,LOVES TRAVEL STOPS #448,"I-5, EXIT 136B, SR-509",Tacoma,WA,977,4.589,47.25288,-122.44429,city,
6987,6987,One9 #965,"I-90, EXIT 109 & US-97",Ellensburg,WA,977,3.859,46.99651,-120.54785,city,
6992,6992,FLYING J #1169,"I-5, EXIT 99",Tumwater,WA,977,4.599,47.00732,-122.90931,city,
6994,6994,FLYING J FRANCHISE #967,"I-90, EXIT 286",Spokane,WA,970,4.029,47.65966,-117.42908,city,
6999,6999,SIMMONS TRAVEL CENTER,"I-85, EXIT 4 & SR-93/SR-903",Bracey,VA,180,3.099,36.576295,-78.105862,city,
7003,7003,TA ASHLAND TRAVEL CENTER,"I-95, EXIT 92 & SR-54",Ashland,VA,180,3.64233333,37.73948,-77.478373,city,
7004,7004,FRANKS TRUCKING CENTER,"I-264, EXIT 13B",Chesapeake,VA,130,3.449,36.81904,-76.27494,city,
7005,7005,PETRO STOPPING CENTER,"I-81 & I-64, EXIT 205",Raphine,VA,185,3.659,37.937353,-79.221903,city,
7007,7007,KUM & GO #0201,"I-80, EXIT 242",Coralville,IA,380,3.294,41.6764,-91.58045,city,
7013,7013,ERNIES TRUCK PLAZA,"I-15, EXIT 112",Beaver,UT,910,3.399,38.28071,-112.629916,city,
7016,7016,TA SALT LAKE CITY TRAVEL CENTER,"I-80, EXIT 99",Tooele,UT,835,3.769,40.53078,-112.29828,city,
7018,7018,FLYING J TRAVEL PLAZA #746,"I-15 & I-80 SR 201, EXIT 305",Salt Lake City,UT,835,3.73233333,40.76078,-111.89105,city,
7023,7023,TA AMARILLO WEST TRAVEL CENTER,"I-40, EXIT 74",Amarillo,TX,585,3.279,35.222,-101.8313,city,
7037,7037,SAMS TRUCK STOP,"I-10, EXIT 138",Van Horn,TX,640,3.999,31.042879,-104.832249,city,
7045,7045,BUBBLE CITY TRUCK STOP,US-64,Farmington,NM,614,3.70566666,36.72806,-108.21869,city,
7051,7051,PILOT #887,US-84 & US-180,Snyder,TX,575,3.24566666,32.715105,-100.907485,city,
7056,7056,TA SWEETWATER TRAVEL CENTER,"I-20, EXIT 242",Sweetwater,TX,575,3.15233333,32.472589,-100.397908,city,
7058,7058,YESWAY #1125,"I-27, EXIT 1C",Lubbock,TX,700,2.969,33.57786,-101.85517,city,
7059,7059,TA BIG SPRING TRAVEL CENTER,"I-20, EXIT 177 & US-87",Big Spring,TX,612,3.699,32.2504,-101.47874,city,
7064,7064,SPEEDWAY #9804,"I-10, EXIT 25",El Paso,TX,640,3.41566666,31.75872,-106.48693,city,
7066,7066,REFUEL #328,"I-35, EXIT 204",San Marcos,TX,595,2.999,29.88327,-97.94139,city,
7072,7072,TA ANTIOCH TRAVEL CENTER,"I-24, EXIT 62",Antioch,TN,460,3.50566666,36.06,-86.672222,city,
7077,7077,THE TENNESSEAN TRUCKSTOP,"I-65, EXIT 22 & US-31 ALT/SR-11",Cornersville,TN,460,3.799,35.34088,-86.82862,city,
7078,7078,TA DENMARK TRAVEL CENTER,"I-40 & SR-138, EXIT 68",Denmark,TN,435,3.539,35.557059,-88.975892,city,
7080,7080,ONE9 #1422,"I-40, EXIT 197",Moriarty,NM,580,3.11566666,34.988878,-106.060871,city,
7082,7082,Chevron,"I-65, EXIT 6",Ardmore,TN,460,3.599,35.057445,-86.879555,city,
7084,7084,Holiday StationStore #2746500,US-12 & US-281,Aberdeen,SD,248,3.114,45.4647,-98.48648,city,
7087,7087,PILOT #599,"I-90, EXIT 192 & I-90 BUS/US-83",Murdo,SD,506,3.799,43.896115,-100.712107,city,
7088,7088,FLYING J FRANCHISE #931,"I-90, EXIT 61",Rapid City,SD,506,3.15733333,44.08054,-103.23101,city,
7092,7092,LOVES TRAVEL STOP #445,I-90 EXIT 399 & SR 115,Sioux Falls,SD,530,3.889,43.54997,-96.70033,city,
7095,7095,TA MANNING TRAVEL CENTER,"I-95, EXIT 119",Manning,SC,135,3.51733333,33.667716,-80.222078,city,
7106,7106,PILOT DEALER #1163,"I-80, EXIT 42",Emlenton,PA,165,4.03566666,41.202769,-79.746996,city,
7112,7112,TA HARRISBURG TRAVEL CENTER,"I-81, EXIT 77 & SR-39",Harrisburg,PA,70,3.81566666,40.2737,-76.88442,city,
7116,7116,TA MILESBURG TRAVEL CENTER,"I-80, EXIT 158",Milesburg,PA,14,4.049,40.941667,-77.785278,city,
7121,7121,TA BLOOMSBURG TRAVEL CENTER,"I-80, EXIT 232",Bloomsburg,PA,138,3.95733333,41.011528,-76.438379,city,
7126,7126,SAPP BROS TRAVEL CENTER,"I-80, EXIT 120",Clearfield,PA,14,3.899,41.02103,-78.443488,city,
7128,7128,FLYING J #518,"I-78, EXIT 10 (PA 645)",Myerstown,PA,208,3.869,40.378949,-76.314328,city,
7129,7129,TA BROOKVILLE TRAVEL CENTER,"I-80 EXIT 78, & SR-36",Brookville,PA,14,4.029,41.159986,-79.064101,city,
7131,7131,TA BREEZEWOOD TRAVEL CENTER,"I-76 & US30, EXIT 161",Breezewood,PA,14,4.299,39.990521,-78.245271,city,
7132,7132,Terrible Herbst dba/One9 #1395,"I-15, EXIT 12",Jean,NV,910,3.459,35.854839,-115.469154,city,
7135,7135,PETRO STOPPING CENTER #336,"I-81, EXIT 52 & I-76, EXIT 226",Carlisle,PA,70,4.149,40.20148,-77.18887,city,
7136,7136,TA LAMAR TRAVEL CENTER,"I-80, EXIT 173 & SR-64",Lamar,PA,14,4.03566666,41.016111,-77.531389,city,
7137,7137,TA BARKEYVILLE TRAVEL CENTER,"I-80, EXIT 29 & SR-8",Harrisville,PA,165,4.044,41.163087,-79.979639,city,
7147,7147,JUBITZ TRAVEL PLAZA,"I-5, EXIT 307",Portland,OR,935,3.859,45.52345,-122.67621,city,
7148,7148,TA TROUTDALE TRAVEL CENTER,"I-84, EXIT 17",Troutdale,OR,935,3.93233333,45.53929,-122.38731,city,
7154,7154,TA OKLAHOMA CITY WEST TRAVEL CENTER,"I-40, EXIT 140",Oklahoma City,OK,483,3.30233333,35.46756,-97.51643,city,
7156,7156,TA OKLAHOMA CITY EAST TRAVEL CENTER,"I-40, EXIT 142",Oklahoma City,OK,483,3.30066666,35.46756,-97.51643,city,
7166,7166,TA London Travel Center,"I-70 & US-42, EXIT 79",London,OH,315,3.49233333,39.900074,-83.443899,city,
7169,7169,TA YOUNGSTOWN TRAVEL CENTER,"I-80 & SR 46, EXIT 223",Youngstown,OH,573,3.444,41.09978,-80.64952,city,
7170,7170,TRUCK WORLD TRUCKSTOP,"I-80, EXIT 234",Hubbard,OH,573,3.259,41.162401,-80.576192,city,
7172,7172,TA TOLEDO EAST TRAVEL CENTER,"I-80 & I-280, EXIT 71",Perrysburg,OH,550,3.78066666,41.557,-83.62716,city,
7173,7173,SPEEDWAY #9954,"SR-17, EXIT 66",Apalachin,NY,32,4.049,42.055579,-76.15194,city,
7176,7176,TA DAYTON TRAVEL CENTER,"I-70, EXIT 10 & US-127",Eaton,OH,317,3.40066666,39.742572,-84.650849,city,
7179,7179,JIMS TRUCK PLAZA,"I-90, EXIT 52E",Buffalo,NY,38,3.729,42.88645,-78.87837,city,
7180,7180,TA HebronTravel Center,"I-70, EXIT 126 & SR-37",Hebron,OH,315,3.38233333,39.953464,-82.491868,city,
7183,7183,TA KINGSVILLE TRAVEL CENTER,"I-90, EXIT 235 & SR-193",Kingsville,OH,305,3.88233333,41.872311,-80.660092,city,
7184,7184,TA JEFFERSONVILLE EAST TRAVEL CENTER,"I-71, EXIT 65 & SR-435 & US-35",Jeffersonville,OH,315,3.32733333,39.65896,-83.56873,city,
7189,7189,S and R Truck Plaza,"I-94, EXIT 260",Jamestown,ND,390,3.58566666,46.91054,-98.70844,city,
7190,7190,Tower Travel Center,"I-94, EXIT 307",Tower City,ND,341,3.51566666,46.911873,-97.659392,city,
7196,7196,SALUDA TRUCK PLAZA,"I-26, EXIT 28",Saluda,NC,210,3.099,35.238341,-82.330595,city,
7197,7197,7-ELEVEN #35115,"I-90, EXIT 42",Phelps,NY,190,4.034,42.958178,-77.047264,city,
7198,7198,LOVES TRAVEL STOP #507,"I-85, EXIT 71",Salisbury,NC,46,3.51066666,35.67097,-80.47423,city,
7212,7212,ONVO TRAVEL PLAZA,"I-90 & RTE 22, EXIT B-3",Canaan,NY,12,3.419,42.413168,-73.415889,city,
7213,7213,SENECA ONE STOP,"I-90, EXIT 58",Irving,NY,38,2.949,42.573866,-79.059634,city,
7215,7215,TA FULTONVILLE TRAVEL CENTER,"I-90, EXIT 28",Fultonville,NY,12,4.039,42.903601,-74.359765,city,
7216,7216,ONVO TRAVEL PLAZA - LOUNSBERRY,"SR-17, EXIT 63",Nichols,NY,220,3.419,42.031961,-76.361039,city,
7220,7220,CUMBERLAND FARMS #001662,US-9W/SR-32,Glenmont,NY,12,3.774,42.597147,-73.795884,city,
7222,7222,TA SANTA ROSA TRAVEL CENTER,"I-40/US-54, EXIT 277 & US-84",Santa Rosa,NM,580,3.45233333,34.933276,-104.682155,city,
7225,7225,LOVES TRAVEL STOP #329,US-60,Clovis,NM,593,4.089,34.4048,-103.20523,city,
7226,7226,TA LAS CRUCES TRAVEL CENTER,"I-10, EXIT 139",Las Cruces,NM,640,3.14066666,32.31232,-106.77834,city,
7227,7227,NATIONAL TRUCK STOP,"I-10, VADO EXIT 155",Vado,NM,640,2.999,32.115,-106.663333,city,
7228,7228,MAVERIK COUNTRY STORE #638,"I-40, EXIT 159D & I-25/US-85, EXIT 227",Albuquerque,NM,580,3.20733333,35.08449,-106.65114,city,
7229,7229,TA GALLUP TRAVEL CENTER,"I-40, EXIT 16 & HWY 66",Gallup,NM,580,3.43233333,35.52808,-108.74258,city,
7230,7230,DEMING TRUCK STOP,"I-10, EXIT 81",Deming,NM,640,2.899,32.231808,-107.746559,city,
7231,7231,TA ALBUQUERQUE TRAVEL CENTER,"I-25, EXIT 227 OR 225",Albuquerque,NM,580,3.58733333,35.08449,-106.65114,city,
7234,7234,TA BLOOMSBURY TRAVEL CENTER,"I-78/US-22, EXIT 7 & SR-173",Bloomsbury,NJ,115,3.79066666,40.64366,-75.09664,city,
7237,7237,TA COLUMBIA TRAVEL CENTER,"I-80, EXIT 4 & SR-94",Columbia,NJ,115,4.099,40.938805,-75.054983,city,
7239,7239,TA PAULSBORO TRAVELCENTER,"I-295, EXIT 18A",Paulsboro,NJ,150,3.999,39.831157,-75.224233,city,
7240,7240,Pilot Travel Centers #190,"I-78, EXIT 12 & US-22",Hampton,NJ,105,3.809,40.677351,-74.962221,city,
7244,7244,TA LAS VEGAS TRAVEL CENTER,"I-15, EXIT 33",Las Vegas,NV,910,3.73566666,36.17497,-115.13722,city,
7248,7248,WILD WILD WEST TRAVEL PLAZA,"I-15, EXIT 37",Las Vegas,NV,910,3.76733333,36.17497,-115.13722,city,
7263,7263,FLYING J #904,"I-80, EXIT 107",Big Springs,NE,475,3.48233333,41.069621,-102.093273,city,
7264,7264,TA GRAND ISLAND WEST TRAVEL CENTER,"I-80, EXIT 305",Alda,NE,330,3.169,40.856923,-98.455135,city,
7265,7265,Fast Stop Travel Centers #1151,"I-80, EXIT 164 & CR-56C",Hershey,NE,475,3.499,41.155303,-101.001157,city,
7267,7267,TA OGALLALA TRAVEL CENTER,"I-80, EXIT 126",Ogallala,NE,475,3.46566666,41.127505,-101.710742,city,
7268,7268,SAPP BROS TRAVEL CENTER,"I-80, EXIT 440 & SR-50, EXIT 440",Omaha,NE,486,3.28066666,41.25626,-95.94043,city,
7269,7269,GRAND ISLAND TRAVEL CENTER,"I-80, EXIT 312 & US-281/US-34",Grand Island,NE,330,3.26566666,40.92501,-98.34201,city,
7282,7282,ALLTOWN FRESH,"I-87, EXIT 17N & US-9",Fort Edward,NY,12,3.769,43.265321,-73.582169,city,
7284,7284,MURALTS TRUCK PLAZA,"I-90, EXIT 96 & US-93/SR-200",Missoula,MT,820,3.609,46.87215,-113.994,city,
7285,7285,SENECA ONE STOP,"SR-17, EXIT 20",Salamanca,NY,38,3.309,42.16035,-78.73042,city,
7286,7286,TA MISSOULA,"I-90, EXIT 96 & US-93",Missoula,MT,820,3.699,46.87215,-113.994,city,
7288,7288,TA LAUREL,"I-90, EXIT 437",Laurel,MT,780,3.61233333,45.67451,-108.769008,city,
7289,7289,TA STRAFFORD,"I-44, EXIT 88 & SR-125",Strafford,MO,535,3.36566666,37.279718,-93.10663,city,
7291,7291,TA OAK GROVE TRAVEL CENTER,"I-70, EXIT 28",Oak Grove,MO,400,3.22233333,38.998456,-94.139946,city,
7293,7293,TA Matthews Travel Center,"I-55, EXIT 58 & SR-80",Matthews,MO,574,3.20566666,36.807528,-89.576833,city,
7299,7299,GASPERS - FAST LANE,"I-70, EXIT 148 & US-54",Kingdom City,MO,392,2.959,38.95508,-91.952008,city,
7300,7300,B AND D AUTO TRUCK PLAZA,"I-44, EXIT 127",Lebanon,MO,416,3.099,37.685049,-92.655029,city,
7310,7310,AAA HOSPITALITY,"I-55, EXIT 220",Tillatoba,MS,435,2.784,33.985229,-89.894461,city,
7312,7312,208 FUEL PLAZA,"I-70, EXIT 208",Belmont,OH,430,3.419,40.03202,-81.006564,city,
7314,7314,TA MERIDIAN TRAVEL CENTER,"I-20 & I-59, EXIT 160",Meridian,MS,705,2.91233333,32.36431,-88.70366,city,
7323,7323,TRUCKERS INN,"I-94/US-52, EXIT 127 & US-71",Sauk Centre,MN,453,3.22566666,45.728079,-94.968166,city,
7326,7326,PETRO STOP #398,"I-35 & I-90, EXIT 11",Albert Lea,MN,515,4.099,43.64801,-93.36827,city,
7327,7327,TA TEKONSHA,"I-69,EXIT 25 & SR-60",Tekonsha,MI,385,3.599,42.086326,-84.992602,city,
7331,7331,SPEEDWAY #9266,US-52 & SR-234,Ironton,OH,255,3.699,38.529429,-82.665351,city,
7332,7332,FLYING J #895,"I-75, EXIT 32A",Trenton,MI,325,3.349,42.13949,-83.17826,city,
7335,7335,TA SAWYER TRAVEL CENTER,"I-94, EXIT 12",Sawyer,MI,465,3.694,41.882866,-86.588508,city,
7337,7337,TA BATTLE CREEK,"I-94, EXIT 104",Battle Creek,MI,385,3.994,42.3173,-85.17816,city,
7341,7341,INTERSTATE TRAVEL PLAZA,"I-495, EXIT 14A & US-1",Wrentham,MA,175,3.699,42.061746,-71.339568,city,
7344,7344,BEST QUICK STOP,US-1,Peabody,MA,178,3.61566666,42.52787,-70.92866,city,
7353,7353,DYSARTS SERVICE,"I-95, EXIT 44",Bangor,ME,26,3.799,44.79884,-68.77265,city,
7354,7354,CIRCLE K #4707065,"I-95, EXIT 2",Kittery,ME,125,3.899,43.092128,-70.742876,city,
7357,7357,TA SLIDELL TRAVEL CENTER,"I-10, EXIT 266 & US-190",Slidell,LA,725,3.154,30.27519,-89.78117,city,
7360,7360,KINGS TRUCK STOP,ST 103,Port Barre,LA,600,3.189,30.547788,-91.928576,city,
7364,7364,Petro Stopping Center,"I-80, EXIT 226",Girard,OH,573,3.45233333,41.161136,-80.693305,city,
7370,7370,TA SMITHS GROVE,"I-65, EXIT 38 & SR-101",Smiths Grove,KY,415,3.43233333,37.058104,-86.193757,city,
7371,7371,One9 #392,"I-65, EXIT 81 & SR-84",Sonora,KY,415,3.19566666,37.52207,-85.922969,city,
7372,7372,TA WALTON #28,"I-75/I-71, EXIT 175 & SR-338",Walton,KY,300,3.00233333,38.887491,-84.63277,city,
7379,7379,KEYSTOP TRAVEL CENTER,"I-65, EXIT 2 & US-31W",Franklin,KY,460,2.899,36.725353,-86.570043,city,
7382,7382,TA FLORENCE TRAVEL CENTER,"I-75, EXIT 181",Florence,KY,300,3.07066666,38.99895,-84.62661,city,
7385,7385,WAKEENEY 24 7 STORE #3,"I-70/US-40, EXIT 127 & US-283",Wakeeney,KS,525,3.09066666,39.011415,-99.881824,city,
7387,7387,TA Oakley,"I-70, EXIT 76 & US-40/US-83",Oakley,KS,525,3.649,39.112102,-100.858048,city,
7389,7389,GO MART FOOD STORE #58,"I-77, EXIT 1 & SR-7",Marietta,OH,430,3.799,39.428141,-81.464438,city,
7396,7396,7-ELEVEN #36180,US-20/SR-18,Monroeville,OH,550,3.614,41.218074,-82.70233,city,
7398,7398,FLYING J TRAVEL PLAZA #913,"I-80, EXIT 142 & US-65",Altoona,IA,320,3.348999995,41.64416,-93.46466,city,
7403,7403,FUEL MART #714,"I-75, EXIT 168",North Baltimore,OH,550,3.11233333,41.186703,-83.680581,city,
7406,7406,PILOT TRAVEL CENTER #594,"I-29, EXIT 143",Sioux City,IA,527,3.65233333,42.49999,-96.40031,city,
7407,7407,TA IOWA 80 TRAVEL PLAZA,"I-80, EXIT 284",Walcott,IA,270,3.90233333,41.645309,-90.725603,city,
7408,7408,FRIENDSHIP FOOD MART #99,US-224 & SR-61/SR-598,Willard,OH,249,3.63233333,41.053056,-82.726389,city,
7410,7410,PILOT TRAVEL CENTERS #373,"I-35 & I-80, EXIT 126",Urbandale,IA,320,3.348999995,41.62666,-93.71217,city,
7412,7412,PETRO STOPPING CENTER #374,"I-69, EXIT 245 & SR-28",Gaston,IN,457,3.53566666,40.29479,-85.489842,city,
7416,7416,GOOD TO GO #40,"I-65, EXIT 215 & SR-114",Rensselaer,IN,290,3.20066666,40.947731,-87.133733,city,
7417,7417,SKY CITGO,US-30 & SR-23,Grovertown,IN,365,3.499,41.321969,-86.528905,city,
7418,7418,JJS TRAVEL PLAZA,US-31 & US-24,Peru,IN,370,3.444,40.749203,-86.068044,city,
7421,7421,MIDLAND #1901,"I-70, EXIT 137 AT MILE 137",Cambridge City,IN,375,3.43233333,39.818171,-85.168455,city,
7425,7425,Petro Brazil,"I-70, EXIT 23",Brazil,IN,375,3.989,39.521041,-87.127767,city,
7429,7429,TA CLAYTON,"I-70, EXIT 59 & SR-39",Clayton,IN,375,3.939,39.668154,-86.495921,city,
7435,7435,PETRO STOPPING CENTER #375,"I-65, EXIT 201 & US-231/US-24",Remington,IN,365,3.699,40.766653,-87.15994,city,
7436,7436,TA WHITESTOWN,"I-65/US-52, EXIT 130",Whitestown,IN,375,3.57066666,40.00002,-86.350716,city,
7437,7437,PETRO STOPPING CENTER #379,"I-74, EXIT 143",Greensburg,IN,375,3.999,39.331223,-85.473532,city,
7457,7457,TA EFFINGHAM TRAVEL CENTER,"I-57 & I-70, EXIT 160",Effingham,IL,574,3.419,39.121727,-88.561105,city,
7459,7459,TA Morris Travel Center,"I-80, EXIT 112 & SR-47",Morris,IL,290,3.849,41.367233,-88.417769,city,
7466,7466,PILOT TRAVEL CENTER #595,"I-57, EXIT 54B & SR-13",Marion,IL,540,3.759,37.73061,-88.93313,city,
7469,7469,PILOT TRAVEL CENTERS #313,"I-70/I-55, EXIT 4 & SR-203",East Saint Louis,IL,540,3.509,38.6245,-90.15094,city,
7471,7471,ROAD RANGER #185,"I-55, EXIT 145 & US-136",Mc Lean,IL,280,3.399,40.328159,-89.164483,city,
7482,7482,TA BOISE TRAVEL CENTER,"I-84, EXIT 54",Boise,ID,785,3.77066666,43.6135,-116.20345,city,
7492,7492,Mobil dba One9 #1365,"I-85, EXIT 70",Cusseta,AL,720,2.999,32.803194,-85.215791,city,
7495,7495,RACETRAC #2574,"I-75, EXIT 237, SR-331 & US-41",Forest Park,GA,18,3.109,33.62205,-84.36909,city,
7504,7504,TEXACO,"I-75, EXIT 306 & SR-140",Adairsville,GA,193,3.10566666,34.359527,-84.917634,city,
7506,7506,CHAPMANS TRUCK STOP,"I-85 & SR-219, EXIT 13",Lagrange,GA,50,3.91566666,33.03929,-85.03133,city,
7523,7523,EXPRESS STOP FOOD STORE #4644,"I-75, EXIT 181",Pinconning,MI,260,3.639,43.849079,-84.008162,city,
7533,7533,TA WILDWOOD TRAVEL CENTER,"I-75, EXIT 329 & SR-44",Wildwood,FL,225,3.214,28.845353,-82.03473,city,
7534,7534,TA BALDWIN TRAVEL CENTER,"I-10, EXIT 343 & US-301",Jacksonville,FL,75,3.899,30.33218,-81.65565,city,
7535,7535,GIANT #198,"I-4/SR-400, EXIT 7 & US-301/SR-41",Tampa,FL,225,3.25733333,27.94752,-82.45843,city,
7543,7543,TA NEW HAVEN TRAVEL CENTER,"I-95, EXIT 56",Branford,CT,100,5.069,41.27954,-72.8151,city,
7545,7545,CITGO,"I-95, EXIT 40",Milford,CT,100,3.399,41.22232,-73.0565,city,
7546,7546,SHELL DBA PILOT DEALER #882,"I-95, EXIT 93 & SR-216",North Stonington,CT,73,4.299,41.453113,-71.872701,city,
7551,7551,PWI #525,"I-70, EXIT 295",Watkins,CO,800,3.139,39.762317,-104.583391,city,
7552,7552,TA DENVER WEST TRAVEL CENTER,"I-70, EXIT 266",Wheat Ridge,CO,800,3.41566666,39.7661,-105.07721,city,
7553,7553,BRUSH TRAVEL PLAZA,"I-76, EXIT 90B & SR-71",Brush,CO,800,3.699,40.260255,-103.62788,city,
7574,7574,108 FOOD AND FUEL,"I-40, EXIT 108 & US-66/US-281 BUS",Calumet,OK,483,3.13566666,35.594819,-98.189991,city,
7611,7611,LOVES TRAVEL STOP #167,"I-44, EXIT 83",Chickasha,OK,483,3.16566666,35.05257,-97.93643,city,
7615,7615,HOPI TRAVEL PLAZA CONOCO DBA ONE9 #1270,"I-40, EXIT 292",Holbrook,AZ,930,3.179,34.908451,-110.143412,city,
7617,7617,TUCSON TRUCK TERMINAL,"I-10, EXIT 268",Tucson,AZ,980,3.22233333,32.22174,-110.92648,city,
7622,7622,COPAN TRUCK STOP,US-75,Copan,OK,307,3.119,36.906181,-95.912987,city,
7624,7624,WILLCOX TRUCK PLAZA,"I-10, EXIT 340",Willcox,AZ,980,3.34066666,32.372977,-109.863111,city,
7625,7625,LOVES TRAVEL STOP #248,"I-40, EXIT 71",Clinton,OK,483,3.17233333,35.511543,-98.979533,city,
7627,7627,DAVIS TRADING POST,"I-35, EXIT 55",Davis,OK,569,2.979,34.495301,-97.10843,city,
7629,7629,ARNOLDS TRUCK STOP,US-72/SR-20/SR-157 & CR-59,Tuscumbia,AL,615,3.169,34.687432,-87.683259,city,
7635,7635,TA MONTGOMERY TRAVEL CENTER,"I-65, EXIT 168 & US-80/US-82/SR-6/SR-8",Montgomery,AL,720,3.25233333,32.36681,-86.29997,city,
7636,7636,PILOT TRAVEL CENTERS #76,"I-20 & I-59, EXIT 76",Tuscaloosa,AL,615,3.049,33.20984,-87.56917,city,
7655,7655,LOVES TRAVEL STOP #253,I-40 EXIT 7 & SR 30,Erick,OK,483,3.20566666,35.228586,-99.863463,city,
7705,7705,FLYING J TRAVEL PLAZA #610,"I-40, EXIT 53",Kingman,AZ,910,3.88233333,35.18944,-114.05301,city,
7708,7708,PILOT TRAVEL CENTERS #352,"I-75, EXIT 139",Fort Myers,FL,225,3.799,26.62168,-81.84059,city,
7715,7715,LONDON AUTO TRUCK CENTER,"I-75, EXIT 41 & SR-80",London,KY,405,3.399,37.101605,-84.097498,city,
7718,7718,MR FUEL #717,"I-44, EXIT 251",Villa Ridge,MO,540,3.01566666,38.460108,-90.882198,city,
7719,7719,FLYING J TRAVEL PLAZA #674,"I-70, EXIT 188",Warrenton,MO,540,3.11566666,38.805042,-91.174047,city,
7721,7721,TRAIL STAR TRUCK STOP,"ST 16, EXIT 213",Glendive,MT,807,3.459,47.100813,-104.728716,city,
7722,7722,SAPP BROS TRAVEL CENTER,"I-80, EXIT 353 & US-81",York,NE,330,3.324,40.866678,-97.582482,city,
7724,7724,FUEL MART #767,US-6 & US-23,Bradner,OH,550,3.40733333,41.329789,-83.4456,city,
7725,7725,BELL STORES #48,US-30 & SR-94,Dalton,OH,249,3.38566666,40.779326,-81.70078,city,
7733,7733,FLYING J TRAVEL PLAZA #723,"I-40, EXIT 76",Amarillo,TX,585,3.26566666,35.222,-101.8313,city,
7746,7746,PILOT TRAVEL CENTER #888,"I-27, EXIT 74",Tulia,TX,585,3.34066666,34.540258,-101.762864,city,
7753,7753,LOVES TRAVEL STOP #166,SR-351,Muskogee,OK,560,3.33733333,35.74788,-95.36969,city,
7767,7767,FLYING J TRAVEL PLAZA #759,"I-25, EXIT 7",Cheyenne,WY,795,3.709,41.13998,-104.82025,city,
7768,7768,BIG D #30,"I-25/US-87, EXIT 9 & I-80, EXIT 359C & I-80 BUS/US-30",Cheyenne,WY,795,3.204,41.13998,-104.82025,city,
7792,7792,FLYING J TRAVEL PLAZA #630,"I-75/SR-401, EXIT 201 & SR-36",Jackson,GA,67,3.384,33.282006,-83.978391,city,
7798,7798,CIRCLE K #2745100,"I-95, EXIT 7",Woodbine,GA,75,3.23233333,30.943692,-81.678313,city,
7825,7825,PILOT TRAVEL CENTERS #356,"I-65, EXIT 121",Shepherdsville,KY,415,3.609,38.004515,-85.688767,city,
7838,7838,PILOT #581,"US-52/SR-55, & 117TH ST, MM300",Inver Grove Heights,MN,515,3.579,44.84802,-93.04272,city,
7871,7871,STRIPES 7FLEET #42454,"US-60, US-70 & US-84",Texico,NM,700,3.829,34.395795,-103.061544,city,
7873,7873,One9 #387,"I-80, EXIT 280 & SR- 278",Carlin,NV,835,3.439,40.717216,-116.108208,city,
7886,7886,PETRO STOPPING CENTER #357,"I-70, EXIT 156B & US-40",New Paris,OH,317,3.48733333,39.861718,-84.779337,city,
7930,7930,I 24 TRUCK PLAZA,"I-24, EXIT 114 & US-41",Manchester,TN,460,3.099,35.481667,-86.088611,city,
7946,7946,PILOT TRAVEL CENTERS #289,"I-90/I-39, EXIT 158 & I-43/SR-81, EXIT 1",Beloit,WI,520,3.799,42.50835,-89.03178,city,
7959,7959,SPF #45,"I-25/US-87, EXIT 7 & US-212",Cheyenne,WY,795,3.22566666,41.13998,-104.82025,city,
8840,8840,LOVES TRAVEL STOP #211,"I-35, EXIT 120",Oklahoma City,OK,483,3.25566666,35.46756,-97.51643,city,
8895,8895,PAULS VALLEY TRAVEL CENTER,"I-35, EXIT 72 & SR-19",Pauls Valley,OK,569,2.999,34.738506,-97.219501,city,
8927,8927,LOVES TRAVEL STOP #219,"I-40, EXIT 200",Seminole,OK,560,3.36233333,35.224444,-96.670278,city,
8936,8936,CIRCLE K #107,US-220 & CR-902,Ridgeway,VA,65,3.399,36.5874,-79.86859,city,
8948,8948,PARK N PUMP CIRCLE C,"I-15, EXIT 222",Nephi,UT,835,3.449,39.692275,-111.8359,city,
8961,8961,FLYING J TRAVEL PLAZA #736,"I-20, EXIT 42 & US-285",Pecos,TX,710,3.46566666,31.414384,-103.508129,city,
8977,8977,LOVES TRAVEL STOP #168,"I-44, EXIT 20",Walters,OK,253,3.194,34.360526,-98.313983,city,
8987,8987,LOVES TRAVEL STOP #255,"I-40, EXIT 287 & SR-100",Webbers Falls,OK,645,3.789,35.513787,-95.165881,city,
9160,9160,PILOT TRAVEL CENTERS #912,"I-80, EXIT 300 & SR-40D",Wood River,NE,330,3.28233333,40.810635,-98.606509,city,
9161,9161,TREXLER PLAZA TRUCK STOP,I-78/US-22,Allentown,PA,160,3.63233333,40.60843,-75.49018,city,
9206,9206,CIRCLE K #4707005,US-2 & SR-4,Farmington,ME,170,3.899,44.665339,-70.132878,city,
9216,9216,309 TRUCK STOP,SR-309,Coopersburg,PA,90,3.759,40.507553,-75.388778,city,
9241,9241,7-ELEVEN #40286,"I-76, EXIT 23/312",Elverson,PA,160,3.889,40.156781,-75.786563,city,
9280,9280,ONVO TRAVEL PLAZA - LAKEWOOD,"I-84, EXIT 20 & SR-507",Greentown,PA,200,3.54566666,41.332145,-75.281911,city,
9289,9289,ONVO EXPRESS,"I-81, EXIT 217 & SR-547",Harford,PA,200,3.609,41.779891,-75.678632,city,
9340,9340,LANCASTER TRAVEL PLAZA,US-30,Ronks,PA,208,3.899,40.020754,-76.166132,city,
9354,9354,BFS FOODS TRUCK PLAZA,"I-79, EXIT 1",Mount Morris,PA,165,4.499,39.744289,-80.096763,city,
9365,9365,FLYING J TRAVEL PLAZA #713,"I-95, EXIT 181",Latta,SC,63,3.349,34.339829,-79.441704,city,
9381,9381,SCOTT FUEL TRAVEL PLAZA,"I-81, EXIT 199",Dalton,PA,200,3.599,41.539496,-75.703737,city,
9382,9382,PILOT TRAVEL CENTERS #286,"I-70, EXIT 10 & SR-127",Eaton,OH,317,3.46233333,39.742572,-84.650849,city,
9383,9383,PILOT TRAVEL CENTERS #285,"I-70, EXIT 126 & SR-37",Hebron,OH,315,3.44566666,39.953464,-82.491868,city,
9386,9386,PETRO STOPPING CENTER #325,"I-75, EXIT 167",North Baltimore,OH,550,3.27066666,41.186703,-83.680581,city,
9403,9403,PILOT TRAVEL CENTERS #280,"I-78, EXIT 7 & SR-173",Bloomsbury,NJ,105,3.809,40.64366,-75.09664,city,
9415,9415,7-ELEVEN #40287,"I-76, EXIT 24A/326",Wayne,PA,160,3.889,40.044,-75.38769,city,
9423,9423,PETRO STOPPING CENTER #318,"I-70, EXIT 148",Kingdom City,MO,540,3.05733333,38.95508,-91.952008,city,
9449,9449,CORNER PANTRY #127,"I-26, EXIT 115 & US-321",West Columbia,SC,135,3.41233333,33.99349,-81.07398,city,
9451,9451,TA BETO JUNCTION TRAVEL CENTER,"I-35, EXIT 155 & US-75",Lebo,KS,336,3.23066666,38.416085,-95.822174,city,
9467,9467,TA PORTER TRAVEL CENTERS,"I-94, EXIT 22B & US-20",Chesterton,IN,365,3.849,41.603949,-87.050196,city,
9468,9468,TA LAKE STATION,"I-80 & I-94, EXIT 15B",Lake Station,IN,365,3.849,41.568629,-87.262209,city,
9469,9469,TA EXPRESS COWPENS #477,"I-85, EXIT 83 & SR-110",Cowpens,SC,210,3.399,35.038979,-81.822019,city,
9485,9485,PILOT TRAVEL CENTER #4559,"I-20, EXIT 26",Villa Rica,GA,18,3.419,33.71729,-84.929697,city,
9513,9513,CIRCLE K #2705350,"I-20, EXIT 5 & US-25",North Augusta,SC,135,3.159,33.5018,-81.96512,city,
9525,9525,SCOTCHMAN #3891,"I-77, EXIT 65 & SR-9",Richburg,SC,46,3.109,34.682185,-80.989061,city,
9528,9528,GO MART FOOD STORE #43,"I-64, EXIT 39 & SR-34",Teays,WV,44,3.499,38.441667,-81.953056,city,
9542,9542,SPINX #266,"I-26, EXIT 104",Columbia,SC,135,3.13233333,34.00071,-81.03481,city,
9550,9550,Mauston Interstate BP,"I-90/I-94, EXIT 69 & SR-82",Mauston,WI,420,3.22733333,43.793383,-90.064085,city,
9553,9553,LYNDON STATION BP,I-90 & 94 EXIT 79,Lyndon Station,WI,420,3.177,43.689875,-89.891543,city,
9554,9554,BIG D OIL #2,US-85 & US-34,Belle Fourche,SD,506,3.22733333,44.672281,-103.839601,city,
9614,9614,DITTYS,"I-90, EXIT 284 & SR-45",Kimball,SD,455,3.089,43.712881,-98.934305,city,
9618,9618,FLYING J #477,US-75,Anna,TX,630,3.239,33.344516,-96.563862,city,
9638,9638,PILOT TRAVEL CENTERS #62,"I-95, EXIT 170 & SR-327",Florence,SC,46,3.349,34.19543,-79.76256,city,
9668,9668,COFFEE CUP FUEL STOP #4,"I-90, EXIT 310 & SR-281",Plankinton,SD,455,3.02733333,43.737287,-98.469395,city,
9675,9675,FLYING J TRAVEL PLAZA #722,"I-75 & I-40, EXIT 369",Knoxville,TN,405,3.439,35.96064,-83.92074,city,
9699,9699,SPEEDWAY #9400,US-30/US-62 & SR-297,Canton,OH,249,3.369,40.79895,-81.37845,city,
9703,9703,PILOT TRAVEL CENTERS #2,"I-90, EXIT 223 & SR-45",Austinburg,OH,305,3.859,41.75536,-80.858422,city,
9712,9712,TA GREENSBORO TRAVEL CENTER,"I-40 & I-85, EXIT 138 & SR-61",Whitsett,NC,65,3.99733333,36.032981,-79.597151,city,
9713,9713,TA Express Vermillion #275,"I-29, EXIT 26 & SR-50",Burbank,SD,572,3.099,42.763798,-96.846569,city,
9717,9717,COFFEE CUP FUEL STOP #8,"I-90, EXIT 212 & SR-83",Vivian,SD,455,3.09733333,43.95352,-100.285989,city,
9724,9724,One9 #1339,"I-81, EXIT 34",Parish,NY,190,3.799,43.415295,-76.100023,city,
9746,9746,TA MILL CITY TRAVEL CENTER,"I-80, EXIT 151",Imlay,NV,966,3.794,40.652217,-118.02115,city,
9747,9747,GOOD TO GO TRAVEL CENTER,"I-80, EXIT 353 & US-81",York,NE,350,3.31733333,40.866678,-97.582482,city,
9763,9763,DELUXE TRUCK STOP,SR-759,Saint Joseph,MO,400,3.149,39.76861,-94.84663,city,
9783,9783,KANGAROO CROSSING #1101,"I-55, EXIT 144",Pickens,MS,705,3.099,32.890519,-89.973707,city,
9803,9803,TA KNOXVILLE WEST TRAVEL CENTER,"I-40 & I-75, EXIT 369",Knoxville,TN,405,3.42566666,35.96064,-83.92074,city,
9808,9808,TA ANN ARBOR TRAVEL CENTER,"I-94, EXIT 167",Dexter,MI,325,3.639,42.35832,-83.900028,city,
9812,9812,LEES FOOD MART #1398,"I-40, EXIT 398",Knoxville,TN,405,3.299,35.96064,-83.92074,city,
9818,9818,CIRCLE K #4707002,"I-95, EXIT 157",Newport,ME,170,3.899,44.839264,-69.267498,city,
9821,9821,PILOT TRAVEL CENTERS #52,"I-24, EXIT 64",La Vergne,TN,460,3.47233333,36.01562,-86.58194,city,
9842,9842,Petes #03,US-59 & US-54,Moran,KS,336,3.26566666,37.934159,-95.164733,city,
9843,9843,MAPLE HILL TRUCK STOP,"I-70, EXIT 341",Maple Hill,KS,553,3.05233333,39.069456,-96.018727,city,
9851,9851,KWIK STOP #86,US-151/US-52/US-61,Dubuque,IA,335,3.489,42.50056,-90.66457,city,
9855,9855,PILOT TRAVEL CENTERS #37,"I-65, EXIT 95",Whiteland,IN,375,3.959,39.555313,-86.093476,city,
9860,9860,PARADISE AUTO TRUCK PLAZA,US-31,Rochester,IN,370,3.40566666,41.065493,-86.231007,city,
9862,9862,PILOT TRAVEL CENTERS #271,"I-80, EXIT 6",Gary,IN,365,3.814,41.59337,-87.34643,city,
9887,9887,7-ELEVEN #40354,"I-95, EXIT 173",Palm Bay,FL,140,3.21566666,28.03446,-80.58866,city,
9941,9941,FLYING J TRAVEL PLAZA #609,"I-10, EXIT 208-A",Eloy,AZ,930,3.45233333,32.7559,-111.55484,city,
9945,9945,CIRCLE K #2706690,"I-85/US-29, EXIT 62 & US-280/US-431/SR-38/SR-1",Opelika,AL,50,2.999,32.64541,-85.37828,city,
9959,9959,FLYING J #876,"I-95, EXIT 104",Ruther Glen,VA,180,3.619,37.945059,-77.47135,city,
9962,9962,STRIPES #40673,"I-45, EXIT 179",Mcallen,TX,639,3.289,26.20341,-98.23001,city,
9971,9971,TA DANSVILLE TRAVEL CENTER,"I-390 & COMMERCE, EXIT 5",Dansville,NY,190,4.499,42.569975,-77.710907,city,
9973,9973,BOLLA MARKET,"I-287, EXIT 66",Mahwah,NJ,115,3.53233333,41.08871,-74.14376,city,
9990,9990,JIMS BEST STOP,US-45 & US-64,Selmer,TN,435,3.174,35.169124,-88.595832,city,
9995,9995,LOVES TRAVEL STOP #411,"I-35 & I-80, EXIT 125 & US-6",Clive,IA,320,3.34066666,41.60304,-93.72411,city,
9997,9997,Circle K #2723687,"I-20, EXIT 11 & US-27/SR-1",Bremen,GA,193,3.08733333,33.730872,-85.128638,city,
10006,10006,FLINT HILLS FUEL MART,US-50 & US-77,Florence,KS,336,3.499,38.241536,-96.934561,city,
10007,10007,CIRCLE K #2705346,SR-307,Savannah,GA,195,3.03233333,32.08354,-81.09983,city,
10014,10014,Sudden Service #6604,"I-40, EXIT 212",Nashville,TN,460,3.399,36.16589,-86.78444,city,
10015,10015,Loves Travel Stop #429,"I-65 & I-24, EXIT 87",Nashville,TN,460,3.46233333,36.16589,-86.78444,city,
10020,10020,Maplefields,"US-4, EXIT 2 & SR-22A",Fair Haven,VT,39,3.599,43.62345,-73.270068,city,
10024,10024,MILLERS TRAVEL CENTER,US-6 & US-50,Wellington,UT,835,3.659,39.537257,-110.736954,city,
10028,10028,GOOD TO GO #10,US-35,Winamac,IN,290,3.914,41.056242,-86.630697,city,
10030,10030,LOVES TRAVEL STOP #715,I-77 EXIT 58 & SR-666 & US-52,Bastian,VA,185,3.59733333,37.15742,-81.198855,city,
10033,10033,SHELL,"I-95, EXIT 133 & US-17 BUS",Fredericksburg,VA,180,3.25566666,38.30318,-77.46054,city,
10047,10047,TOWN PUMP FOOD STORE #8929,"I-15, EXIT 339",Conrad,MT,815,3.599,48.178346,-111.939665,city,
10053,10053,BECKS #27,"I-39/US-51, EXIT 72 & US-34",Mendota,IL,270,3.269,41.544308,-89.10828,city,
10057,10057,Flying J Travel Plaza #649,"I-465, EXIT 4",Indianapolis,IN,375,3.899,39.76838,-86.15804,city,
10058,10058,CITGO,US-431/SR-1 & SR-27,Abbeville,AL,10,3.399,31.575479,-85.279044,city,
10065,10065,ROAD MART,US-71/US-59,Ashdown,AR,723,3.299,33.678711,-94.135102,city,
10077,10077,FLYING J TRAVEL PLAZA #607,"I-55, EXIT 4 & I-40, EXIT 280",West Memphis,AR,435,3.15066666,35.14648,-90.18454,city,
10085,10085,EL CENTRO TRAVEL CENTER,"I-8, EXIT 115 & SR-86",El Centro,CA,900,4.499,32.792,-115.56305,city,
10101,10101,PILOT TRAVEL CENTERS #65,"I-20, EXIT 194",Augusta,GA,135,3.859,33.47097,-81.97484,city,
10104,10104,GEO H GREEN OIL,"I-85/SR-403, EXIT 41 & US-27 ALT",Newnan,GA,18,3.199,33.38067,-84.79966,city,
10109,10109,GIT N GO CONVENIENCE STORE #34,"US-30, EXIT 185 & SR-14",Marshalltown,IA,320,3.119,42.04943,-92.90798,city,
10110,10110,JACKSON'S FOODS DBA ONE9 #1427,"I-84, EXIT 36",Nampa,ID,785,3.37066666,43.54072,-116.56346,city,
10116,10116,Petro Stopping Center #359,"I-39/US-51, EXIT 99 & SR-38",Rochelle,IL,520,3.759,41.928156,-89.071035,city,
10122,10122,LOVES TRAVEL STOP #417,"I-80 & I-94, EXIT 9A",Gary,IN,365,3.809,41.59337,-87.34643,city,
10126,10126,PILOT TRAVEL CENTERS #152,"I-65, EXIT 16 & MEMPHIS RD",Memphis,IN,415,3.959,38.464181,-85.777501,city,
10128,10128,PETES #20,US-54/SR-7 & US-69,Fort Scott,KS,307,3.199,37.834159,-94.704221,city,
10135,10135,YESWAY #1116,"I-35, EXIT 60",Mcpherson,KS,434,3.259,38.373732,-97.654989,city,
10142,10142,PILOT TRAVEL CENTERS #438,"I-65, EXIT 6 & SR-100",Franklin,KY,415,3.169,36.725353,-86.570043,city,
10144,10144,PILOT TRAVEL CENTERS #358,"I-24 & US-305, EXIT 3",Paducah,KY,490,3.699,37.08339,-88.60005,city,
10146,10146,PILOT TRAVEL CENTERS #437,"I-75, EXIT 11 & SR-92",Williamsburg,KY,410,3.609,36.735535,-84.143592,city,
10150,10150,PILOT TRAVEL CENTERS #300,"I-12, EXIT 40",Hammond,LA,725,3.23233333,30.50463,-90.46293,city,
10154,10154,I 49 TRUCK STOP,"I-49, EXIT 23 & US-167",Opelousas,LA,600,3.199,30.53353,-92.08151,city,
10157,10157,J AND H OIL,"US-131, EXIT 72",Byron Center,MI,344,3.549,42.801614,-85.713602,city,
10161,10161,SPEEDWAY #8740,"I-69, EXIT 87",Dewitt,MI,342,3.679,42.842784,-84.579654,city,
10168,10168,Express Stop,"I-94, EXIT 145",Jackson,MI,385,3.589,42.24587,-84.40135,city,
10172,10172,EXPRESS STOP FOOD STORE #4647,"I-75, EXIT 151 & SR- 81",Saginaw,MI,260,3.399,43.41947,-83.95081,city,
10181,10181,QUIKTRIP #611,I-55 EXIT 178,Herculaneum,MO,540,2.99066666,38.260087,-90.387095,city,
10184,10184,CIRCLE K #2721544,"I-55, EXIT 243 & US-278/SR-6",Batesville,MS,435,3.309,34.331651,-89.91418,city,
10192,10192,INTERSTATE STATION #8,"I-55, EXIT 78",Natchez,MS,760,3.399,31.56017,-91.40329,city,
20000,20000,BIG BOYS TRUCK STOP,"I-95, EXIT 105",Kenly,NC,205,3.299,35.607742,-78.138227,city,
20003,20003,PILOT #7976,"I-77, EXIT 42",Troutman,NC,46,3.659,35.686271,-80.882229,city,
20006,20006,CENEX C STORE,US-52,Kenmare,ND,452,3.46733333,48.673149,-102.071745,city,
20009,20009,BIG SPRINGS TRUCK AND TRAVEL,"I-80, EXIT 107",Big Springs,NE,475,3.074,41.069621,-102.093273,city,
20011,20011,CUBBYS #111,US-81,Norfolk,NE,470,3.209,42.02834,-97.417,city,
20012,20012,FLYING J TRAVEL PLAZA #686,"I-80, EXIT 432",Gretna,NE,319,3.28233333,41.134458,-96.245837,city,
20014,20014,SIMONS EXIT 16,"I-89, EXIT 16",Enfield,NH,39,3.499,43.625584,-72.127014,city,
20019,20019,SUNOCO,"I-295, EXIT 2C & SR-140",Penns Grove,NJ,150,3.459,39.717938,-75.465623,city,
20024,20024,LOVES TRAVEL STOP #259,"I-10 & AIRPORT RD, EXIT 132",Las Cruces,NM,640,3.214,32.31232,-106.77834,city,
20027,20027,LOVES TRAVEL STOP #262,"I-40, EXIT 333",Tucumcari,NM,585,3.889,35.168003,-103.717935,city,
20028,20028,MORTONS TRUCK STOP,"I-15, EXIT 46",North Las Vegas,NV,910,3.399,36.19886,-115.1175,city,
20031,20031,FLYING J TRAVEL PLAZA #770,"I-80, EXIT 176",Winnemucca,NV,966,3.77733333,40.966418,-117.746693,city,
20033,20033,LOVES TRAVEL STOP #772,"I-86 & SR-17, EXIT 37",Bath,NY,190,4.489,42.345451,-77.323255,city,
20036,20036,SMOKIN JOES,I-90 EXIT 24,Sanborn,NY,38,3.699,43.141879,-78.878522,city,
20042,20042,FLYING J TRAVEL PLAZA #700,I-80 & I-90 EXIT 71,Perrysburg,OH,550,3.759,41.557,-83.62716,city,
20043,20043,FRIENDSHIP FOOD MART #70,SR-2 & SR-53,Port Clinton,OH,550,3.939,41.521535,-82.909368,city,
20045,20045,PILOT TRAVEL CENTERS #281,"I-80, EXIT 226",Girard,OH,573,3.45233333,41.161136,-80.693305,city,
20049,20049,LOVES TRAVEL STOP #263,"I-44, EXIT 45 & SR-49",Lawton,OK,569,3.21733333,34.60869,-98.39033,city,
20050,20050,LOVES TRAVEL STOP #260,"I-35, EXIT 106 & SR-9 W",Norman,OK,483,3.254,35.22257,-97.43948,city,
20054,20054,Jacksons Food Stores,"I-84, EXIT 261",La Grande,OR,925,3.687,45.330435,-118.085228,city,
20062,20062,PILOT TRAVEL CENTERS #298,"I-80, EXIT 256 & SR-93",Drums,PA,200,3.97566666,41.025525,-75.97676,city,
20066,20066,KWIK FILL #228,"I-90, EXIT 45 & US-20",North East,PA,240,4.089,42.200793,-79.833179,city,
20070,20070,ONVO TRAVEL PLAZA - PROMISED LAND,"I-84, EXIT 26 & SR-390",Tafton,PA,200,3.54566666,41.369445,-75.101598,city,
20072,20072,PILOT TRAVEL CENTERS #310,"I-85, EXIT 63 & SR-290",Duncan,SC,210,3.43233333,34.917645,-82.125821,city,
20079,20079,PETRO KINGSTON SPRINGS #349,"I-40, EXIT 188",Kingston Springs,TN,460,3.23233333,36.095324,-87.115646,city,
20082,20082,GOLDEN EXPRESS TRUCK STOP,US-287/US-81 & CR-1595,Alvord,TX,637,3.049,33.36982,-97.688488,city,
20083,20083,FLYING J TRAVEL PLAZA #724,"I-10, EXIT 0",Anthony,TX,640,3.459,31.990718,-106.597625,city,
20086,20086,LOVES TRAVEL STOP #609,"I-35, EXIT 471 & US-77",Denton,TX,630,3.24733333,33.21484,-97.13307,city,
20105,20105,CEFCO #1050,"I-30, EXIT 146 & US-37",Mount Vernon,TX,723,2.94233333,33.170204,-95.218106,city,
20108,20108,TEX-BEST #501,"I-37, EXIT 125",Elmendorf,TX,740,2.949,29.230793,-98.371982,city,
20109,20109,PILOT TRAVEL CENTERS #306,"I-10, EXIT 582",San Antonio,TX,740,3.214,29.42412,-98.49363,city,
20114,20114,CROSSROADS,"I-10, EXIT 829 & SR-124",Winnie,TX,610,4.249,29.815676,-94.339499,city,
20118,20118,KWIK TRIP #648,"I-94, EXIT 116 & SR-54",Black River Falls,WI,395,3.23733333,44.292101,-90.847952,city,
20119,20119,FREMONT CITGO,US-10 & SR-110,Fremont,WI,444,3.399,44.237884,-88.844852,city,
20121,20121,GO MART FOOD STORE #50,"I-77/I-64, EXIT 44 & SR-3",Beckley,WV,44,3.599,37.77817,-81.18816,city,
44228,44228,I-69 TRUCKSTOP TRAVEL CENTER,"I-69, EXIT 184 & SR-19",Memphis,MI,342,3.549,42.905955,-82.769623,city,
52040,52040,REBEL TRUCK STOP,"I-5, EXIT 27",Kalama,WA,935,4.499,46.011229,-122.816588,city,
52048,52048,PILOT TRAVEL CENTERS #302,"I-10, EXIT 13 & CR-30",Theodore,AL,715,3.179,30.544374,-88.180748,city,
52052,52052,EXPRESSWAY MOBIL,US-63 & US-167,El Dorado,AR,635,3.599,33.20763,-92.66627,city,
52065,52065,76 DBA ONE9 #1415,"I-75, EXIT 49",Lake Panasoffkee,FL,225,3.17233333,28.795261,-82.136279,city,
52067,52067,PETRO STOPPING CENTER #322,"I-285, EXIT 12",Atlanta,GA,18,3.44566666,33.749,-84.38798,city,
52070,52070,FRIENDLY EXPRESS #31,US-1 & US-301,Folkston,GA,75,3.099,30.850838,-82.011617,city,
52081,52081,MCCLURE OIL #9,US-31 & SR-18,Kokomo,IN,375,3.839,40.48643,-86.1336,city,
52085,52085,RUSSELL 24/7,"I-70, EXIT 184",Russell,KS,357,3.00733333,38.880563,-98.859451,city,
52088,52088,CASEYS #4459,"I-64, EXIT 265",Mayfield,KY,490,3.249,36.732686,-88.650637,city,
52089,52089,SHELL,US-84 & SR-28,Jonesville,LA,719,3.399,31.636486,-91.845812,city,
52090,52090,SHOP A LOTT #10,"I-49, EXIT 138 & SR-6",Natchitoches,LA,766,3.12566666,31.76072,-93.08627,city,
52099,52099,BEACON & BRIDGE #7,"I-75, EXIT 126",Mount Morris,MI,342,3.379,43.11601,-83.689523,city,
52103,52103,SPRINT MART #27,US-45 & US-72,Corinth,MS,435,3.05566666,34.93236,-88.543884,city,
52104,52104,BLUE SKY #734,SR-1,Saltillo,MS,435,3.08233333,34.383128,-88.66736,city,
52106,52106,FLYING J TRAVEL PLAZA #923 -TOWN PUMP,"I-90, EXIT 455",Billings,MT,780,3.58066666,45.78329,-108.50069,city,
52107,52107,PILOT #7983,"I-85, EXIT 71",Salisbury,NC,46,3.499,35.67097,-80.47423,city,
52112,52112,SROKAS SERVICE CENTER,SR-149,Fort Ann,NY,12,3.899,43.428457,-73.478381,city,
52128,52128,Sudden Service #8087,I-40 EXIT 238,Lebanon,TN,460,3.199,36.20811,-86.2911,city,
52140,52140,Sinclair,"I-82, EXIT 69",Sunnyside,WA,925,4.599,46.32374,-120.00865,city,
52142,52142,PILOT TRAVEL CENTERS #296,"I-94 & BAKER RD, EXIT 167",Dexter,MI,325,3.614,42.35832,-83.900028,city,
52143,52143,One9 #319,"I-75, EXIT 328",Dalton,GA,285,3.01566666,34.7698,-84.97022,city,
52145,52145,Pilot Travel Center #318,"I-465/I-74/US-52/US-40/SR-67, EXIT 4 & SR-37",Indianapolis,IN,375,3.899,39.76838,-86.15804,city,
52146,52146,FLYING J TRAVEL PLAZA #758,"I-25, EXIT 185 & SR-258",Casper,WY,790,3.999,42.86663,-106.31308,city,
52149,52149,PILOT TRAVEL CENTERS #321,"I-75/71, EXIT 175 & SR-338",Walton,KY,300,3.08566666,38.887491,-84.63277,city,
52150,52150,PILOT TRAVEL CENTERS #311,"I-90, EXIT 27 & SR-97",Erie,PA,240,4.21566666,42.12922,-80.08506,city,
52152,52152,PILOT TRAVEL CENTERS #308,"I-80 , EXIT 310",Laramie,WY,795,3.609,41.31137,-105.5911,city,
52153,52153,PILOT TRAVEL CENTER #1412,"I-94 & RUSSELL RD, EXIT 1",Wadsworth,IL,444,3.769,42.446032,-87.904048,city,
52155,52155,TA SOUTHINGTON TRAVEL CENTER,"I-84, EXIT 28 & US-65",Milldale,CT,100,5.199,41.565833,-72.892222,city,
52163,52163,PILOT TRAVEL CENTERS #67,"I-75, EXIT 296",Cartersville,GA,18,3.55733333,34.16533,-84.80231,city,
52212,52212,FLYING J TRAVEL PLAZA #763,"I-80, EXIT 209",Rawlins,WY,795,3.749,41.795131,-107.234883,city,
52221,52221,FLYING J TRAVEL PLAZA #726,"I-20, EXIT 472",Dallas,TX,630,3.18233333,32.78306,-96.80667,city,
52222,52222,FLYING J TRAVEL PLAZA #735,"I-10, EXIT 873 & SR-62",Orange,TX,610,3.309,30.09299,-93.73655,city,
52230,52230,ONE9 #294,"I-15 & I-84, EXIT 344 SR-39",Ogden,UT,835,3.32566666,41.223,-111.97383,city,
52233,52233,SPEEDWAY #2953,"US-80, EXIT 3",Yuma,AZ,900,3.46566666,32.72532,-114.6244,city,
52235,52235,PETRO STOPPING CENTER #303,"I-80, EXIT 310",Laramie,WY,795,3.57566666,41.31137,-105.5911,city,
52236,52236,CHEVRON,US-60,Globe,AZ,930,4.299,33.402426,-110.789247,city,
52239,52239,PILOT TRAVEL CENTERS #192,"I-75, EXIT 60",Tifton,GA,10,3.609,31.45046,-83.5085,city,
52241,52241,Rocket,"I-25/US-85/US-87, EXIT 161 & SR-105",Monument,CO,803,3.195,39.100726,-104.85416,city,
52250,52250,PILOT TRAVEL CENTERS #222,I-84 EXIT 1,Sturbridge,MA,215,4.159,42.112619,-72.084233,city,
52255,52255,GREATER CHICAGO I 55,"I-55, EXIT 267 & SR-53",Bolingbrook,IL,290,3.464,41.69864,-88.0684,city,
52262,52262,CIRCLE K #2721577,US-84 & SR-21,Monroeville,AL,715,3.434,31.51533,-87.340993,city,
52278,52278,NEIGHBORS EXPRESS,US-25/SR-121/SR-23/SR-67,Millen,GA,135,3.38233333,32.787739,-81.961807,city,
52297,52297,IGA EXPRESS SHELL #874,"I-65, EXIT 20",Bowling Green,KY,460,2.999,36.99032,-86.4436,city,
52299,52299,415 TRUCK STOP,"I-10, EXIT 151 & SR-415",Port Allen,LA,600,3.089,30.471983,-91.254088,city,
52302,52302,LONGHORN TRUCK AND CAR PLAZA,"I-10, EXIT 4",Vinton,LA,690,3.274,30.201523,-93.572808,city,
52304,52304,Fast Stop,"I-10, EXIT 182 & SR-22",Sorrento,LA,600,3.699,30.185388,-90.86314,city,
52307,52307,CASEYS #3002,SR-60 & SR-30/SR-4,Saint James,MN,425,3.219,43.987519,-94.622935,city,
52313,52313,CIRCLE K #2723445,"I-20, EXIT 5A & US-61/SR-27",Vicksburg,MS,760,2.959,32.35265,-90.87788,city,
52322,52322,BOLLA MARKET,"I-95, EXIT 13",Elizabeth,NJ,115,3.099,40.66399,-74.2107,city,
52323,52323,POWER,"I-78, EXIT 58 & SR-9/SR-1",Newark,NJ,115,4.299,40.73566,-74.17237,city,
52325,52325,MIRABITO #69,"I-88, EXIT 15 & SR-23",Oneonta,NY,12,3.999,42.462453,-75.049072,city,
52326,52326,MR FUEL #715,"I-70, EXIT 203",Foristell,MO,540,2.92566666,38.762557,-90.934328,city,
52334,52334,KWIK TRIP #775,"I-90, EXIT 69 & SR-82",Mauston,WI,420,3.28733333,43.793383,-90.064085,city,
52335,52335,SHELL,"I-295, EXIT 3",Disputanta,VA,180,3.029,37.148268,-77.273172,city,
52340,52340,KWIK FILL #249,US-22,Duncansville,PA,14,4.07233333,40.426228,-78.43833,city,
52344,52344,STAMART 1224,"I-94, EXIT 166",Bismarck,ND,273,3.61566666,46.80833,-100.78374,city,
52346,52346,QUARLES #4436,"I-695, EXIT 41 & SR-151",Dundalk,MD,22,3.699,39.25066,-76.52052,city,
52348,52348,SHELL,"I-75, EXIT47 & SR-85",Detroit,MI,325,3.699,42.33143,-83.04575,city,
52361,52361,PAYLESS FUEL TRAVEL CENTER,"I-20, EXIT 470",Dallas,TX,630,2.98566666,32.78306,-96.80667,city,
52363,52363,SPEEDWAY #2376,US-131 & SR-46,Cedar Springs,MI,456,3.899,43.22148,-85.545238,city,
52364,52364,PILOT TRAVEL CENTERS #335,"I-20 & SR-137, EXIT 138",Rayville,LA,760,3.21233333,32.468938,-91.7643,city,
52365,52365,MOORES SUPER STORE,US-43/US-278/SR-171,Hamilton,AL,615,3.799,34.153413,-88.008521,city,
52366,52366,ALMA TRAVEL MART,"I-40, EXIT 13 & US-71",Alma,AR,645,3.33233333,35.500043,-94.207337,city,
52367,52367,DOSWELL TRUCK STOP,"I-95, EXIT 98 & SR-30",Doswell,VA,180,2.899,37.841682,-77.512521,city,
52383,52383,FLYING J TRAVEL PLAZA #601,"I-20/I-59, EXIT 104",Mc Calla,AL,615,3.17066666,33.284546,-87.102379,city,
52384,52384,PILOT TRAVEL CENTERS #337,"I-95, EXIT 164 & US-52",Florence,SC,46,3.349,34.19543,-79.76256,city,
52385,52385,Flying J Travel Plaza #696,"I-71, EXIT 131",Sunbury,OH,315,3.719,40.265499,-82.851051,city,
52387,52387,MARATHON,"I-55, EXIT 265 & SR-4",Senatobia,MS,435,3.199,34.632306,-89.885501,city,
52388,52388,FLYING J TRAVEL PLAZA #711,"I-85, EXIT 102",Blacksburg,SC,46,3.429,35.115047,-81.508004,city,
52393,52393,CASEYS #3004,SR-15 & CR-52,Truman,MN,425,3.299,43.820008,-94.431862,city,
52400,52400,PILOT TRAVEL CENTERS #324,"I-94/US-41, EXIT 329",Franksville,WI,444,3.889,42.785892,-87.987273,city,
52401,52401,LOVES TRAVEL STOP #267,"I-40, EXIT 107 & SR-95",Morrilton,AR,695,3.36066666,35.169227,-92.735436,city,
52402,52402,FLYING J TRAVEL PLAZA #665,"I-20, EXIT 3 & SR-79",Greenwood,LA,745,3.14566666,32.424025,-93.969252,city,
52403,52403,FLYING J TRAVEL PLAZA #676,"I-10, EXIT 31",Gulfport,MS,733,3.14566666,30.36742,-89.09282,city,
52404,52404,PETRO WELLS,"I-80, EXIT 352",Wells,NV,835,3.73233333,41.129798,-114.532752,city,
52405,52405,FLYING J TRAVEL PLAZA #636,"I-80, EXIT 292",Davenport,IA,270,3.87233333,41.52364,-90.57764,city,
52411,52411,SAPP BROS TRAVEL CENTER,"I-215, EXIT 21",Salt Lake City,UT,835,3.399,40.76078,-111.89105,city,
52413,52413,PILOT TRAVEL CENTERS #360,"I-75 & SR-613, EXIT 164",Findlay,OH,411,3.31566666,41.04422,-83.64993,city,
52414,52414,Mobil dba ONE9 #1341,"I-5, EXIT 208",Arlington,WA,977,3.799,48.19871,-122.12514,city,
52421,52421,SHEETZ #194,"I-80, EXIT 97",Falls Creek,PA,14,3.30733333,41.145505,-78.812791,city,
52422,52422,KWIK TRIP #674,"I-94, EXIT 45 & US-12/SR-29",Menomonie,WI,295,3.499,44.87552,-91.91934,city,
52423,52423,PILOT TRAVEL CENTER #908- TOWN PUMP,"I-15 & I-90, EXIT 122",Butte,MT,816,3.56566666,46.00382,-112.53474,city,
52426,52426,J MART #322,"I-65, EXIT 322",Falkville,AL,615,3.199,34.347653,-86.913086,city,
52427,52427,PILOT TRAVEL CENTERS #340,"I-80, EXIT 46",Fernley,NV,966,3.91566666,39.60797,-119.25183,city,
52428,52428,PILOT TRAVEL CENTERS #338,"I-26, EXIT 115 & US-321",West Columbia,SC,135,3.499,33.99349,-81.07398,city,
52430,52430,CHEVRON FOOD MART,"I-75, EXIT 350 & SR-2",Ringgold,GA,285,2.859,34.92052,-85.154908,city,
52431,52431,WOODBINE TRAVEL CENTER,"I-95, EXIT 14",Woodbine,GA,75,3.03233333,30.943692,-81.678313,city,
52435,52435,CM WINNERS CHOICE,"I-10 & SR-108, EXIT 23",Sulphur,LA,690,3.299,30.23659,-93.37738,city,
52438,52438,NEW MADRID,"I-55, EXIT 52/SR-P",New Madrid,MO,275,3.269,36.607284,-89.536645,city,
52439,52439,CIRCLE K #2723395,US-11,Hattiesburg,MS,620,3.199,31.32712,-89.29034,city,
52441,52441,PILOT #6990,"I-95, EXIT 106",Kenly,NC,205,3.709,35.607742,-78.138227,city,
52450,52450,PILOT #1290,"I-35, EXIT 410 & US-77",Red Oak,TX,630,3.299,32.516096,-96.820337,city,
52452,52452,PLAINVIEW TRAVEL PLAZA,"US-41, EXIT 113 & SR-26",Oshkosh,WI,444,3.199,44.02471,-88.54261,city,
52454,52454,PILOT TRAVEL CENTERS #6,"I-70, EXIT 178 & SR-209",Cambridge,OH,315,3.509,40.030501,-81.591277,city,
52455,52455,LOVES TRAVEL STOP #266,"I-35, EXIT 32",Ardmore,OK,253,3.649,34.17426,-97.14363,city,
52456,52456,PILOT TRAVEL CENTERS #317,"I-44, EXIT 4 (ST 435)",Joplin,MO,277,3.41233333,37.08423,-94.51328,city,
52458,52458,PILOT TRAVEL CENTERS #332,"I-40, EXIT 161 & SR-391",North Little Rock,AR,695,3.238,34.76954,-92.26709,city,
52461,52461,FLORENCE VALERO,US-130,Burlington,NJ,160,3.13566666,40.068015,-74.845353,city,
52463,52463,PILOT TRAVEL CENTERS #341,"I-15, EXIT 48",North Las Vegas,NV,910,3.69566666,36.19886,-115.1175,city,
52464,52464,7-ELEVEN #40118,ST 220 & I-180,Muncy,PA,138,4.359,41.213715,-76.763258,city,
52465,52465,FLYING J TRAVEL PLAZA #605,"I-40, EXIT 84",Russellville,AR,695,3.369,35.27842,-93.13379,city,
52466,52466,FLYING J TRAVEL PLAZA #784,"I-95, EXIT 100 & SR-272",North East,MD,22,4.199,39.604535,-75.953805,city,
52467,52467,FLYING J TRAVEL PLAZA #712,"I-20, EXIT 70",Columbia,SC,135,3.43233333,34.00071,-81.03481,city,
52468,52468,FLYING J TRAVEL PLAZA #703,"I-40, EXIT 140",Oklahoma City,OK,483,3.309,35.46756,-97.51643,city,
52469,52469,LOVES TRAVEL STOPS #269,US-287/US-82/SR-79 & US-281,Wichita Falls,TX,770,3.136,33.91371,-98.49339,city,
52470,52470,QUIKTRIP #562,"I-80, EXIT 136",Des Moines,IA,320,3.04733333,41.60054,-93.60911,city,
52471,52471,FLYING J TRAVEL PLAZA #695,"I-75, EXIT 135",Beaverdam,OH,411,3.33066666,40.833333,-83.976667,city,
52472,52472,FLYING J TRAVEL PLAZA #708,"I-81, EXIT 52",Carlisle,PA,70,4.109,40.20148,-77.18887,city,
52473,52473,FLYING J TRAVEL PLAZA #743,"I-15, EXIT 222",Nephi,UT,835,3.71566666,39.692275,-111.8359,city,
52474,52474,PILOT TRAVEL CENTERS #17,"I-94, EXIT 104",Battle Creek,MI,406,3.979,42.3173,-85.17816,city,
52477,52477,PETRO FARGO #361,"I-94, EXIT 348",Fargo,ND,341,3.499,46.87719,-96.7898,city,
52478,52478,LOVES TRAVEL STOP #418,"I-64, EXIT 172",Grayson,KY,255,3.75566666,38.328037,-82.965087,city,
52479,52479,PETRO CARNESVILLE #377,"I-85, EXIT 160",Carnesville,GA,16,3.154,34.394723,-83.279209,city,
52480,52480,LOVES TRAVEL STOP #268,US6-9 & US-75,Atoka,OK,253,3.489,34.34451,-96.141827,city,
52482,52482,KING TRAVEL PLAZA,"I-95, EXIT 6",Kingsland,GA,75,3.109,30.79996,-81.68983,city,
52483,52483,FLYING J TRAVEL PLAZA #659,"I-70, EXIT 253",Salina,KS,523,3.77233333,38.84028,-97.61142,city,
52484,52484,KWIK STAR #303,"I-80, EXIT 201 & US-21",Brooklyn,IA,380,3.129,41.732147,-92.428462,city,
52510,52510,Valero,SR-9,Maysville,KY,312,3.599,38.619716,-83.758858,city,
52511,52511,JOES JUNCTION #9,"I-65, RAYMOND EXIT",Indianapolis,IN,375,3.459,39.76838,-86.15804,city,
52512,52512,LOVES TRAVEL STOPS #270,"I-20, EXIT 349",Ranger,TX,575,3.201,32.46809,-98.674659,city,
52513,52513,FLYING J TRAVEL PLAZA #678,"I-20 & I-55, EXIT 47",Pearl,MS,760,3.149,32.27459,-90.13203,city,
52514,52514,FLYING J TRAVEL PLAZA #671,"I-55, EXIT 58",Matthews,MO,275,3.239,36.807528,-89.576833,city,
52516,52516,FLYING J TRAVEL PLAZA #612,"I-40, EXIT 255",Winslow,AZ,930,3.624,35.16078,-110.511382,city,
52517,52517,STRIPES 7FLEET #42562,US-84 & US-385,Littlefield,TX,700,3.199,33.921195,-102.320697,city,
52520,52520,DANDY MINI MART #19,"ROUTE 17, EXIT 59-A",Sayre,PA,190,3.99233333,41.984222,-76.521757,city,
52527,52527,PETRO STOPPING CENTER #323,"I-75, EXIT 368",Reddick,FL,225,3.35233333,29.375352,-82.243995,city,
52528,52528,QUIKTRIP #150,"I-70, EXIT 28",Oak Grove,MO,400,2.959,38.998456,-94.139946,city,
52529,52529,BIG SKY TRUCK STOP,"I-15, EXIT 56 N",Dillon,MT,786,3.689,45.23394,-112.640452,city,
52531,52531,FLYING J FUEL STOP #768,"I-435, EXIT 57",Kansas City,MO,400,3.38233333,39.09973,-94.57857,city,
52534,52534,LEES FOOD MART #1122,"I-75, EXIT 122 & SR-61",Clinton,TN,405,2.969,36.08688,-84.189735,city,
52535,52535,PWI #115,"I-45, EXIT 178",Buffalo,TX,765,2.899,31.457151,-96.058516,city,
52537,52537,TA Express Osseo #431,"I-94, EXIT 88",Osseo,WI,448,3.469,44.559923,-91.219148,city,
52539,52539,PILOT TRAVEL CENTERS #331,"I-285 , EXIT 51",Atlanta,GA,18,3.599,33.749,-84.38798,city,
52541,52541,PANTRY TRUCKSTOP,US-2/US-41,Rapid River,MI,360,3.399,45.910662,-86.88449,city,
52542,52542,FLYING J TRAVEL PLAZA #624,"I-75, EXIT 285 & SR-52",San Antonio,FL,225,3.599,28.337139,-82.288237,city,
52546,52546,CIRCLE K #2723910,US-84 & US-27,Bainbridge,GA,20,3.599,30.9355,-84.5809,city,
52548,52548,Henderson Fuel Mart,"I-80, EXIT 342",Henderson,NE,350,2.899,40.781374,-97.797865,city,
52549,52549,SPEEDWAY #3328,"I-77, EXIT 159 A",Cleveland,OH,305,3.799,41.4995,-81.69541,city,
52550,52550,PILOT TRAVEL CENTERS #404,"I-24, EXIT 81 SE",Murfreesboro,TN,460,3.47233333,35.84562,-86.39027,city,
52551,52551,PILOT TRAVEL CENTERS #374,"I-10, EXIT 142 & SR-71",Marianna,FL,20,3.599,30.758587,-85.229367,city,
52552,52552,FLYING J TRAVEL PLAZA #672,"I-49/US-71, EXIT167 & CR-J",Peculiar,MO,400,3.42233333,38.716453,-94.44053,city,
52553,52553,FLYING J TRAVEL PLAZA #689,"I-40, EXIT 153",Albuquerque,NM,580,3.549,35.08449,-106.65114,city,
52557,52557,SPRINT MART #40,US-72 & SR-247,Tuscumbia,AL,615,3.189,34.687432,-87.683259,city,
52558,52558,LOVES TRAVEL STOP #271,"I-40, EXIT 37 & US-219",Ozark,AR,695,3.39233333,35.524645,-93.837423,city,
52562,52562,MOBIL,"I-87, EXIT 36",Plattsburgh,NY,39,3.799,44.69949,-73.45291,city,
52563,52563,FLYING J TRAVEL PLAZA #631,"I-75, EXIT 2",Lake Park,GA,20,3.32233333,30.690615,-83.175293,city,
52564,52564,FLYING J TRAVEL PLAZA #669,"I-44, EXIT 11A & US-71/SR-249 & SR-FF",Joplin,MO,277,3.41233333,37.08423,-94.51328,city,
52565,52565,PILOT TRAVEL CENTERS #377,"I-35, EXIT 13",Laredo,TX,693,3.599,27.50641,-99.50754,city,
52566,52566,YUMM,"I-35, EXIT 8",Laredo,TX,598,2.87566666,27.50641,-99.50754,city,
52575,52575,PILOT TRAVEL CENTERS #775,"I-15, EXIT 4",Saint George,UT,910,3.67566666,37.10415,-113.58412,city,
52577,52577,PILOT TRAVEL CENTERS #329,"I-29 & I-80, EXIT 1B",Council Bluffs,IA,319,3.659,41.26194,-95.86083,city,
52580,52580,LOVES TRAVEL STOPS #405,"I-95, EXIT 29",Brunswick,GA,75,3.355,31.14995,-81.49149,city,
52581,52581,TA WILLCOX TRAVEL CENTER,"I-10, EXIT 340",Willcox,AZ,980,3.28233333,32.372977,-109.863111,city,
52582,52582,JRs Oasis,SR-50,Yankton,SD,572,3.149,42.882086,-97.398624,city,
52585,52585,SUPERPUMPER #22,"I-94, EXIT 42",Belfield,ND,807,3.529,46.887728,-103.179515,city,
52587,52587,PILOT TRAVEL CENTERS #380,"I-81, EXIT 25 & I-90, EXIT 36",Liverpool,NY,220,4.159,43.109925,-76.186999,city,
52588,52588,STRIPES #42564,US-87,Lubbock,TX,700,3.199,33.57786,-101.85517,city,
52590,52590,FLYING J TRAVEL PLAZA #661,"I-65, EXIT 2 & US-31W",Franklin,KY,415,3.169,36.725353,-86.570043,city,
52591,52591,FLYING J TRAVEL PLAZA #749,"I-95, EXIT 104",Ruther Glen,VA,180,3.619,37.945059,-77.47135,city,
52594,52594,PILOT TRAVEL CENTERS #348,"I-70, EXIT 32B",Bentleyville,PA,165,4.109,40.118702,-80.006987,city,
52595,52595,7-ELEVEN #40281,"I-476, EXIT 35/95",Jim Thorpe,PA,90,3.589,40.870002,-75.739665,city,
52597,52597,7-ELEVEN #40278,"I-81, EXIT 44 & I-76",Plainfield,PA,70,3.96733333,40.203056,-77.290278,city,
52598,52598,7-ELEVEN #40283,"I-76, EXIT 19/247",Middletown,PA,70,3.97066666,40.204086,-76.733127,city,
52599,52599,7-ELEVEN #40285,"I-76, EXIT 21/286",Bowmansville,PA,208,3.97066666,40.196667,-76.017778,city,
52601,52601,LOVES TRAVEL STOP #236,"I-40, EXIT 161 & SR-391",North Little Rock,AR,695,3.22066666,34.76954,-92.26709,city,
52602,52602,7-ELEVEN #40277,"I-76, EXIT 16/226",Newburg,PA,70,4.299,40.13333,-77.566915,city,
52603,52603,CASEYS #3364,US-281 & SR-200,Carrington,ND,341,3.439,47.453918,-99.108226,city,
52605,52605,PILOT TRAVEL CENTERS #39,"I-57, EXIT 335",Monee,IL,290,3.439,41.419133,-87.77484,city,
52607,52607,PILOT TRAVEL CENTERS #409,"I-40, EXIT 172",Dickson,TN,460,3.19233333,36.077,-87.38779,city,
52608,52608,PILOT #7971,"I-40, EXIT 133",Conover,NC,46,3.699,35.731343,-81.216455,city,
52610,52610,TA HARBORCREEK TRAVEL CENTER,"I-90, EXIT 35",Erie,PA,240,4.199,42.12922,-80.08506,city,
52611,52611,STRIPES #40530,SR-239,Del Rio,TX,740,3.229,29.36273,-100.89676,city,
52612,52612,STRIPES 7FLEET #42568,US-60 & CR-G,Hereford,TX,700,3.35066666,34.81521,-102.39932,city,
52615,52615,PILOT TRAVEL CENTERS #4,"I-90, EXIT 151",Avon,OH,305,3.879,41.45171,-82.03542,city,
52616,52616,PILOT TRAVEL CENTERS #28,I-69 EXIT 234,Daleville,IN,457,3.584,40.125738,-85.511016,city,
52618,52618,PILOT TRAVEL CENTERS #63,"I-85, EXIT 35",Piedmont,SC,30,3.22233333,34.724433,-82.470216,city,
52620,52620,GOODLAND 24/7 STORE,"I-70, EXIT 19",Goodland,KS,525,3.08733333,39.349099,-101.716396,city,
52621,52621,CORNER MARKET #111,"I-70, EXIT 27",Goodland,KS,525,3.059,39.349099,-101.716396,city,
52622,52622,STRIPES 7FLEET #42567,I-20,Stanton,TX,700,3.01566666,32.139992,-101.809887,city,
52623,52623,TA WILLINGTON TRAVEL CENTER,"I-84, EXIT 71",Willington,CT,100,5.199,41.873996,-72.272774,city,
52624,52624,PILOT TRAVEL CENTERS #390,"I-84, EXIT 188 & US-395",Stanfield,OR,982,3.469,45.785988,-119.211602,city,
52625,52625,FLYING J TRAVEL PLAZA #673,"I-44, EXIT 226 & SR-85",Sullivan,MO,540,3.324,38.230706,-91.156662,city,
52626,52626,FLYING J TRAVEL PLAZA #627,"I-95/SR-405, EXIT 29 & US-82/US-17/SR-25/SR-520",Brunswick,GA,75,3.39566666,31.14995,-81.49149,city,
52628,52628,Pride Travel Center dba One9 #1215,"I-10, EXIT 45",Salome,AZ,930,3.369,33.748141,-113.571459,city,
52629,52629,LOVES TRAVEL STOPS #413,"I-90, EXIT 106 & US-97",Ellensburg,WA,977,3.889,46.99651,-120.54785,city,
52630,52630,PILOT TRAVEL CENTERS #386,"I-5, EXIT 263",Salem,OR,935,3.859,44.9429,-123.0351,city,
52632,52632,LOVES TRAVEL STOP #451,"I-65, EXIT 95 & CR-500",Whiteland,IN,375,3.949,39.555313,-86.093476,city,
52633,52633,PILOT TRAVEL CENTERS #57,"I-40 & I-85, EXIT 152",Mebane,NC,65,3.959,36.097862,-79.271895,city,
52634,52634,PETRO STOPPING CENTER #362,"I-80, EXIT 353",York,NE,330,3.299,40.866678,-97.582482,city,
52635,52635,E EXPRESS at MLK,"I-40 & I-35, EXIT 127",Oklahoma City,OK,483,2.889,35.46756,-97.51643,city,
52636,52636,LOVES TRAVEL STOP #414,"I-64, EXIT 25B & US-41",Haubstadt,IN,340,3.949,38.189536,-87.579827,city,
52638,52638,STRIPES 7FLEET #42555,"I-20, EXIT 80 & SR-18",Monahans,TX,710,2.929,31.581294,-102.900273,city,
52640,52640,SPEEDWAY #8316,US-30 & US-41,Dyer,IN,290,3.649,41.4942,-87.52171,city,
52641,52641,PILOT TRAVEL CENTERS #71,"I-95, EXIT 109",Port Wentworth,GA,195,3.395666665,,,,
52642,52642,One9 #61,"I-26, EXIT 52 & SR-56",Clinton,SC,30,3.099,34.470692,-81.87717,city,
52643,52643,Minit Mart #3,HIGHWAY 277 & FM 1589,Eagle Pass,TX,693,3.199,28.70914,-100.49952,city,
52644,52644,ONE9 #058,"I-95, EXIT 180 & SR-48",Pleasant Hill,NC,205,3.399,36.521246,-77.519217,city,
52646,52646,FLYING J TRAVEL PLAZA #619,"I-70, EXIT 285",Aurora,CO,800,3.39233333,39.72943,-104.83192,city,
52647,52647,FLYING J TRAVEL PLAZA #699,"I-70, EXIT 122",Millersport,OH,315,3.44566666,39.899307,-82.528348,city,
52648,52648,Stripes #42566,US-67 & SR-158,Ballinger,TX,612,3.05566666,31.746836,-99.958927,city,
52649,52649,FLYING J TRAVEL PLAZA #623,"I-10, EXIT 192 & US-90",Midway,FL,20,3.799,30.40648,-87.00553,city,
52651,52651,TA NEW BRAUNFELS TRAVEL CENTER,"I-35, EXIT 193",New Braunfels,TX,740,3.449,29.703,-98.12445,city,
52652,52652,PILOT TRAVEL CENTERS #47,"I-275, EXIT 129",Georgetown,KY,410,3.20566666,38.2098,-84.55883,city,
52656,52656,TRAVELING TIGER CENTER,"I-10, EXIT 87",Sierra Blanca,TX,640,3.15566666,31.193821,-105.321874,city,
52658,52658,LOVES TRAVEL STOP #274,"I-40, EXIT 221 & SR-27",Okemah,OK,560,3.35566666,35.447516,-96.306788,city,
52659,52659,LOVES TRAVEL STOP #276,"I-10, EXIT 20",Lordsburg,NM,640,3.45733333,32.314032,-108.754657,city,
52661,52661,LOVES TRAVEL STOP #281,"I-35 WEST, EXIT 40",Fort Worth,TX,630,3.18733333,32.72541,-97.32085,city,
52663,52663,EXXON,"I-20/I-59, EXIT 17 & SR-28",Livingston,AL,705,2.979,32.588509,-88.173592,city,
52664,52664,PETRO STOPPING CENTER #378,I-81 EXIT 178B,Pittston,PA,200,4.16566666,41.317501,-75.788492,city,
52667,52667,EXPRESS LANE TRAVEL CENTER,"I-20, EXIT 100 & US-80",Lawrence,MS,705,3.299,32.287614,-89.272432,city,
52669,52669,COLUMBIA TRUCK STOP,US-46,Columbia,NJ,115,3.079,40.938805,-75.054983,city,
52674,52674,FLYING J TRAVEL PLAZA #738,"I-20/FM707, EXIT 277",Tye,TX,575,3.124,32.447728,-99.868434,city,
52675,52675,PILOT TRAVEL CENTER #907- TOWN PUMP,"I-94, EXIT 138",Miles City,MT,780,3.499,46.407459,-105.833193,city,
52676,52676,PILOT TRAVEL CENTERS #336,"I-80, EXIT 97 & US-219",Du Bois,PA,14,4.034,41.126039,-78.752698,city,
52678,52678,STRIPES 7FLEET #42433,US-277,Bronte,TX,739,3.474,31.878939,-100.298765,city,
52679,52679,LOVES TRAVEL STOP #404,"I-295, EXIT 56 & I-95, EXIT 7",Bordentown,NJ,150,3.979,40.143141,-74.703249,city,
52680,52680,PILOT TRAVEL CENTERS #91,"I-95, EXIT 329",Saint Johns,FL,75,3.4615,30.095578,-81.621701,city,
52683,52683,PILOT TRAVEL CENTERS #145,"I-40/US-71/US-62, EXIT 72 AND US-412",Springdale,AR,416,3.461,36.18674,-94.12881,city,
52684,52684,KWIK STAR #348,US-30/US-67,Clinton,IA,270,3.624,41.84447,-90.18874,city,
52685,52685,LOVES TRAVEL STOP #275,"I-40/US-63, EXIT 233 & SR-261",Palestine,AR,435,3.31566666,34.966346,-90.904929,city,
52686,52686,LOVES TRAVEL STOP #278,"I-40, EXIT 277",Joseph City,AZ,930,3.60733333,34.955833,-110.333333,city,
52687,52687,LOVES TRAVEL STOP #286,"I-10, EXIT 17",Quartzsite,AZ,930,3.949,33.5675,-114.2731,city,
52690,52690,LOVES TRAVEL STOP #415,"I-95 & OKEECHOBEE RD, EXIT 129",Fort Pierce,FL,95,3.50566666,27.44671,-80.32561,city,
52691,52691,PILOT TRAVEL CENTERS #312,"I-20/SR-402, EXIT 5 & SR-100",Tallapoosa,GA,18,3.419,33.760174,-85.300047,city,
52692,52692,PILOT TRAVEL CENTERS #249,"I-70/I-55, EXIT 18 & SR-162",Troy,IL,540,3.439,38.724275,-89.870848,city,
52697,52697,FLYING J TRAVEL PLAZA #747,"I-15, EXIT 261",Springville,UT,835,3.76566666,40.16523,-111.61075,city,
60084,60084,SUNSTOP #625,US-84,Ashford,AL,20,3.599,31.1888,-85.253488,city,
60106,60106,SUNSTOP #619,US-84,Daleville,AL,720,3.399,31.281091,-85.730473,city,
60114,60114,SUNSTOP #606,US-84/SR-167,Enterprise,AL,20,3.699,31.31517,-85.85522,city,
60136,60136,HOBO PANTRY #18,US-431,Headland,AL,20,3.599,31.353406,-85.332277,city,
60145,60145,OCS QUICK STOP,US-43/SR-13,Mount Vernon,AL,715,3.699,31.097375,-88.035044,city,
60147,60147,HOP-IN FOOD STORES,US-82 & SR-22,Maplesville,AL,720,3.399,32.804507,-86.871704,city,
60191,60191,PILOT TRAVEL CENTER #1180,"I-10, EXIT 94",Tonopah,AZ,930,3.899,33.422797,-112.952785,city,
60206,60206,TA EXPRESS #649,"I-25, EXIT 52",Walsenburg,CO,796,4.259,37.638159,-104.804301,city,
60208,60208,BERKSHIRE PETROLEUM,"I-91, EXIT 9",North Haven,CT,100,3.549,41.39093,-72.85954,city,
60220,60220,ZELLWOOD TRUCK STOP,US-441,Zellwood,FL,140,3.499,28.71944,-81.576174,city,
60224,60224,SUNSTOP #419,US-19,Camilla,GA,20,3.499,31.219915,-84.229683,city,
60226,60226,CIRCLE K #2723903,US-82 & SR-520,Dawson,GA,20,3.499,31.773333,-84.446667,city,
60229,60229,96 TRAVEL PLAZA,"I-16, EXIT 24",Jeffersonville,GA,85,3.399,32.741096,-83.385896,city,
60230,60230,CIRCLE K #2745152,US-19,Pelham,GA,20,3.499,31.127233,-84.156367,city,
60242,60242,KWIK STAR #711,US-18/US-52,Monona,IA,565,3.624,43.073485,-91.458677,city,
60243,60243,PETRO MART,"I-29, EXIT 112",Onawa,IA,527,3.15733333,42.036967,-96.107213,city,
60245,60245,STINKER #74,"I-84, EXIT 137",Bliss,ID,785,3.634,42.944859,-114.910387,city,
60248,60248,METRO,"I-95, EXIT 12",Avenel,NJ,115,3.299,40.58038,-74.28515,city,
60250,60250,ELIZABETH TRUCK STOP,"I-95, EXIT 13A & SR-81",Elizabethport,NJ,115,3.399,,,,
60255,60255,HUCKS FOOD & FUEL #186,US-51/CR-1450 & US-136,Heyworth,IL,368,3.514,40.3307,-88.977608,city,
60256,60256,BOLLA MARKET,"I-84, EXIT 1",Montague,NJ,115,3.519,41.302259,-74.753956,city,
60270,60270,CHUCKLES #27,SR-57,Washington,IN,340,3.339,38.653568,-87.170656,city,
60273,60273,24-7,"I-70, EXIT 53 & SR-25",Colby,KS,525,3.05566666,39.383038,-101.044169,city,
60280,60280,JUMP START #9,"I-35, EXIT 4",South Haven,KS,570,3.069,37.049997,-97.404228,city,
60282,60282,CRVS #7,SR-96 & SR-27,Tribune,KS,525,3.399,38.496219,-101.765584,city,
60294,60294,LITTLE CAPITOL EXXON,"I-10, EXIT 115",Breaux Bridge,LA,600,3.899,30.274955,-91.905899,city,
60295,60295,EXIT 80 TRAVEL PLAZA,"I-10, EXIT 80",Crowley,LA,730,3.109,30.214753,-92.377709,city,
60298,60298,BEAU CHENE TRUCK STOP,"I-49, EXIT 11",Grand Coteau,LA,730,3.399,30.419722,-92.046667,city,
60313,60313,WHITE MARSH TRUCK STOP,US-40,White Marsh,MD,22,3.369,39.392315,-76.413189,city,
60316,60316,CIRCLE K #4707001,"I-95, EXIT 264 & SR-158",Sherman,ME,170,3.93233333,45.877727,-68.369587,city,
60324,60324,FUEL MART OF AMERICA,"I-75, EXIT 59",Detroit,MI,325,3.499,42.33143,-83.04575,city,
60326,60326,SUNRISE CONVENIENCE STORE #29,"I-69, EXIT 184",Memphis,MI,325,3.529,42.905955,-82.769623,city,
60328,60328,SPEEDWAY #8748,"I-69, EXIT 6",Flint,MI,342,3.339,43.01253,-83.68746,city,
60329,60329,CHARLIES COUNTRY CORNER,"I-75, EXIT 271",Grayling,MI,287,3.849,44.670959,-84.691321,city,
60333,60333,LAKESHORE BP,US-2,Manistique,MI,287,3.499,45.982978,-86.275513,city,
60341,60341,SNAPPY FOOD MART,ST 60,Tekonsha,MI,431,3.589,42.086326,-84.992602,city,
60342,60342,True North #254,US-31 & SR-37,Traverse City,MI,456,3.759,44.76306,-85.62063,city,
60344,60344,DORR TRUCK STOP,"US-131, EXIT 68",Wayland,MI,344,3.499,42.664268,-85.619112,city,
60347,60347,KWIK TRIP #875,"I-90, EXIT 157, BRIDGE ST ENTRANCE",Albert Lea,MN,515,3.324,43.64801,-93.36827,city,
60358,60358,PETRO SERVE USA #54,US-10,Glyndon,MN,341,3.449,46.882023,-96.558338,city,
60372,60372,FLYING W CONVENIENCE STORE,SR-96,Carthage,MO,277,3.199,37.159686,-94.311232,city,
60373,60373,FLYING J #571,"I-57, EXIT 12 & US-60",Charleston,MO,490,3.559,36.921341,-89.334207,city,
60374,60374,PILOT TRAVEL CENTERS #385,US-54 & SR-13,Collins,MO,416,3.49566666,37.880998,-93.660849,city,
60379,60379,FAST LANE #50,US-54/SR-19,Laddonia,MO,540,3.15733333,39.259328,-91.689348,city,
60380,60380,AMOCO,US-63/US-136,Lancaster,MO,320,3.249,40.525265,-92.526403,city,
60382,60382,WINDSTARS #5101,"I-435, EXIT 57",Kansas City,MO,400,3.099,39.09973,-94.57857,city,
60383,60383,CASEYS #4399,"I-70, EXIT 175",New Florence,MO,392,2.949,38.902309,-91.490861,city,
60392,60392,Kangaroo Crossing #1107,"I-20, EXIT 68 & SR-43",Pelahatchie,MS,705,3.199,32.317994,-89.79135,city,
60398,60398,TOWN PUMP FOOD STORE #610,"I-90, EXIT 333",Livingston,MT,786,3.644,45.654587,-110.560907,city,
60400,60400,CAN AM C STORE,SR-16,Plentywood,MT,807,3.499,48.778825,-104.560032,city,
60416,60416,MINUTEMAN FOOD MART #20,US-74 & US-76,Whiteville,NC,245,3.46066666,34.324142,-78.716048,city,
60420,60420,PUMP & PANTRY #35,US-183,Alma,NE,330,3.459,40.118853,-99.360073,city,
60426,60426,BONS BONS MOBIL,US-3,Merrimack,NH,125,3.699,42.86509,-71.4934,city,
60434,60434,ENRITE,US-9,Linden,NJ,79,3.34233333,40.62205,-74.24459,city,
60442,60442,Circle K #4706716,SR-71 & SR-47,Yorkville,IL,290,3.599,41.64114,-88.44729,city,
60460,60460,HAHN OIL,US-36,Coshocton,OH,315,3.299,40.275412,-81.866033,city,
60461,60461,TRUE NORTH #704,"I-75, EXIT 56A",Dayton,OH,317,3.799,39.75895,-84.19161,city,
60463,60463,Anna Truck Stop,"I-75, EXIT 99",Anna,OH,411,3.01566666,40.405105,-84.210344,city,
60465,60465,MOTOMART #4129,ST 309,Marion,OH,411,3.34233333,40.58867,-83.12852,city,
60471,60471,FUEL MART #701,"I-480/I-271, EXIT 23 & SR-8",Bedford,OH,305,3.529,41.392067,-81.52315,city,
60473,60473,BELL STORES #50,ST 3,Wooster,OH,249,3.599,40.80517,-81.93646,city,
60476,60476,PETES #11,US-75,Dewey,OK,560,3.154,36.80125,-95.93454,city,
60508,60508,FEGLEY VALERO,SR-309,Tamaqua,PA,90,3.599,40.798319,-75.97353,city,
60513,60513,CIRCLE K #2723873,US-17,Georgetown,SC,42,2.899,33.430776,-79.323459,city,
60515,60515,FLASH MARKET #302,SR-9 & SR-151,Pageland,SC,46,3.38566666,34.772193,-80.396615,city,
60516,60516,ENMARKET #892,"I-95, EXIT 150",Harleyville,SC,195,3.399,33.220511,-80.450094,city,
60519,60519,CORNER PANTRY #25,US-14,Huron,SD,571,3.079,44.359022,-98.216293,city,
60538,60538,TEXACO #380031,ST 21W,Bryan,TX,765,3.399,30.67436,-96.36996,city,
60539,60539,SHELL,US-96 & SR-62/FM-1004,Buna,TX,610,3.10233333,30.413209,-93.991263,city,
60540,60540,CIRCLE K #2706340,"I-20, EXIT 533",Canton,TX,630,2.77566666,32.514301,-95.904657,city,
60551,60551,CIRCLE K #2744522,"I-30, EXIT 201 I-30 & SR-8",New Boston,TX,766,2.94233333,33.462119,-94.433882,city,
60554,60554,CEFCO #2070,"I-27, EXIT 49",Plainview,TX,700,2.83233333,34.18479,-101.70684,city,
60565,60565,CEFCO #2006,"I-40, EXIT 163",Shamrock,TX,585,3.099,35.220596,-100.262152,city,
60579,60579,SPEEDWAY #4633,US-220/US-221/US-460,Roanoke,VA,185,3.399,37.27097,-79.94143,city,
60587,60587,BJS AUTO TRUCK PLAZA,SR-28,Rock Island,WA,970,4.049,47.370558,-120.137794,city,
60589,60589,RIVER COUNTRY PLAZA,"SR-29, EXIT 91",Cadott,WI,295,3.39733333,44.963014,-91.169884,city,
60590,60590,DARLINGTON MINI MART,SR-23 & SR-81,Darlington,WI,420,3.399,42.687816,-90.110648,city,
60601,60601,HOLIDAY STATIONSTORE #2746229,US-53/US-2,Superior,WI,545,3.339,46.72077,-92.10408,city,
60635,60635,EXXON ON THE RUN,US-62/US-412 & SR-126,Gassville,AR,535,3.695,36.317525,-92.473637,city,
60650,60650,SHELL DBA ONE9 #1244,"I-8, EXIT 115",Gila Bend,AZ,930,3.309,32.93059,-112.746832,city,
60700,60700,PWI #502,"I-70/US-40, EXIT 259",Golden,CO,800,3.199,39.75554,-105.2211,city,
60707,60707,REATA TRAVEL STOP,"I-76, EXIT 125",Sterling,CO,800,3.399,40.63062,-103.221183,city,
60708,60708,CRVS STORE #6,US-385,Wray,CO,800,3.449,40.104917,-102.233751,city,
60762,60762,BP,US-1 & US-341,Baxley,GA,195,3.599,31.783663,-82.348643,city,
60768,60768,GAS N GO FOOD STORE,"I-75, EXIT 290/US-41",Cartersville,GA,48,2.94233333,34.16533,-84.80231,city,
60773,60773,NEIGHBORS EXPRESS,US-341/SR-27 & US-129 ALT/SR-340,Hawkinsville,GA,20,3.399,32.277834,-83.494763,city,
60779,60779,Marathon,US-129,Eatonton,GA,85,3.399,33.312723,-83.36277,city,
60781,60781,JP PERRY,"I-75, EXIT 138",Perry,GA,85,3.08233333,32.45821,-83.73157,city,
60783,60783,CIRCLE K #2723324,US-441/US-23/SR-15 & SR-17A/SR-385,Clarkesville,GA,16,3.439,34.644993,-83.524304,city,
60787,60787,MARATHON,"I-20, EXIT 11",Lithia Springs,GA,48,2.87233333,33.794,-84.66049,city,
60788,60788,SPRINT FOODS #722,US-1/SR-4/SR-17 & SR-24,Louisville,GA,85,4.099,33.016342,-82.383616,city,
60791,60791,MARATHON #9,"I-475, EXIT 1",Macon,GA,85,3.039,32.84069,-83.6324,city,
60795,60795,CIRCLE K #2745080,US-319/US-129/SR-90/SR-11,Ocilla,GA,10,3.62566666,31.592944,-83.256542,city,
60797,60797,EVANS FOOD MART,SR-20,Rome,GA,193,3.699,34.25704,-85.16467,city,
60804,60804,JET FOOD STORE #4,US-1 & SR-78,Wadley,GA,135,3.41566666,32.874742,-82.402459,city,
60807,60807,BATAVIA GARDENS AND GAS,"US-34, EXIT 203",Batavia,IA,320,3.379,40.99048,-92.143059,city,
60817,60817,KWIK STAR #712,US-218 & SR-27,Janesville,IA,565,3.599,42.646515,-92.479096,city,
60822,60822,CASEYS #3639,US-18/US-52,Postville,IA,420,3.599,43.003619,-91.547809,city,
60829,60829,BARRY TRAVEL PLAZA,"I-72, EXIT 20",Barry,IL,540,3.599,39.704662,-91.026482,city,
60833,60833,SPEEDWAY #5400,CR-11 & CR-23,Bloomingdale,IL,290,3.759,41.95753,-88.0809,city,
60834,60834,SPEEDWAY #7422,SR-43,Burbank,IL,293,3.619,41.73392,-87.7795,city,
60839,60839,FREEDOM OIL #18,"I-74, EXIT 82",Edwards,IL,270,3.499,40.764362,-89.705344,city,
60846,60846,EXPRESS LANE #50,"I-88, EXIT 10",Hillsdale,IL,270,3.799,41.592896,-90.226255,city,
60851,60851,SPEEDWAY #7382,I-355 & SR-64,Lombard,IL,293,3.299,41.88003,-88.00784,city,
60857,60857,RED ROOSTER TERMINAL,US-50/SR-250 & SR-130,Olney,IL,510,3.299,38.733389,-88.080936,city,
60865,60865,Truckquest,"I-55, EXIT 286",Cicero,IL,290,3.624,41.84559,-87.75394,city,
60871,60871,WENONA BP,"I-39/US-51, EXIT 35 & SR-17",Wenona,IL,280,3.499,41.054846,-89.041637,city,
60881,60881,GAS AND STUFF,"I-64, EXIT 118",Georgetown,IN,415,3.799,38.302943,-85.961704,city,
60882,60882,SPEEDWAY #6666,US-33,Goshen,IN,465,3.81566666,41.58227,-85.83444,city,
60887,60887,STERNBERG CITGO TRUCK STOP,"I-64, EXIT 57",Jasper,IN,340,3.759,38.39144,-86.93111,city,
60890,60890,JACK FLASH,I-57 EXIT 135,Farina,IL,510,3.149,38.846902,-88.761412,city,
60900,60900,7-ELEVEN #40504,"I-80/I=90, MM 56 EB",Rolling Prairie,IN,465,3.999,41.72286,-86.584092,city,
60902,60902,SPEEDWAY #6674,"I-80/I-90, EXIT 72 & SR-31",South Bend,IN,465,3.69066666,41.68338,-86.25001,city,
60913,60913,J Mart #1,"HWY 50 E, HWY 83 N",Garden City,KS,525,3.529,37.97169,-100.87266,city,
60926,60926,CENEX,US-36 & US-83,Oberlin,KS,525,3.159,39.827507,-100.531389,city,
60958,60958,NORTH WEST TRUCK STOP,US-90 & SR-3211,Franklin,LA,600,3.399,29.785656,-91.502643,city,
60979,60979,TOBACCO PLUS #5,"I-10, EXIT 4 & US-90",Vinton,LA,690,2.999,30.201523,-93.572808,city,
60988,60988,GULF OIL LP #5020,"I-90, MM291",Blandford,MA,215,3.914,42.182949,-72.936114,city,
60989,60989,Blandford Service Plaza Westbound,"I-90, EXIT MM29",Blandford,MA,215,3.919,42.182949,-72.936114,city,
60993,60993,GULF #5165,"I-90, EXIT 12",Framingham,MA,34,4.06566666,42.27926,-71.41617,city,
60997,60997,GULF OIL #5035,I-90 MM 66.7,Ludlow,MA,215,3.914,42.16009,-72.47592,city,
60998,60998,GULF OIL #5030,"I-90, EXIT 7",Ludlow,MA,215,3.909,42.16009,-72.47592,city,
61004,61004,Applegreen,SR-15,Sturbridge,MA,215,3.999,42.112619,-72.084233,city,
61006,61006,GULF OIL LP #5155,"I-90, EXIT 11",Westborough,MA,215,3.909,42.283,-71.6015,city,
61019,61019,MARDELA GOOSE CREEK FOOD STORE,US-50,Mardela Springs,MD,194,3.979,38.486386,-75.741442,city,
61021,61021,WESTOVER GOOSE CREEK,US-13 & SR-673,Westover,MD,194,3.259,38.10099,-75.740563,city,
61028,61028,MARATHON,"US-10, EXIT 137",Bay City,MI,260,3.229,43.59447,-83.88886,city,
61030,61030,HAGGERTY JOY MOBIL,I-275,Canton,MI,325,3.699,42.30865,-83.48216,city,
61032,61032,MARATHON,US-10/US-127,Clare,MI,260,3.294,43.822318,-84.763463,city,
61034,61034,MOTOR CITY TRUCK STOP,"I-75, EXIT 43",Detroit,MI,325,3.499,42.33143,-83.04575,city,
61037,61037,HEARTLAND MOBIL,US-23,Fenton,MI,342,3.849,42.785098,-83.729351,city,
61038,61038,SPEEDWAY #8753,"I-475, EXIT 4",Burton,MI,342,3.274,42.99947,-83.61634,city,
61042,61042,CITGO,"US-131, EXIT 44",Kalamazoo,MI,465,3.499,42.29171,-85.58723,city,
61057,61057,CIRCLE K #2746537,US-2 & US-41,Rapid River,MI,360,3.424,45.910662,-86.88449,city,
61063,61063,PS Food Mart,I-69 EXIT 25,Tekonsha,MI,431,3.554,42.086326,-84.992602,city,
61076,61076,Holiday StationStore #2746408,"I-35, EXIT 129",Forest Lake,MN,448,3.399,45.27886,-92.98522,city,
61080,61080,CO-OP SERVICE,US-10 & CR-67,New York Mills,MN,250,3.499,46.555867,-95.404717,city,
61090,61090,Northdale Oil,US-59 & SR-1,Thief River Falls,MN,355,3.239,48.110391,-96.167019,city,
61093,61093,CIRCLE K #2746501,"I-90, EXIT 45 & SR-60",Worthington,MN,432,3.14233333,43.628626,-95.605907,city,
61099,61099,LOVES TRAVEL STOP #488,"I-55, EXIT 157 & SR-32",Bloomsdale,MO,540,3.38233333,38.045112,-90.280548,city,
61102,61102,FAST LANE #54,US-63,Columbia,MO,310,3.20733333,38.95171,-92.33407,city,
61106,61106,TEMP STOP #102,US-54 & SR-52,Eldon,MO,392,3.199,38.340127,-92.573619,city,
61110,61110,HB OF RANDOLPH,"I-435, EXIT 55B & SR-210",Kansas City,MO,400,3.149,39.09973,-94.57857,city,
61111,61111,Caseys #4540,"I-35, EXIT 40 & SR-116",Lathrop,MO,400,3.07566666,39.517727,-94.309271,city,
61115,61115,BREAK TIME #3071,US-24 & US-63,Moberly,MO,310,3.469,39.420239,-92.435793,city,
61118,61118,MIDWEST PETROLEUM #21,"I-55, EXIT 129",Perryville,MO,275,2.99066666,37.717437,-89.873664,city,
61145,61145,TEXACO,US-49 & US-98,Hattiesburg,MS,620,3.199,31.32712,-89.29034,city,
61146,61146,STUCKEYS EXPRESS #619,"I-59, EXIT 113 & SR-528",Heidelberg,MS,620,3.499,31.882031,-88.998052,city,
61149,61149,CEFCO #501,US-45,Lauderdale,MS,705,2.899,32.502186,-88.495569,city,
61168,61168,Blue Sky #717,US-72 & SR-15,Walnut,MS,435,3.099,34.952732,-88.905337,city,
61171,61171,CHEVRON CURB STORE,US-49 & SR-26,Wiggins,MS,620,3.499,30.86095,-89.132369,city,
61176,61176,TOWN PUMP FOOD STORE #8947,US-2,Chinook,MT,815,3.629,48.57985,-109.22246,city,
61182,61182,TOWN PUMP FOOD STORE #3000,US-87,Lewistown,MT,815,3.599,47.056324,-109.420297,city,
61193,61193,SPEEDWAY #8502,"I-75, EXIT 161 & CR-99",Findlay,OH,411,3.299,41.04422,-83.64993,city,
61195,61195,MINUTEMAN FOOD MART #06,SR-24,Clinton,NC,245,3.649,35.015143,-78.326007,city,
61205,61205,SPEEDWAY #6961,"I-40, EXIT 303",Garner,NC,177,2.92066666,35.71126,-78.61417,city,
61210,61210,SHEETZ #548,US-29,Greensboro,NC,65,2.859,36.07264,-79.79198,city,
61254,61254,7-ELEVEN #36075,"I-77, EXIT 65 & SR-901",Union Grove,NC,46,2.859,36.036947,-80.896695,city,
61266,61266,CENEX CONVENIENCE STORE,US-2 & SR-19,Devils Lake,ND,355,3.249,48.113162,-98.861588,city,
61269,61269,FLYING J #489,"I-29, EXIT 138",Grand Forks,ND,341,3.61566666,47.92526,-97.03285,city,
61271,61271,MARATHON,"I-94, EXIT 292",Valley City,ND,341,3.499,46.92681,-98.003316,city,
61291,61291,FLEMING OIL FOOD MART,ST 9,West Chesterfield,NH,12,3.899,42.873152,-72.511216,city,
61292,61292,ENRITE,"I-95, EXIT 14A",Jersey City,NJ,115,3.349,40.72816,-74.07764,city,
61301,61301,SUNOCO- WALT WHITMAN PLAZA #7007,"NJTP,MILE POST 30",Cherry Hill,NJ,150,3.899,39.93484,-75.03073,city,
61304,61304,A Plus MOLLY PITCHER PLAZA #7011,MILE POST 71.7 NJ TURNPIKE SO,Cranbury,NJ,115,3.909,40.303868,-74.506531,city,
61305,61305,BP,US-130,Cranbury,NJ,150,3.14566666,40.303868,-74.506531,city,
61308,61308,CARLSTADT VALERO,SR-120,Carlstadt,NJ,115,3.199,40.840298,-74.092498,city,
61312,61312,BLUE STAR,US-202 & SR-31,Flemington,NJ,115,3.399,40.517976,-74.845316,city,
61326,61326,SUNOCO JAMES F COOPER PLAZA- #7008,MILEPOST 39 NJ TURNPIKE N,Mount Laurel,NJ,150,3.959,39.934,-74.891,city,
61328,61328,KW RASTALL OIL,US-130,North Brunswick,NJ,115,3.199,40.453767,-74.482285,city,
61333,61333,46 GAS AND TRUCK STOP,US-46,Palisades Park,NJ,115,3.23566666,40.84816,-73.99764,city,
61337,61337,SUNOCO- JOHN FENWICK PLAZA #7006,"NJTP, MM 5",Penns Grove,NJ,150,3.909,39.717938,-75.465623,city,
61339,61339,FUEL ONE,"I-78, EXIT 3 & US-22",Phillipsburg,NJ,79,3.359,40.692819,-75.1741,city,
61346,61346,SUNOCO- ALEXANDER HAMILTON PLAZA #7016,NEW JERSEY TURNPIKE SOUTH MILEPOST 111.6,Secaucus,NJ,115,3.899,40.78955,-74.05653,city,
61357,61357,KENT KWIK #501,US-70 & US-54,Alamogordo,NM,593,2.98233333,32.89953,-105.96027,city,
61364,61364,HUNTINGTON BROADWAY CONOCO,US-64 BUS,Farmington,NM,614,3.799,36.72806,-108.21869,city,
61409,61409,104 STORE,SR-370/SR-104,Red Creek,NY,220,3.799,43.229068,-76.714556,city,
61410,61410,KWIK FILL #58,ST 15,Rochester,NY,190,3.984,43.15478,-77.61556,city,
61421,61421,7-ELEVEN #40294,"I-80 WB, EXIT 139",Amherst,OH,249,3.53233333,41.390506,-82.228165,city,
61430,61430,7-ELEVEN #40303,"I-90, EXIT 7",Clyde,OH,550,3.66233333,41.302397,-82.991849,city,
61431,61431,7-ELEVEN #40304,"I-90, EXIT 7",Clyde,OH,550,3.66233333,41.302397,-82.991849,city,
61439,61439,7-ELEVEN #40302,"I-75, EXIT 157",Genoa,OH,550,3.66233333,41.530005,-83.358984,city,
61449,61449,7-ELEVEN #40297,"I-80, EXIT 13A",Mantua,OH,249,3.53233333,41.294141,-81.228259,city,
61450,61450,7-ELEVEN #40298,I-80,Mantua,OH,249,3.53233333,41.294141,-81.228259,city,
61453,61453,CITGO,"I-475, EXIT 6",Maumee,OH,550,3.499,41.581682,-83.66283,city,
61458,61458,7-ELEVEN #40299,OHIO TNPK MM 237 & SR-26,New Springfield,OH,165,3.53233333,40.926517,-80.585585,city,
61459,61459,7-ELEVEN #40300,"I-76, EXIT 157",New Springfield,OH,165,3.53233333,40.926517,-80.585585,city,
61461,61461,S&G,"I-280, EXIT 7",Oregon,OH,550,3.599,41.64366,-83.48688,city,
61477,61477,CHOCTAW NATION GRANT #633,US-271,Grant,OK,253,2.999,33.930239,-95.489324,city,
61483,61483,CM SILVER DOLLAR,"I-220, EXIT 7",Shreveport,LA,745,3.299,32.52515,-93.75018,city,
61492,61492,SPRINGER TRAVEL PLAZA,I-35 EXIT 40,Springer,OK,253,2.91566666,34.303832,-97.122266,city,
61508,61508,7-ELEVEN #40275,"I-70 & I-76 NB, MM 147",Bedford,PA,14,4.199,39.990838,-78.526071,city,
61509,61509,7-ELEVEN #40275,"I-70/I-76 SB, MM 147",Bedford,PA,14,4.199,39.990838,-78.526071,city,
61511,61511,MIDWAY FUEL AND TRUCK WASH,"I-78/US-22, EXIT 16",Bethel,PA,208,3.364,40.480834,-76.274209,city,
61515,61515,Carlisle Fuel Stop,"I-81, EXIT 52",Carlisle,PA,70,3.359,40.20148,-77.18887,city,
61540,61540,S&P Oil,US-13,Levittown,PA,160,3.81566666,40.15511,-74.82877,city,
61559,61559,7-ELEVEN #40273,34 MILE WEST OF EXIT 11/146,Somerset,PA,168,4.20733333,40.024813,-79.080814,city,
61560,61560,7-ELEVEN #40272,"I-70 & 76, EXIT 10",Somerset,PA,168,4.20733333,40.024813,-79.080814,city,
61567,61567,7-ELEVEN #35774,"I-76, EXIT 5/48",Verona,PA,165,4.20733333,40.492727,-79.834535,city,
61569,61569,KWIK FILL #295,US-6 BUS,Warren,PA,240,4.699,41.845265,-79.14286,city,
61570,61570,7-ELEVEN #40276,"I-76, EXIT 12/161 & SR-655",Waterfall,PA,14,4.199,40.073871,-78.047708,city,
61571,61571,7-ELEVEN #40280,MILE MARKER 55 NE EXT PENN TPKE,Allentown,PA,90,3.589,40.60843,-75.49018,city,
61594,61594,SPINX #138 (DISCOUNT AVAILABLE),"I-85, EXIT 44",Greenville,SC,30,3.04233333,34.85262,-82.39401,city,
61595,61595,CORNER MART 3338,"I-85, EXIT 44",Greenville,SC,30,2.907,34.85262,-82.39401,city,
61596,61596,HOT SPOT #2009,US-25/US-178 & SR-225,Greenwood,SC,30,2.939,34.1954,-82.16179,city,
61597,61597,SPINX #121,"I-85, EXIT 56",Greer,SC,30,3.16566666,34.93873,-82.22706,city,
61598,61598,Shell,SR-41,Hemingway,SC,245,3.199,33.741887,-79.448895,city,
61599,61599,HOT SPOT #2013,"I-26, EXIT 10",Inman,SC,210,3.149,35.052795,-82.054013,city,
61605,61605,HOT SPOT #2028,US-76/US-301,Marion,SC,63,2.999,34.156195,-79.389822,city,
61616,61616,PILOT #4578,"I-77, EXIT 48 & SC-200",Winnsboro,SC,135,3.409,34.381008,-81.10899,city,
61621,61621,CUBBYS #401,"I-90 , EXIT 332 & SR-37",Mitchell,SD,530,3.149,43.70943,-98.0298,city,
61625,61625,PRARIE STOP,US-212 & SR-20,Watertown,SD,566,3.279,44.89941,-97.11507,city,
61633,61633,ECO TRAVEL PLAZA,"I-40, EXIT 320 & SR-298",Crossville,TN,405,3.02566666,35.944041,-85.017171,city,
61642,61642,PILOT TRAVEL CENTERS #252,"I-35, EXIT 26",Kearney,MO,400,3.699,39.365175,-94.362104,city,
61646,61646,SHELL,"I-40, EXIT 35 & SR-59",Mason,TN,435,3.549,35.438012,-89.551805,city,
61651,61651,LEES FOOD MART #123,"I-81, EXIT 23 AT MILE 23",Bulls Gap,TN,405,3.259,36.325707,-83.03149,city,
61654,61654,MAJOR MARKETS #276,US-51/SR-3,Ripley,TN,435,3.799,35.752651,-89.534975,city,
61656,61656,PHILLIPS 66,US-51,Union City,TN,460,3.38233333,36.426311,-89.066662,city,
61660,61660,MARATHON,"I-40, EXIT 108",Wildersville,TN,435,3.099,35.769772,-88.438794,city,
61684,61684,WOODYS FOOD MART,"I-45 & SR-7, EXIT 164",Centerville,TX,670,2.84566666,31.272025,-95.921287,city,
61730,61730,STRIPES 7FLEET #42430,"I-20, EXIT 131",Midland,TX,612,3.569,31.99735,-102.07791,city,
61747,61747,TEX-BEST #504,"I-35, EXIT 141",Von Ormy,TX,740,3.15733333,29.274979,-98.667741,city,
61751,61751,ALLSUPS CONVENIENCE STORE #2264,SR-214,Seminole,TX,710,3.094,32.721045,-102.682761,city,
61761,61761,ALLSUPS CONVENIENCE STORE #2304,"I-40, EXIT 36 & US-385",Vega,TX,585,2.999,35.373212,-102.356572,city,
61763,61763,ALLSUPS CONVENIENCE STORE #2283,"I-20, EXIT 73",Wickett,TX,710,2.899,31.57,-103.000556,city,
61787,61787,DUCK THRU FOOD STORE #5,US-258,Franklin,VA,180,3.499,36.678625,-76.939108,city,
61796,61796,EXXON,US-220,Martinsville,VA,185,3.375,36.687067,-79.869136,city,
61799,61799,CIRCLE K #2723712,"I-77, EXIT 52 & US-52/SR-42",Bland,VA,185,3.37566666,37.137644,-81.020064,city,
61804,61804,CARTERS ONE STOP,"I-95 & SR-301, EXIT 31 & SR-40",Stony Creek,VA,180,2.959,36.936132,-77.444276,city,
61806,61806,LANKFORD TRUCK PLAZA,US-13 & CR-646,Townsend,VA,130,3.399,37.184444,-75.958611,city,
61819,61819,CHEVRON,"I-5, EXIT 36",Longview,WA,935,4.499,46.13817,-122.93817,city,
61830,61830,APPLETON TRAVEL PLAZA,SR-96,Appleton,WI,444,3.40566666,44.26193,-88.41538,city,
61832,61832,BARRON FARMERS UNION,"US-8, EXIT 53",Barron,WI,545,3.639,45.400535,-91.84996,city,
61835,61835,BRISTOL BP,"I-94, EXIT 345 & US-45",Bristol,WI,444,3.719,42.532525,-88.047779,city,
61843,61843,KWIK TRIP #332,SR-33,Horicon,WI,444,3.21566666,43.446859,-88.631049,city,
61849,61849,KWIK TRIP #306,"I-94, EXIT 259 & SR-89",Lake Mills,WI,420,3.43233333,43.081576,-88.913335,city,
61862,61862,KWIK TRIP #781,SR-21,Redgranite,WI,582,3.35233333,44.04381,-89.098125,city,
61867,61867,KWIK TRIP #318,SR-27 & SR-16/SR-71,Sparta,WI,515,3.34233333,43.954045,-90.814566,city,
61877,61877,CASEYS #3715,SR-59,Whitewater,WI,420,3.299,42.827174,-88.742864,city,
61879,61879,KWIK TRIP #347,SR-13,Wisconsin Rapids,WI,395,3.31233333,44.38358,-89.81735,city,
61880,61880,KWIK TRIP #310,SR-13/SR-73,Wisconsin Rapids,WI,395,3.26233333,44.38358,-89.81735,city,
61968,61968,FLYING J TRAVEL PLAZA #701,"I-35, EXIT 33",Ardmore,OK,253,3.659,34.17426,-97.14363,city,
62008,62008,LOVES TRAVEL STOP #366,"I-81, EXIT 90",Jonestown,PA,70,3.85733333,40.43607,-76.503842,city,
62075,62075,FLYING J TRAVEL PLAZA #657,US-283/US-50/US-56 & US-400,Dodge City,KS,570,3.799,37.7528,-100.01708,city,
62097,62097,FLASH MARKET #17046,US-65/SR-9,Clinton,AR,695,3.239,35.604537,-92.475825,city,
62211,62211,STUBS GAS AND OIL,"I-76, EXIT 66",Wiggins,CO,800,3.559,40.205651,-104.052814,city,
62238,62238,Circle K #2726278,SR-207,Hastings,FL,75,3.569,29.705147,-81.490908,city,
62283,62283,Circle K #2745099,US-23 & US-341/SR-27,Hazlehurst,GA,195,3.529,31.860569,-82.590947,city,
62316,62316,BP,US-20,Delaware,IA,335,3.299,42.477713,-91.347176,city,
62355,62355,MINIT MART #600630,"I-39, EXIT 14",El Paso,IL,368,3.639,40.738948,-89.011952,city,
62370,62370,7-ELEVEN #34712,I-90 Exit 24,Belvidere,IL,290,3.739,42.26391,-88.84427,city,
62399,62399,Rebel Plus #882,"I-80, EXIT 101",Bristol,IN,465,3.57566666,41.716885,-85.826192,city,
62462,62462,HAWESWAY TRUCKSTOP,US-60,Owensboro,KY,487,3.599,37.77422,-87.11333,city,
62467,62467,SUPER QUIK #9,"I-64, EXIT 181",Ashland,KY,255,3.669,38.47841,-82.63794,city,
62480,62480,CM GALLIANO,US-167,Cut Off,LA,725,3.499,29.523188,-90.339298,city,
62487,62487,Fred's Food Mart,US-61,Saint Francisville,LA,600,3.799,30.858658,-91.392266,city,
62500,62500,CASH MAGIC VINTON,"I-10, EXIT 4 & SR-109",Vinton,LA,690,3.284,30.201523,-93.572808,city,
62547,62547,MARATHON,SR-32W,Gaylord,MI,287,3.799,45.0275,-84.674722,city,
62550,62550,Sunoco,"I-275, EXIT 11",New Boston,MI,325,3.419,42.144899,-83.358855,city,
62559,62559,EXPRESS FOOD DEPOT,"I-94, EXIT 266",Smiths Creek,MI,325,3.659,42.922072,-82.574516,city,
62560,62560,ONE9 #23,"I-96, EXIT 67",Ionia,MI,406,3.469,42.98592,-85.070985,city,
62701,62701,PILOT TRAVEL CENTERS #408,"I-68, EXIT 22",Grantsville,MD,14,4.259,39.684436,-79.151665,city,
62710,62710,TOWN PUMP FOOD STORE #922,"I-90, EXIT 370 &SR-10",Big Timber,MT,780,3.479,45.82827,-109.963094,city,
62753,62753,PETRO SERVE USA,US-10,West Fargo,ND,341,3.029,46.87497,-96.90036,city,
62768,62768,PUMP & PANTRY #34,US-20 & SR-27,Gordon,NE,475,3.449,42.806843,-102.204929,city,
62774,62774,MR MIKES MINI MART,SR-9,Northwood,NH,34,3.599,43.206965,-71.200423,city,
62790,62790,7-ELEVEN #40084,US-46/US-1/US-9,Palisades Park,NJ,115,3.099,40.84816,-73.99764,city,
62800,62800,A ONE TRUCK STOP,US-9,South Amboy,NJ,79,3.499,40.464733,-74.278635,city,
62817,62817,LOVES TRAVEL STOP #364,I-75 EXIT 33,Charleston,TN,285,3.589,35.255644,-84.766639,city,
62824,62824,FLYING J TRAVEL PLAZA #1005,"I-80, EXIT 48",Fernley,NV,966,3.91566666,39.60797,-119.25183,city,
62841,62841,SPEEDWAY #9912,"I-81, EXIT 10",Mc Graw,NY,32,4.309,42.594758,-76.081958,city,
62844,62844,CIRCLE K #4707612,"I-81, EXIT 14",Tully,NY,220,4.049,42.806977,-76.13936,city,
62850,62850,GANSEVOORT MINI MART,"I-87, EXIT 17",Gansevoort,NY,12,3.769,43.180343,-73.705267,city,
62887,62887,SPEEDWAY #9367,"I-275, EXIT 42",Cincinnati,OH,300,3.12566666,39.12711,-84.51439,city,
62911,62911,DAVIS TRAVEL CENTER #108,"I-85, EXIT 39",Warfield,VA,180,3.099,36.901122,-77.767317,city,
62918,62918,CIRCLE K #4705567,ST 91,Twinsburg,OH,305,3.63233333,41.31256,-81.44011,city,
62991,62991,ONVO TRAVEL PLAZA,"I-84, EXIT 17",Lake Ariel,PA,200,3.58566666,41.439476,-75.431257,city,
62996,62996,MARTIN GENERAL STORE,US-22,Alexandria,PA,14,3.539,40.549901,-78.107066,city,
63013,63013,TA WEST GREENWICH,"I-95, EXIT 5B",West Greenwich,RI,175,3.76566666,41.639977,-71.643549,city,
63018,63018,CIRCLE K #2723354,"I-526, EXIT 18A & US-78",Charleston,SC,42,3.299,32.77657,-79.93092,city,
63126,63126,PWI #120,"I-10, EXIT 593",Schertz,TX,740,2.92566666,29.55217,-98.26973,city,
63193,63193,Shell,US-29,Warrenton,VA,60,3.25733333,38.7063,-77.8159,city,
63211,63211,OMAK MART,US-97 & SR-215,Omak,WA,970,4.149,48.414347,-119.527156,city,
63246,63246,Petro Stopping Center #368,"I-94, EXIT 333",Sturtevant,WI,444,3.889,42.69673,-87.903082,city,
63313,63313,MARION TRAVEL CENTER,I-55 EXIT 14,Marion,AR,435,3.199,35.2077,-90.198908,city,
63330,63330,CIRCLE K #2723678,SR-53,Rome,GA,18,3.06233333,34.25704,-85.16467,city,
63336,63336,ROAD RANGER #118,"I-72 & I-55, EXIT 100-A",Springfield,IL,318,3.354,39.80172,-89.64371,city,
63349,63349,FLYING J TRAVEL PLAZA #662,"I-24, EXIT 86",Oak Grove,KY,415,3.15233333,36.665225,-87.425514,city,
63351,63351,76 FUEL CENTER,"I-75, EXIT 76",Berea,KY,410,2.999,37.579942,-84.274919,city,
63353,63353,LOVES TRAVEL STOP #367,"I-74, EXIT 149",Le Roy,IL,280,3.519,40.346781,-88.759813,city,
63376,63376,Circle K #2746246,US-169 & SR-41,Shakopee,MN,448,3.599,44.79802,-93.5269,city,
63379,63379,Petro Stopping Center #460,"I-70, EXIT 28",Oak Grove,MO,400,3.21233333,38.998456,-94.139946,city,
63388,63388,CIRCLE K #2723471,"I-95, EXIT 121",Wilson,NC,205,3.199,35.72127,-77.91554,city,
63391,63391,FLYING J TRAVEL PLAZA #687,"I-80, EXIT 179",North Platte,NE,475,3.449,41.12389,-100.76542,city,
63409,63409,FLYING J TRAVEL PLAZA #693,"I-90, EXIT 48A; PEMBROKE, NY",Corfu,NY,38,3.889,42.977734,-78.392906,city,
63428,63428,FLYING J TRAVEL PLAZA #702,"I-40, EXIT 264B",Checotah,OK,560,3.699,35.435786,-95.535038,city,
63442,63442,Flying J Travel Plaza #720,"I-40, EXIT 182",Fairview,TN,460,3.18566666,35.975528,-87.132065,city,
63455,63455,FLYING J TRAVEL PLAZA #752,"I-81, EXIT 323",Clear Brook,VA,60,3.659,39.265461,-78.098788,city,
63456,63456,SHELL,"I-85, EXIT 61",Petersburg,VA,180,3.20066666,37.22793,-77.40193,city,
63495,63495,DECAUTER SHELL TRUCK STOP,"I-35, EXIT 369",Decatur,TX,637,2.91566666,33.235077,-97.573995,city,
63498,63498,PILOT #6955,I-40/I-85 EXIT 150,Haw River,NC,65,3.959,36.055085,-79.334557,city,
63500,63500,SPEEDWAY #8723,"I-75, EXIT 144B",Bridgeport,MI,342,3.319,43.355309,-83.854906,city,
63501,63501,LOVES TRAVEL STOP #407,I-81 EXIT 52B OR I-76 EXIT 226,Carlisle,PA,70,4.099,40.20148,-77.18887,city,
63502,63502,FLYING J TRAVEL PLAZA #704,I-35 & 122ND ST,Edmond,OK,483,3.30566666,35.65283,-97.4781,city,
63506,63506,KWIK TRIP #342,"I-39, EXIT 159",Stevens Point,WI,395,3.559,44.52358,-89.57456,city,
63509,63509,PILOT TRAVEL CENTER #4557,"I-85, EXIT 166",Carnesville,GA,16,3.205666665,34.394723,-83.279209,city,
63510,63510,PILOT #4584,"I-95, EXIT 181",Latta,SC,63,3.349,34.339829,-79.441704,city,
63511,63511,PILOT #4576,"I-95, EXIT 82",Saint George,SC,42,3.519,33.184532,-80.573246,city,
63512,63512,SPEEDWAY #7929,"I-40, EXIT 208",Colfax,NC,65,2.854,36.100272,-80.010276,city,
63516,63516,SHEETZ #701,"I-81, EXIT 273",Mount Jackson,VA,60,2.874,38.768819,-78.676655,city,
63517,63517,TA LINCOLN TRAVEL CENTER,"I-20, EXIT 168 & SR-77",Lincoln,AL,615,3.084,33.605913,-86.111152,city,
63519,63519,PILOT TRAVEL CENTERS #243,"I-64, EXIT 45 & SR-25",Nitro,WV,44,3.62566666,38.419323,-81.829311,city,
63522,63522,Pilot Travel Centers #411,"I-40, EXIT 238 & US-231",Lebanon,TN,460,3.24566666,36.20811,-86.2911,city,
63523,63523,PILOT TRAVEL CENTERS #441,"I-65, EXIT 334",Decatur,AL,615,3.859,34.60593,-86.98334,city,
63524,63524,PILOT TRAVEL CENTERS #416,"I-75/SR-401, EXIT 101",Cordele,GA,10,3.308999995,31.963333,-83.7825,city,
63530,63530,BIG EASY TRAVEL PLAZA,"I-10, EXIT 239-B",New Orleans,LA,725,3.799,29.95465,-90.07507,city,
63532,63532,FUELSMART,SR-165,Muskogee,OK,560,3.25233333,35.74788,-95.36969,city,
63533,63533,FLYING J TRAVEL PLAZA #638,"I-84, EXIT 29",Caldwell,ID,785,3.78733333,43.66294,-116.68736,city,
63538,63538,SUAMICO CITGO,"US-41/US-141, EXIT 176 & CR-B",Suamico,WI,360,3.269,44.631944,-88.039167,city,
63540,63540,GAS N GO,"I-75, EXIT 149",Byron,GA,85,3.17233333,32.647384,-83.762244,city,
63545,63545,LOVES TRAVEL STOP #397,"I-85, EXIT 104",Blacksburg,SC,210,3.419,35.115047,-81.508004,city,
63546,63546,CITGO QUIK MART,SR/15 & SR-68,Tennille,GA,85,3.46566666,32.9063,-82.840024,city,
63563,63563,PILOT TRAVEL CENTERS #209,"I-10, EXIT 140",Van Horn,TX,640,3.659,31.042879,-104.832249,city,
63564,63564,PILOT TRAVEL CENTERS #213,"I-70, EXIT 94 (WILSON ROAD)",Columbus,OH,315,3.509,39.96118,-82.99879,city,
63565,63565,LOVES TRAVEL STOP #296,"I-8, EXIT 115 & SR-85",Gila Bend,AZ,930,3.889,32.93059,-112.746832,city,
63566,63566,PORT ALLEN TRUCKSTOP,"I-10, EXIT 151 & SR-415",Port Allen,LA,600,3.259,30.471983,-91.254088,city,
63568,63568,FLYING J TRAVEL PLAZA #658,"I-35, EXIT 127",Emporia,KS,336,3.25233333,38.4039,-96.18166,city,
63569,63569,PILOT TRAVEL CENTERS #893,"I-80, EXIT 40 (US-59)",Avoca,IA,319,3.659,41.476834,-95.350872,city,
63570,63570,PILOT TRAVEL CENTERS #287,"I-71, EXIT 204 & SR-83",Burbank,OH,305,3.699,40.963725,-81.995753,city,
63571,63571,Palace Truckstop,"I-10, EXIT 246 & I-510, EXIT 2C",New Orleans,LA,725,3.299,29.95465,-90.07507,city,
63572,63572,PILOT TRAVEL CENTERS #211,"I-40, EXIT 9 & SR-95",Lake Havasu City,AZ,910,3.924,34.4839,-114.32245,city,
63574,63574,PILOT TRAVEL CENTERS #232,"I-84, EXIT 376A",Ontario,OR,982,3.699,44.04156,-116.978268,city,
63575,63575,OKEMAH TRAVEL CENTER,"I-40, EXIT 221 (ST 27)",Okemah,OK,483,2.879,35.447516,-96.306788,city,
63577,63577,PILOT TRAVEL CENTERS #236,"I-80, EXIT 122",Minooka,IL,290,3.799,41.461516,-88.278596,city,
63579,63579,301 PLAZA,US-301 & SR-299,Middletown,DE,243,3.239,39.44956,-75.71632,city,
63580,63580,FLYING J TRAVEL PLAZA #637,"I-380, EXIT 68",Evansdale,IA,565,3.779,42.475453,-92.281158,city,
63581,63581,CASEYS #4453,"I-75, EXIT 120",Lexington,KY,410,3.224,37.98869,-84.47772,city,
63582,63582,T BONE TRUCK STOP,US-30,Columbus,NE,313,3.099,41.42973,-97.36838,city,
63583,63583,CUBBYS #110,"I-80, EXIT 353",Columbus,NE,313,3.179,41.42973,-97.36838,city,
63584,63584,PILOT TRAVEL CENTERS #417,"I-20, EXIT 19",Temple,GA,18,3.419,33.767687,-85.013315,city,
63586,63586,LOVES TRAVEL STOP #295,US-412 & US-69,Chouteau,OK,560,3.29066666,36.166924,-95.341574,city,
63587,63587,24/7 TRAVEL PLAZA,"I-135, EXIT 92",Salina,KS,523,2.974,38.84028,-97.61142,city,
63588,63588,KWIK TRIP #686,"I-94, EXIT 333/US-41 & SR-20",Sturtevant,WI,444,3.769,42.69673,-87.903082,city,
63594,63594,PILOT TRAVEL CENTERS #49,"I-24, EXIT 89",Oak Grove,KY,415,3.15233333,36.665225,-87.425514,city,
63595,63595,SPEEDWAY #5236,"I-75, EXIT 122",Lima,OH,411,3.25566666,40.74255,-84.10523,city,
63596,63596,PILOT TRAVEL CENTERS #442,"I-55, EXIT 19",Hayti,MO,275,3.25566666,36.239475,-89.751607,city,
63597,63597,PILOT TRAVEL CENTERS #163,"I-10, EXIT 24",Lordsburg,NM,640,3.439,32.314032,-108.754657,city,
63598,63598,PILOT TRAVEL CENTERS #164,"I-90/I-94, EXIT 69 & SR-82",Mauston,WI,420,3.299,43.793383,-90.064085,city,
63599,63599,PWI #978,"I-215, EXIT 21",Salt Lake City,UT,835,3.359,40.76078,-111.89105,city,
63600,63600,PILOT TRAVEL CENTERS #77,"I-55 /I-20, EXIT 45",Jackson,MS,760,3.149,32.29876,-90.18481,city,
63601,63601,PILOT TRAVEL CENTERS #206,"I-20, EXIT 406",Weatherford,TX,630,3.209,32.7593,-97.79725,city,
63602,63602,LOVES TRAVEL STOP #285,I-40 EXIT 277,Santa Rosa,NM,580,3.474,34.933276,-104.682155,city,
63603,63603,LOVES TRAVEL STOPS #290,US-59/US-69/S LOOP 287 & FM-841,Lufkin,TX,610,3.649,31.33824,-94.7291,city,
63604,63604,7-ELEVEN #40363,US-17/SR-15 & SR-100,Palatka,FL,75,3.364,29.657748,-81.659452,city,
63605,63605,FLYING J TRAVEL PLAZA #663,"I-64, EXIT 43 & SR-395",Waddy,KY,415,3.759,38.105445,-85.12883,city,
63606,63606,FLYING J TRAVEL PLAZA #652,"I-65/US-52, EXIT 139 & SR-39",Lebanon,IN,375,3.64066666,40.04837,-86.46917,city,
63607,63607,ROAD RANGER #209,"I-90/94, EXIT 48",Oakdale,WI,420,3.234,43.959722,-90.381667,city,
63608,63608,ROAD RANGER #206,US-20,Winnebago,IL,520,3.289,42.272723,-89.237316,city,
63609,63609,ROAD RANGER #203,US-20 & SR-2,Rockford,IL,520,3.289,42.27113,-89.094,city,
63612,63612,FLYING J TRAVEL PLAZA #622,"I-95/SR-9, EXIT 131 & SR-68 & SR-713",Fort Pierce,FL,95,3.499,27.44671,-80.32561,city,
63613,63613,FLYING J TRAVEL PLAZA #690,"I-10/US-70, EXIT 24",Lordsburg,NM,640,3.439,32.314032,-108.754657,city,
63614,63614,PILOT TRAVEL CENTERS #446,"I-69, EXIT 234",Daleville,IN,457,3.5815,40.125738,-85.511016,city,
63615,63615,One9 #1413,"I-81, EXIT 101",Dublin,VA,185,3.24233333,37.098879,-80.669696,city,
63616,63616,SPEEDWAY #8876,"US-23, EXIT 50",Whitmore Lake,MI,342,3.624,42.428904,-83.78282,city,
63619,63619,PILOT TRAVEL CENTERS #428,"I-20, EXIT 112",West Monroe,LA,760,3.20566666,32.531726,-92.175971,city,
63620,63620,LOVES TRAVEL STOP #420,"I-20, EXIT 47",Flowood,MS,620,3.149,32.3165,-90.1105,city,
63621,63621,FUEL CITY FRIENDLYS,"I-35E, EXIT 435",Dallas,TX,630,2.96566666,32.78306,-96.80667,city,
63623,63623,PILOT TRAVEL CENTERS #90,"I-95/SR-9, EXIT 129 & SR-91, EXIT 152 & SR-70",Fort Pierce,FL,95,3.489,27.44671,-80.32561,city,
63624,63624,FROG CITY TRAVEL PLAZA,"I-10, EXIT 87",Rayne,LA,690,3.36566666,30.204508,-92.248592,city,
63625,63625,FLYING J TRAVEL PLAZA #688,"I-295, DEEP WATER STREET",Penns Grove,NJ,243,3.989,39.717938,-75.465623,city,
63627,63627,PILOT TRAVEL CENTERS #174,I-78 & SR-15,New Albany,MS,435,3.859,34.485051,-89.003058,city,
63628,63628,PILOT TRAVEL CENTERS #75,"I-65, EXIT 19 & US-43/SR-13",Satsuma,AL,715,3.197,30.851628,-88.053312,city,
63629,63629,SPEEDWAY #4523,"I-94, EXIT 88",Osseo,WI,448,3.54566666,44.559923,-91.219148,city,
63630,63630,TA DENVER EAST TRAVEL CENTER,"I-70 & I-270, EXIT 278",Commerce City,CO,800,3.37566666,39.80832,-104.93387,city,
63635,63635,SAPP BROS TRAVEL CENTER,"I-70, EXIT 295",Junction City,KS,523,3.709,39.02861,-96.8314,city,
63636,63636,PILOT TRAVEL CENTERS #279,"I-19, EXIT 12 & SR-289",Rio Rico,AZ,980,3.6365,31.47148,-110.97648,city,
63637,63637,PILOT TRAVEL CENTERS #454,"I-70, EXIT 79",London,OH,315,3.509,39.900074,-83.443899,city,
63639,63639,PILOT TRAVEL CENTERS #444,"I-70, EXIT 23",Brazil,IN,375,3.939,39.521041,-87.127767,city,
63640,63640,SUPER EXPRESS STOP,"I-64, EXIT 113",Mount Sterling,KY,410,3.859,38.054822,-83.938774,city,
63641,63641,FLYING J TRAVEL PLAZA #625,"I-4/SR-400, EXIT 10 & SR-579",Seffner,FL,225,3.44233333,27.983333,-82.275833,city,
63642,63642,COLTS QUICK DRAW,"I-40, EXIT 125 & US-65/SR-25",Greenbrier,AR,695,3.30733333,35.229547,-92.357792,city,
63648,63648,CIRCLE K #2723333,"I-75, EXIT 216",Mcdonough,GA,67,3.209,33.44734,-84.14686,city,
63649,63649,ONE TRIP,US-84,Homerville,GA,10,3.44233333,31.044991,-82.743103,city,
63651,63651,CIRCLE K #2723346,US-29/S8,Athens,GA,16,3.399,33.96095,-83.37794,city,
63652,63652,CASEYS #3292,"I-380, EXIT 43 & US-20",Independence,IA,380,3.599,42.46744,-91.880343,city,
63653,63653,FLYING J TRAVEL PLAZA #760,US-30 & SR-232,Cokeville,WY,835,3.899,42.057983,-110.916419,city,
63661,63661,FLYING J TRAVEL PLAZA #677,"US-78, EXIT 6",Olive Branch,MS,435,3.28566666,34.96176,-89.82953,city,
63662,63662,PILOT TRAVEL CENTERS #267,"I-75, EXIT 146",Byron,GA,85,3.37566666,32.647384,-83.762244,city,
63667,63667,CIRCLE K #2723875,SR-41/SR-45,Jamestown,SC,42,2.974,33.228797,-79.715551,city,
63668,63668,PILOT #4579,"I-26, EXIT 139",Saint Matthews,SC,135,3.509,33.694212,-80.856286,city,
63669,63669,One9 #1248,"I-45, EXIT 271",Wilmer,TX,630,2.75566666,32.598133,-96.68376,city,
63671,63671,WESTERN TRAVEL TERMINAL,US-26 & US-85,Torrington,WY,795,3.399,42.062377,-104.191662,city,
63676,63676,CORNER EXPRESS,ST 55,Wellston,MI,456,3.499,44.213266,-85.955475,city,
63680,63680,ALLTOWN MARKETS-FLYING J #896,I-93 EXIT 11 & SR 3A,Bow,NH,39,4.099,43.138788,-71.544814,city,
63685,63685,RIVER HEIGHTS GROCERY,US-64/SR-69/SR-15,Crump,TN,435,3.099,35.221641,-88.335641,city,
63690,63690,LOVES TRAVEL STOP #277,"I-30, EXIT 46",Prescott,AR,635,3.47566666,33.804029,-93.372544,city,
63691,63691,JIMMIES AUTO TRUCK PLAZA,"I-10, EXIT 262",Lee,FL,20,3.84733333,30.397863,-83.284392,city,
63694,63694,PILOT TRAVEL CENTERS #261,"I-55, EXIT 186",Winona,MS,576,3.499,33.485753,-89.727655,city,
63695,63695,FLYING J TRAVEL PLAZA #634,"I-20/SR-402, EXIT 19 & SR-113",Temple,GA,18,3.419,33.767687,-85.013315,city,
63697,63697,MILLER MART #40,"I-64, EXIT 255B",Newport News,VA,130,3.30566666,37.08339,-76.46965,city,
63699,63699,DEWITT TRAVEL MART,"US-30, EXIT 313",De Witt,IA,270,3.599,41.826726,-90.523735,city,
63700,63700,WIXOM FUEL STOP,"I-96, EXIT 159",Wixom,MI,325,3.999,42.534037,-83.528486,city,
63701,63701,FLYING J TRAVEL PLAZA #742,"I-80, EXIT 98/99",Tooele,UT,835,3.759,40.53078,-112.29828,city,
63702,63702,QUICK FUEL #2501,"I-264, EXIT 14",Louisville,KY,415,3.08233333,38.25424,-85.75941,city,
63703,63703,QUICK FUEL #2303,"I-71, EXIT 104/FRANK RD EXIT",Columbus,OH,315,3.56566666,39.96118,-82.99879,city,
63704,63704,QUICK FUEL #2301,"I-275, EXIT 44",Cincinnati,OH,300,3.239,39.12711,-84.51439,city,
63706,63706,QUICK FUEL #1003,"I-41/US-45, EXIT 45 & CR-EE",Milwaukee,WI,444,3.42566666,43.0389,-87.90647,city,
63715,63715,FLYING J TRAVEL PLAZA #772,"I-215, EXIT 28",North Salt Lake,UT,835,3.73233333,40.84856,-111.90688,city,
63716,63716,EXPRESS LANE #34,"I-39, EXIT 115",Rockford,IL,520,3.649,42.27113,-89.094,city,
63718,63718,ROAD RANGER #210,"I-39/US-51, EXIT 99 & SR-38",Rochelle,IL,520,3.699,41.928156,-89.071035,city,
63720,63720,FLYING J TRAVEL PLAZA #611,"I-10, EXIT 137",Phoenix,AZ,930,3.589,33.44838,-112.07404,city,
63721,63721,ROAD RUNNER TRAVEL CENTER,I-69E/US-77 & CR-892,Robstown,TX,625,3.349,27.798395,-97.699523,city,
63722,63722,LOVES TRAVEL STOP #240,"I-10, EXIT 151 & SR-415",Port Allen,LA,600,3.23233333,30.471983,-91.254088,city,
63724,63724,LOVES TRAVEL STOP #244,"I-40, EXIT 87 & US-70/US-412",Jackson,TN,435,3.49733333,35.61452,-88.81395,city,
63725,63725,TA CARTERSVILLE TRAVEL CENTER,"I-75, EXIT 296",Cartersville,GA,18,3.599,34.16533,-84.80231,city,
63726,63726,FLYING J TRAVEL PLAZA #706,"I-44 & I-244, EXIT 236",Tulsa,OK,560,3.36566666,36.15398,-95.99277,city,
63727,63727,LOVES TRAVEL STOP #403,"I-81, EXIT 3",Binghamton,NY,32,3.704,42.09869,-75.91797,city,
63728,63728,PILOT TRAVEL CENTERS #43,"I-80, EXIT 284",Walcott,IA,270,3.87233333,41.645309,-90.725603,city,
63729,63729,PILOT TRAVEL CENTERS #147,"I-80, EXIT 410",West Wendover,NV,835,3.709,40.735,-114.075278,city,
63730,63730,PILOT TRAVEL CENTERS #309,"I-77, EXIT 25",Caldwell,OH,430,3.65233333,39.746651,-81.51528,city,
63731,63731,LOVES TRAVEL STOP #243,"I-10, EXIT 43 & SR-383",Iowa,LA,690,3.58733333,30.221937,-93.02586,city,
63732,63732,LOVES TRAVEL STOP #265,"I-10, EXIT 200",Eloy,AZ,930,3.434,32.7559,-111.55484,city,
63734,63734,CIRCLE K #2723472,US-70 & SR-58,Kinston,NC,63,3.319,35.26266,-77.58164,city,
63736,63736,PLATEAU TRUCK AND AUTO CENTER,"I-10, EXIT 159",Van Horn,TX,640,3.099,31.042879,-104.832249,city,
63737,63737,I 10 DUSON TRUCK STOP,"I-10, AUSTRIA ROAD",Duson,LA,730,3.41066666,30.191216,-92.152455,city,
63738,63738,U STOP 33,US-77,Beatrice,NE,413,3.399,40.270509,-96.743494,city,
63740,63740,CIRCLE K #2723478,US-29,Blairs,VA,185,3.439,36.667408,-79.378869,city,
63741,63741,SHELL,"I-295, EXIT 15",Chester,VA,180,3.20233333,37.35682,-77.44165,city,
63743,63743,PILOT TRAVEL CENTERS #370,"I-81, EXIT 175",Pittston,PA,200,4.17566666,41.317501,-75.788492,city,
63744,63744,PILOT TRAVEL CENTERS #439,"I-24, EXIT 86",Oak Grove,KY,415,3.15233333,36.665225,-87.425514,city,
63745,63745,PILOT TRAVEL CENTERS #447,"I-64, EXIT 25",Haubstadt,IN,340,3.959,38.189536,-87.579827,city,
63746,63746,PILOT TRAVEL CENTERS #453,"I-85, EXIT 90",Gaffney,SC,210,3.429,35.061508,-81.649061,city,
63747,63747,PILOT TRAVEL CENTERS #440,"I-71, EXIT 28",Pendleton,KY,415,3.759,38.480918,-85.317019,city,
63751,63751,PETRO STOPPING CENTER #328,"I-20 & I-55, EXIT 45",Jackson,MS,620,3.109,32.29876,-90.18481,city,
63752,63752,MR FUEL #732,"I-80, EXIT 226",Girard,OH,573,3.239,41.161136,-80.693305,city,
63753,63753,PILOT TRAVEL CENTER #4558,"I-75, EXIT 318",Calhoun,GA,285,3.29566666,34.50259,-84.95105,city,
63754,63754,U SAVE TRAVEL PLAZA,US-19 & SR-129,Mount Nebo,WV,44,3.599,38.197064,-80.820204,city,
63755,63755,PILOT TRAVEL CENTERS #196,"I-40, EXIT 325 & US-64",Roland,OK,645,3.739,35.453811,-94.529085,city,
63756,63756,PILOT TRAVEL CENTERS #144,"I-20, EXIT 200",Augusta,GA,135,3.859,33.47097,-81.97484,city,
63759,63759,BUFFALO RANCH,US/69/US-60 & US-59,Afton,OK,560,3.099,36.630072,-94.907491,city,
63760,63760,CASH MAGIC CITGO HOUMA,I-57,Houma,LA,725,3.56566666,29.59577,-90.71953,city,
63761,63761,7Fleet #46589,"I-94/US-52, EXIT 205 & SR-241",Saint Michael,MN,448,3.309,45.20996,-93.66496,city,
63762,63762,MINIT MART #600643,"I-57, EXIT 322",Manteno,IL,290,3.299,41.251439,-87.846761,city,
63763,63763,Flying J Travel Plaza #644,"I-80, EXIT 77 & SR-351",La Salle,IL,290,3.429,41.344221,-89.095468,city,
63764,63764,LOVES TRAVEL STOP #288,"I-45, EXIT 198 & US-84",Fairfield,TX,765,3.429,31.736136,-96.157176,city,
63766,63766,PILOT TRAVEL CENTERS #26,"US-23, EXIT 5 & US-223",Ottawa Lake,MI,325,3.624,41.768276,-83.685559,city,
63767,63767,HOP-IN FOOD STORES,I-27 & FM-1729,New Deal,TX,700,2.92566666,33.737222,-101.836111,city,
63768,63768,PILOT TRAVEL CENTERS #443,"I-70, EXIT 49",Higginsville,MO,400,3.23566666,39.070504,-93.713265,city,
63770,63770,FLYING J TRAVEL PLAZA #694,"I-90, EXIT 223",Austinburg,OH,305,3.859,41.75536,-80.858422,city,
63771,63771,FLYING J TRAVEL PLAZA #572,"I-35, EXIT 144",Williams,IA,433,3.699,42.461376,-93.56774,city,
63773,63773,QUIKTRIP #179,ST 152,Liberty,MO,400,2.999,39.24611,-94.41912,city,
63774,63774,PILOT TRAVEL CENTERS #150,"I-70, EXIT 24 &SR-63",Hagerstown,MD,22,3.959,39.64176,-77.71999,city,
63775,63775,FLYING J TRAVEL PLAZA #646,"I-90/39, EXIT 1 & US-51 & SR-75",South Beloit,IL,290,3.799,42.483672,-89.029791,city,
63776,63776,KWIK TRIP #334,US-169/SR-60,Mankato,MN,425,3.549,44.15906,-94.00915,city,
63777,63777,KWIK TRIP #403,"I-35, EXIT 45",Owatonna,MN,425,3.499,44.08385,-93.22604,city,
63778,63778,KWIK TRIP #662,SR-55/SR-149,Saint Paul,MN,451,3.629,44.94441,-93.09327,city,
63781,63781,Pilot Travel Centers #8,US-23 & PITTSBURG RD,Circleville,OH,315,3.799,39.598836,-82.929966,city,
63782,63782,FUEL EXPRESSO #11,"I-35, EXIT 155",Lebo,KS,400,3.17233333,38.416085,-95.822174,city,
63787,63787,LOVES TRAVEL STOP #402,"I-10, EXIT 44",Biloxi,MS,715,3.449,30.39603,-88.88531,city,
63789,63789,PILOT TRAVEL CENTERS #448,"I-65, EXIT 240",Hebron,IN,365,3.4765,41.315537,-87.208791,city,
63790,63790,PILOT TRAVEL CENTERS #412,"I-81, EXIT 4",White Pine,TN,405,3.699,36.090299,-83.287921,city,
63791,63791,PILOT TRAVEL CENTERS #432,"I-35, EXIT 328",Waco,TX,765,3.22066666,31.54933,-97.14667,city,
63792,63792,PILOT TRAVEL CENTERS #424,"I-75, EXIT 358",Ocala,FL,140,3.385666665,29.1872,-82.14009,city,
63793,63793,HUTCH'S #113,US-183 & US-270/SR-15,Woodward,OK,483,2.999,36.426784,-99.402016,city,
63794,63794,PILOT TRAVEL CENTERS #157,"I-30, EXIT 122",Sulphur Springs,TX,723,3.309,33.13845,-95.60107,city,
63795,63795,LOVES COUNTRY STORE #022,US-412,Clayton,NM,585,3.414,36.441378,-103.188823,city,
63796,63796,PETRO STOPPING CENTER #329,"I-40/I-85, EXIT 157",Mebane,NC,65,3.999,36.097862,-79.271895,city,
63798,63798,PETRO GLADE SPRING #372,"I-81, EXIT 29",Glade Spring,VA,405,3.58733333,36.7779,-81.767639,city,
63799,63799,LOVES TRAVEL STOP #204,US-69 BUS & US-69,Eufaula,OK,560,3.689,35.29114,-95.647227,city,
63800,63800,PILOT TRAVEL CENTERS #255,"I-95, EXIT 40",Milford,CT,73,4.299,41.22232,-73.0565,city,
63801,63801,PILOT #1126,"I-435, EXIT 55 & SR-210",Kansas City,MO,400,3.38233333,39.09973,-94.57857,city,
63802,63802,CARTERS TRAVEL CENTER,"I-40, EXIT 201N",Flagstaff,AZ,930,3.689,35.19807,-111.65127,city,
63803,63803,KOUNTRY XPRESS,"I-40, EXIT 20",Mulberry,AR,645,3.27233333,35.517246,-93.988505,city,
63805,63805,TEX-BEST #519,US-281 & US-281 BUS & CR-1930,Alice,TX,625,2.899,27.75225,-98.06972,city,
63812,63812,PETRO STOPPING CENTER #330,"I-65, EXIT 86",Glendale,KY,415,3.599,37.603398,-85.892101,city,
63813,63813,TA SAN ANTONIO TRAVELCENTER,"I-10 & FOSTER RD, EXIT 583",San Antonio,TX,740,3.20733333,29.42412,-98.49363,city,
63828,63828,CIRCLE K #2723654,US-431,Boaz,AL,587,3.519,34.173686,-86.148003,city,
63829,63829,CALERA CHEVRON,SR-25,Calera,AL,615,3.199,33.1098,-86.755987,city,
63836,63836,Double Bees #109,"I-40, EXIT 183",Carlisle,AR,695,3.139,34.793291,-91.745929,city,
63841,63841,MAGNOLIA TRAVEL CENTER,US-82 & US-371,Magnolia,AR,635,3.599,33.264678,-93.239153,city,
63846,63846,71 EXPRESS,US-71,Mansfield,AR,645,3.33233333,35.0432,-94.22036,city,
63848,63848,CIRCLE K #2706345,"I-30, EXIT 2",Texarkana,AR,723,3.479,33.44179,-94.03769,city,
63850,63850,PILOT TRAVEL CENTERS #180,"I-40, EXIT 185",Bellemont,AZ,930,3.624,35.238056,-111.832778,city,
63854,63854,E-Z MART #4437,US-71,Boles,AR,645,3.299,34.765363,-94.062864,city,
63855,63855,LOVES TRAVEL STOP #460,"I-10, EXIT 302",Benson,AZ,980,3.279,31.98826,-110.294113,city,
63856,63856,PILOT TRAVEL CENTER #1175,"I-17, EXIT 262 & SR-69",Mayer,AZ,930,3.69525,34.365535,-112.129551,city,
63870,63870,CIRCLE K #2744074,"I-270/US-36, EXIT 4",Commerce City,CO,800,3.45566666,39.80832,-104.93387,city,
63871,63871,Alta Convenience Store #6317,"I-70, EXIT 19",Fruita,CO,810,3.399,39.163656,-108.721757,city,
63876,63876,Mobil,"FL TURNPIKE, EXIT 244",Kissimmee,FL,225,3.449,28.30468,-81.41667,city,
63887,63887,QUIKTRIP #757,"I-79/SR-401, EXIT 306 & SR-140",Adairsville,GA,193,2.88733333,34.359527,-84.917634,city,
63893,63893,QUICK FUEL #2204,"I-285, EXIT 58/SR-407 & I-75, EXIT 237/SR-401",Atlanta,GA,18,3.27566666,33.749,-84.38798,city,
63894,63894,CIRCLE K #2723653,"I-75, EXIT 124",Cartersville,GA,193,3.224,34.16533,-84.80231,city,
63895,63895,KWIK SERV #17,"I-75, EXIT 136",Chatsworth,GA,193,3.499,34.758929,-84.794293,city,
63904,63904,SUNOCO,"I-95, EXIT 19",Savannah,GA,195,3.63233333,32.08354,-81.09983,city,
63907,63907,QUIKTRIP #737,"I-85, EXIT 137",Jefferson,GA,16,3.119,34.106197,-83.570813,city,
63909,63909,GAS2GO,"I-95, EXIT 6",Kingsland,GA,75,3.109,30.79996,-81.68983,city,
63910,63910,OGMULGEE CHEVRON #419,"I-16, EXIT 6",Macon,GA,85,3.399,32.84069,-83.6324,city,
63912,63912,PILOT TRAVEL CENTER #4562,"I-95, EXIT 1",Kingsland,GA,75,3.565666665,30.79996,-81.68983,city,
63914,63914,CIRCLE M #12,US-23/SR-365 & SR-52,Lula,GA,18,3.539,34.398513,-83.694459,city,
63915,63915,HIGHWAY 80 CHEVRON,"I-185, EXIT 7",Midland,GA,50,3.399,32.561587,-84.855851,city,
63922,63922,THOMASVILLE TRAVEL CENTER,US-84 & SR-3,Thomasville,GA,20,3.18066666,30.83658,-83.97878,city,
63925,63925,PILOT TRAVEL CENTER #4561,"I-75, EXIT 11",Valdosta,GA,20,3.32233333,30.83334,-83.28032,city,
63931,63931,LOVES TRAVEL STOP #371,"I-95, EXIT 190",Dillon,SC,46,3.33066666,34.414553,-79.377015,city,
63937,63937,CUBBYS #305,"I-29, EXIT 10 & SR-2",Percival,IA,319,3.694,40.740148,-95.809307,city,
63938,63938,CUBBYS #301,US-34 & SR-48,Red Oak,IA,319,3.399,41.007949,-95.226924,city,
63942,63942,Discount Zone,"I-10, EXIT CLEARVIEW",New Orleans,LA,725,3.279,29.95465,-90.07507,city,
63946,63946,MINIT MART #600644,"I-80, EXIT 134",Joliet,IL,399,3.599,41.52519,-88.0834,city,
63955,63955,ROAD RANGER #266,"I-72, EXIT 82 & CR-10",New Berlin,IL,280,3.479,39.736048,-89.905721,city,
63957,63957,SUNMART FOOD STORE,SR-37,Bloomington,IN,375,3.499,39.16533,-86.52639,city,
63959,63959,SPEEDWAY #1429,SR-59 & SR-56,Warrenville,IL,293,3.549,41.828046,-88.19213,city,
63960,63960,BUTLER ONE STOP,"I-69, EXIT 329",Butler,IN,370,3.519,41.42873,-84.878716,city,
63962,63962,7-ELEVEN #40505,"I-80, EXIT 90",Elkhart,IN,465,4.11566666,41.68199,-85.97667,city,
63964,63964,LOVES TRAVEL STOPS #242,"I-35 & FISHER RD, EXIT 144",Von Ormy,TX,740,3.208,29.274979,-98.667741,city,
63965,63965,GOOD TO GO #11,"I-65, EXIT 158",Frankfort,IN,375,3.549,40.27948,-86.51084,city,
63966,63966,PHILS ONE STOP,"I-69, EXIT 309B",Fort Wayne,IN,370,3.67566666,41.1306,-85.12886,city,
63972,63972,7-ELEVEN #40506,"I-80/I-90, MM 125 WB",Howe,IN,465,3.899,41.728594,-85.472746,city,
63977,63977,CAREFREE FOOD MART,"I-64, EXIT 92",Leavenworth,IN,415,3.499,38.194244,-86.359862,city,
63978,63978,Gallops,"I-80, EXIT 107",Middlebury,IN,370,3.549,41.675415,-85.711443,city,
63979,63979,Jaks Oil,US-90,Broussard,LA,730,3.049,30.12189,-91.950171,city,
63988,63988,Petes #47,US-400/SR-47,Fredonia,KS,307,3.299,37.525622,-95.822898,city,
63990,63990,TREX MART #4,"I-229/US-59, EXIT 4B & US-36",Wathena,KS,400,2.999,39.762505,-94.92546,city,
63992,63992,SANDRAS QUICK STOP,US-169 & US-59,Garnett,KS,485,3.319,38.285907,-95.259368,city,
63994,63994,U STOP #38,I-70 EXIT 298,Junction City,KS,553,3.35566666,39.02861,-96.8314,city,
63997,63997,LEON GROCERY,US-400,Leon,KS,336,3.399,37.681268,-96.752634,city,
64001,64001,PETES #53,US-400 & SR-99 & CR-939,Severy,KS,336,3.249,37.64985,-96.229777,city,
64002,64002,SPEEDWAY #9567,"I-65, EXIT 105",Lebanon Junction,KY,415,3.16566666,37.851054,-85.724641,city,
64003,64003,HUCKS Food & Fuel #305 dba Pilot Dealer #1288,SR-9001 & WKY PKWY SERVICE AREA,Beaver Dam,KY,460,3.614,37.386958,-86.872932,city,
64016,64016,SHELL,US-231 & SR-1468,Morgantown,KY,487,3.799,37.19102,-86.703726,city,
64020,64020,LEEBOS # 9,"I-49, EXIT 90",Alexandria,LA,730,3.21566666,31.31129,-92.44514,city,
64021,64021,CM AMITE,SR-16,Amite,LA,600,3.399,30.718208,-90.570493,city,
64028,64028,DELCAMBRE FUEL DEPOT,SR-14 & SR-89,Delcambre,LA,730,2.999,29.947414,-91.988938,city,
64029,64029,SUNSHINE SUPER STOP TRUCKS,"I-10, EXIT 182",Convent,LA,600,3.399,30.055251,-90.864988,city,
64030,64030,STATE OIL,SR-23,Belle Chasse,LA,725,3.43233333,29.834514,-90.004177,city,
64034,64034,BOONES CHEVRON,SR-317,Franklin,LA,623,3.899,29.785656,-91.502643,city,
64036,64036,CM PROSPECT STATION,SR-3087 & SR-660,Houma,LA,725,3.599,29.59577,-90.71953,city,
64040,64040,PILOT #1051,"I-10, EXIT 43 & SR-383",Iowa,LA,690,3.599,30.221937,-93.02586,city,
64042,64042,LA PLACE TRAVEL CENTER,"I-10, EXIT 209 & I-55, EXIT 1",La Place,LA,725,3.259,30.077718,-90.489544,city,
64043,64043,COUNTRY AUTO TRUCK STOP,"I-49, EXIT 177 & SR-509",Mansfield,LA,766,3.259,32.023863,-93.698045,city,
64044,64044,DISCOUNT ZONE,"I-510, EXIT 240",New Orleans,LA,725,3.149,29.95465,-90.07507,city,
64045,64045,SILVERS TRAVEL PLAZA - Port Allen,US-190/SR-1,Port Allen,LA,730,3.33233333,30.471983,-91.254088,city,
64047,64047,LUCKY LOUIES TRUCK STOP,US-190,Port Allen,LA,600,3.06566666,30.471983,-91.254088,city,
64048,64048,Pilot #1439,"I-10, Exit 151",Port Allen,LA,600,3.21566666,30.471983,-91.254088,city,
64049,64049,Cash Magic CITGO LAROSE,SR-308,Larose,LA,725,3.399,29.572222,-90.381667,city,
64050,64050,WESTWOOD TRUCK PLAZA,US-90 BUS,Marrero,LA,725,3.279,29.89937,-90.10035,city,
64058,64058,DELTA TOWN TRUCK STOP,"I-10, EXIT 4",Vinton,LA,690,2.799,30.201523,-93.572808,city,
64059,64059,CM SPRINGHILL,"I-20, EXIT 44",Springhill,LA,745,3.399,33.00054,-93.459563,city,
64060,64060,CM VIVIAN,SR-1 & SR-2,Vivian,LA,745,3.26566666,32.866844,-93.987312,city,
64062,64062,XTRA MART #10098,SR-146A,Uxbridge,MA,175,3.649,42.074426,-71.632869,city,
64063,64063,Mobil,US-20 & SR-56,North Oxford,MA,175,3.58233333,42.16549,-71.885953,city,
64069,64069,301 BP,US-301/SR-5,Brandywine,MD,22,3.259,38.692203,-76.832033,city,
64072,64072,EZ MART #110,US-127 & US-127 BUS/SR-46,Alma,MI,260,3.649,43.380877,-84.663484,city,
64082,64082,SPEEDWAY #8797,SR-13,Lennon,MI,342,3.379,42.969323,-83.927908,city,
64083,64083,BIG DADDYS TRUCKSTOP,US-223 & US-23,Ottawa Lake,MI,325,3.499,41.768276,-83.685559,city,
64084,64084,RPF OIL #92 PARMA TRAVEL CENTER,"I-94, EXIT 128",Parma,MI,431,3.499,42.273879,-84.599886,city,
64085,64085,MADCO TRUCK PLAZA,"I-94, EXIT 200",Romulus,MI,325,3.499,42.22226,-83.3966,city,
64087,64087,SAHARA PETRO,"I-696, EXIT 22",Warren,MI,325,3.749,42.49044,-83.01304,city,
64091,64091,Circle K 2746398,US-10 & SR-27,Little Falls,MN,448,3.399,45.98108,-94.360428,city,
64092,64092,ONE9 #4555,"I-20/I-59, EXIT 77",Cottondale,AL,615,2.93233333,33.176667,-87.387051,city,
64097,64097,KWIK TRIP #937,US-12,Willmar,MN,451,3.34066666,45.12191,-95.04334,city,
64098,64098,BLUE LINE TRAVEL CENTER,"I-90, EXIT 45",Worthington,MN,432,3.16566666,43.628626,-95.605907,city,
64101,64101,D DIAMOND TRAVEL PLAZA,"I-44, EXIT 82",Fair Grove,MO,535,3.13233333,37.372143,-93.142824,city,
64106,64106,RAPID ROBERTS #122,SR-43,Joplin,MO,277,2.899,37.08423,-94.51328,city,
64112,64112,RAPID ROBERTS #123,"I-44, EXIT 80",Springfield,MO,535,2.899,37.21533,-93.29824,city,
64116,64116,GRAND LEDGE,"I-96, EXIT 86",Grand Ledge,MI,344,3.789,42.752924,-84.737314,city,
64120,64120,HOLIDAY STATIONSTORE #2746185,US-2,Wakefield,MI,545,3.219,46.475184,-89.942446,city,
64122,64122,FLYING J TRAVEL PLAZA #691,"I-40, EXIT 333",Tucumcari,NM,585,3.899,35.168003,-103.717935,city,
64124,64124,Shell,"I-94 & I-75, EXIT 171",Saint Cloud,MN,448,3.36233333,45.5608,-94.16249,city,
64126,64126,CASEYS #3471,US-2 & CR-87,Cohasset,MN,333,3.449,47.269112,-93.639154,city,
64132,64132,45 TRUCKSTOP,US-45,Corinth,MS,435,3.089,34.93236,-88.543884,city,
64139,64139,4 MILE TRUCKSTOP,US-98 & HOLT RD,Lucedale,MS,715,3.399,30.866722,-88.593391,city,
64153,64153,SPEEDWAY #6972,US-70,Durham,NC,177,3.799,35.99403,-78.89862,city,
64155,64155,SPEEDWAY #8228,"I-85, EXIT 191 & SR-56",Creedmoor,NC,205,3.999,36.112433,-78.647587,city,
64156,64156,SPEEDWAY #6985,"I-40, EXIT 312 & SR-42",Garner,NC,177,3.499,35.71126,-78.61417,city,
64163,64163,FILL GOOD BP #15,US-74,Monroe,NC,46,3.399,34.98543,-80.54951,city,
64167,64167,NORTH LONDONDERRY SUNOCO,"I-93, EXIT 5",Londonderry,NH,125,3.939,42.865555,-71.37719,city,
64170,64170,LUCKY 7,"I-95, EXIT 61",Wade,NC,205,2.999,35.160559,-78.724929,city,
64171,64171,CIRCLE K #2723130,"I-40, EXIT 364",Warsaw,NC,245,2.87566666,34.99818,-78.086739,city,
64172,64172,CUBBYS #108,"I-80, EXIT 420 & SR-63",Greenwood,NE,319,3.399,40.97064,-96.42584,city,
64173,64173,SAPP BROS TRAVEL CENTER,"I-80, EXIT 405",Lincoln,NE,413,3.36566666,40.8,-96.66696,city,
64181,64181,SUNOCO- JOYCE KILMER PLAZA #7012,"NJTP,EXIT 8A",East Brunswick,NJ,115,3.899,40.42788,-74.41598,city,
64182,64182,SUNOCO- VINCE LOMBARDI SERVICE AREA #7017,"NJ TURNPIKE, EXIT 18",Ridgefield,NJ,115,3.899,40.832568,-74.001531,city,
64183,64183,SUNOCO- THOMAS EDISON PLAZA #7013,"NJTP, EXIT 11",Woodbridge,NJ,79,3.899,40.5576,-74.28459,city,
64187,64187,SPEEDWAY #9117,"I-25, EXIT 339",Las Vegas,NM,580,3.18566666,35.594862,-105.227162,city,
64189,64189,CIRCLE K #2708931,"I-10, EXIT 155",Tucumcari,NM,585,3.259,35.168003,-103.717935,city,
64195,64195,DANDY MINI MART #14,"I-86, EXIT 62",Nichols,NY,32,3.439,42.031961,-76.361039,city,
64201,64201,POCO SHOP #2,"I-95, EXIT 31",Saint Pauls,NC,205,3.799,34.800962,-78.973077,city,
64206,64206,SUNOCO WOODROW WILSON PLAZA #7010,"NJTP, EXIT 7",Trenton,NJ,150,3.899,40.21705,-74.74294,city,
64210,64210,FUEL 1,"I-287, EXIT 4",South Plainfield,NJ,79,4.799,40.57927,-74.41154,city,
64211,64211,PILOT #490/WESTERN PETROLEUM,US-180,Carlsbad,NM,593,3.729,32.42067,-104.22884,city,
64215,64215,STRIPES 7FLEET #42588,US-380 & SR-206,Tatum,NM,700,3.66233333,33.260018,-103.314,city,
64216,64216,DANDY MINI MART #31,SR-13 & SR-224,Cayuta,NY,190,4.399,42.277445,-76.697367,city,
64218,64218,PILOT TRAVEL CENTERS #494,"I-88, EXIT 25",Schenectady,NY,12,3.999,42.81424,-73.93957,city,
64221,64221,BELL STORES #49,"I-76E, EXIT 25B",Akron,OH,249,3.499,41.08144,-81.51901,city,
64223,64223,7-ELEVEN #40295,"I-80, EXIT 170",Broadview Heights,OH,249,3.52733333,41.31394,-81.68513,city,
64224,64224,7-ELEVEN #40296,SR-176,Broadview Heights,OH,249,3.53233333,41.31394,-81.68513,city,
64227,64227,GO MART FOOD STORE #116,US-50 & SR-7,Coolville,OH,430,3.35733333,39.214131,-81.832867,city,
64229,64229,SPEEDWAY #9385,"I-70, EXIT 129",Hebron,OH,315,3.369,39.953464,-82.491868,city,
64230,64230,Certified Oil #400423,I-70 EXIT 126,Hebron,OH,315,3.39566666,39.953464,-82.491868,city,
64231,64231,7-ELEVEN #40293,"OHIO TURNPIKE EB MILEPOST 139/I-80, EXIT 139",Amherst,OH,249,3.53233333,41.390506,-82.228165,city,
64233,64233,74 FUEL STOP,"I-74, EXIT 3",Harrison,OH,300,3.859,39.259208,-84.78368,city,
64235,64235,PENNZMART FUEL EXPRESS,ST 100,Tiffin,OH,411,3.4315,41.1145,-83.17797,city,
64236,64236,KFC TRAVELMART,SR-199,Upper Sandusky,OH,411,3.249,40.824876,-83.297711,city,
64243,64243,Caseys #4519,US-62,Altus,OK,483,3.00566666,34.63813,-99.33398,city,
64244,64244,CHOCTAW NATION DURANT WEST #632,US-69/US-75,Calera,OK,253,3.089,33.928872,-96.410205,city,
64256,64256,CHEROKEE TRAVEL PLAZA,"I-40, EXIT 325",Roland,OK,645,3.799,35.453811,-94.529085,city,
64261,64261,Phillips 66,US-75/SR-56,Okmulgee,OK,560,2.989,35.628805,-95.96967,city,
64264,64264,CASEYS #4594,US-81 & US-70,Waurika,OK,253,3.07733333,34.174466,-97.997346,city,
64265,64265,ASAP GENERAL STORE #101,"I-40, EXIT 84 & US-54",Weatherford,OK,483,3.13233333,35.535046,-98.699603,city,
64270,64270,PENN JERSEY DIESEL & TRAILER,"I-95, EXIT 37",Bensalem,PA,160,4.199,40.10455,-74.95128,city,
64274,64274,RUTTERS #53,"I-83, EXIT 32 & SR-382",Etters,PA,70,3.999,40.154506,-76.801861,city,
64275,64275,7-ELEVEN #40279,I-276 & US-202 (KING OF PRUSSIA SERVICE PLAZA WB),King Of Prussia,PA,160,3.884,40.08927,-75.39602,city,
64282,64282,ONVO TRAVEL PLAZA - HICKORY RUN,"I-80, EXIT 274",White Haven,PA,200,3.58566666,41.079049,-75.771492,city,
64285,64285,PILOT #4566,"I-85, EXIT 106",Blacksburg,SC,46,3.429,35.115047,-81.508004,city,
64287,64287,CIRCLE K #2703099,"I-20, EXIT 33",Batesburg,SC,135,3.08566666,33.938595,-81.548988,city,
64288,64288,PILOT #4581,"I-20, EXIT 116",Bishopville,SC,135,3.43233333,34.224101,-80.274988,city,
64294,64294,HOT SPOT #6004,"I-26, EXIT 28",Enoree,SC,210,3.099,34.670952,-81.92373,city,
64298,64298,CORNER MART #354,"I-26, EXIT 72",Newberry,SC,30,3.299,34.284661,-81.615741,city,
64299,64299,CIRCLE K #2720881,US-17 & SR-165,Ravenel,SC,42,3.439,32.788088,-80.222346,city,
64300,64300,CIRCLE K #2723416,"I-26, EXIT 28",Roebuck,SC,210,3.08233333,34.8688,-81.95255,city,
64301,64301,HILLVIEW TRUCK STOP,"I-20, EXIT 39",Leesville,SC,135,3.059,33.913169,-81.459753,city,
64307,64307,CIRCLE K #2723876,US-17 & SR-64,Round O,SC,42,3.37233333,32.940516,-80.573882,city,
64309,64309,CIRCLE K #2723272,"I-26, EXIT 119",West Columbia,SC,135,3.54566666,33.99349,-81.07398,city,
64310,64310,Palmetto Roads #308,"I-95, EXIT 77",Saint George,SC,42,3.009,33.184532,-80.573246,city,
64313,64313,CUBBYS #403,"I-29, EXIT 79",Sioux Falls,SD,530,3.06566666,43.54997,-96.70033,city,
64314,64314,JAKES CORNER,US-81 & SR-34,Winfred,SD,530,3.049,43.959511,-97.309266,city,
64336,64336,LOVES TRAVEL STOPS #345,I-90/I-94 EXIT 48,Tomah,WI,450,3.299,43.994833,-90.491704,city,
64337,64337,GRAVES TRUCK STOP,"I-20, EXIT 59",Carthage,TX,618,2.999,32.154379,-94.352721,city,
64343,64343,Allsup's Marketplace #2411,US-67,Hawley,TX,575,2.889,32.594965,-99.795994,city,
64347,64347,PILOT TRAVEL CENTERS #256,"US-58 & US-29, SE QUAD",Danville,VA,65,4.009,36.58597,-79.39502,city,
64350,64350,STRIPES #40811,"I-37, EXIT 55",George West,TX,625,3.01566666,28.320388,-98.116159,city,
64352,64352,CHEVRON #383461,"I-10, EXIT 259",Fort Stockton,TX,710,3.029,30.890785,-102.879942,city,
64355,64355,CEFCO #34,US-281 & SR-38,Hamilton,TX,765,3.029,31.678116,-98.113051,city,
64360,64360,CIRCLE K #2706983,"I-37, EXIT 36 & SR-359",Mathis,TX,625,3.019,28.080208,-97.809659,city,
64374,64374,CEFCO #2001,US-287 & FM-369,Iowa Park,TX,770,2.864,33.94235,-98.674497,city,
64382,64382,KOSSE COUNTRY STORE,SR-7 & SR-14,Kosse,TX,765,3.11566666,31.314704,-96.619475,city,
64390,64390,TXB #71 DBA KWIK CHEK FOOD STORES,"I-20, EXIT 136",Midland,TX,710,3.079,31.99735,-102.07791,city,
64393,64393,TEX-BEST #505,"I-35, EXIT 183",New Braunfels,TX,740,2.80566666,29.703,-98.12445,city,
64399,64399,LOVES TRAVEL STOPS #247,US-287 & SR-256,Memphis,TX,585,3.789,34.712237,-100.534653,city,
64406,64406,Main Street Market,SR-84 & FM-73,Prairie Hill,TX,765,2.899,31.659097,-96.809381,city,
64407,64407,CIRCLE K #2741527,US-281,Premont,TX,625,2.999,27.354444,-98.133018,city,
64408,64408,QUIKTRIP #4058,"I-37, EXIT 125 & SR-1604",San Antonio,TX,740,2.96566666,29.42412,-98.49363,city,
64409,64409,LONE STAR TRAVEL CENTER,"I-35, EXIT 147",San Antonio,TX,740,3.059,29.42412,-98.49363,city,
64420,64420,Valero,US-59 & AT ST-87,Timpson,TX,766,3.059,31.884089,-94.396733,city,
64421,64421,TXB #17 DBA KWIK CHEK FOOD STORES,SR-121,Trenton,TX,630,3.299,33.423491,-96.339754,city,
64422,64422,Chevron,"I-10, EXIT 858",Vidor,TX,610,2.749,30.15018,-94.000779,city,
64423,64423,PILOT #568,"I-35, EXIT 140",Von Ormy,TX,740,3.21066666,29.274979,-98.667741,city,
64430,64430,GOLDEN SPIKE TRAVEL PLAZA,"I-15, EXIT 382",Tremonton,UT,835,3.599,41.701564,-112.181293,city,
64431,64431,RJS FUEL STOP,"I-15, EXIT 40",Tremonton,UT,835,3.459,41.701564,-112.181293,city,
64435,64435,SPEEDWAY #4632,US-360/US-58 & SR-1224,Danville,VA,65,4.059,36.58597,-79.39502,city,
64436,64436,MS 58 PLAZA,"I-95, EXIT 11",Emporia,VA,180,3.18233333,36.685689,-77.562953,city,
64438,64438,PILOT TRAVEL CENTER #4622,US-58,South Boston,VA,65,4.009,36.696335,-78.918829,city,
64441,64441,MILLER MART #55,US-460 & US-58/US-13,Suffolk,VA,130,3.09233333,36.72836,-76.58496,city,
64442,64442,PILOT TRUCK STOP #583,"I-5, EXIT 262",Ferndale,WA,850,4.579,48.862531,-122.595293,city,
64445,64445,KWIK TRIP #413,SR-93 & SR-95,Arcadia,WI,295,3.31566666,44.253937,-91.480453,city,
64446,64446,SPEEDWAY #4293,"I-90 & I-43, EXIT 185A",Beloit,WI,448,3.799,42.50835,-89.03178,city,
64447,64447,KWIK TRIP #621,"SR-29/SR-55, EXIT 234 & SR-47/SR-117",Bonduel,WI,582,3.45733333,44.73794,-88.439026,city,
64451,64451,ROYAL FARMS #79,ST 13,New Church,VA,194,3.339,37.952527,-75.511188,city,
64455,64455,SPEEDWAY #4648,SR-254,Waynesboro,VA,180,3.959,38.06847,-78.88947,city,
64463,64463,KWIK TRIP #202,"I-39/US-51, EXIT 151 & SR-54",Plover,WI,395,3.26566666,44.450673,-89.542805,city,
64474,64474,SIGNAL FOOD STORE #108,US-60,Mountain View,MO,535,3.03233333,36.989197,-91.709937,city,
64477,64477,PILOT #1063,"I-40, EXIT 81",Marion,NC,210,3.759,35.681916,-82.017993,city,
64478,64478,PILOT TRAVEL CENTERS #141,"I-80, EXIT 6",Evanston,WY,835,3.699,41.260947,-110.963067,city,
64479,64479,YESWAY #1148,"US-30, EXIT 186",Marshalltown,IA,320,3.24566666,42.04943,-92.90798,city,
64480,64480,TA Garden City,US-83 & US-400,Garden City,KS,525,3.73066666,37.97169,-100.87266,city,
64481,64481,LOVES TRAVEL STOP #282,"I-44, EXIT 4 & SR-43",Joplin,MO,277,3.39733333,37.08423,-94.51328,city,
64482,64482,LOVES TRAVEL STOP #208,"I-55, EXIT 119 & SR-22",Canton,MS,655,3.489,32.620543,-90.006079,city,
64484,64484,LOVES TRAVEL STOP #206,"I-10, EXIT 44 & SR-59",Loxley,AL,715,3.339,30.617964,-87.75624,city,
64485,64485,PILOT TRAVEL CENTERS #433,"I-20, EXIT 470",Dallas,TX,630,3.18233333,32.78306,-96.80667,city,
64486,64486,GREENWAY STORE #614,"I-85/SR-403, EXIT 61 & SR-74",Fairburn,GA,18,3.199,33.56482,-84.580857,city,
64487,64487,PILOT TRAVEL CENTERS #165,"I-57 & I-70, EXIT 162",Effingham,IL,510,3.349,39.121727,-88.561105,city,
64488,64488,PILOT TRAVEL CENTERS #274,"I-10, EXIT 109",Breaux Bridge,LA,600,3.14233333,30.274955,-91.905899,city,
64490,64490,QUICK FUEL #2201,"I-85, EXIT 36",Atlanta,GA,18,3.35233333,33.749,-84.38798,city,
64491,64491,QUICK FUEL #1803,I-80/I-294 & SR-1,South Holland,IL,290,3.849,41.60087,-87.60699,city,
64492,64492,QUICK FUEL #2103,"I-70, EXIT 89",Indianapolis,IN,375,3.309,39.76838,-86.15804,city,
64493,64493,QUICK FUEL #2801,"I-435, EXIT 1-A AT MILE 1",Lenexa,KS,400,3.369,38.95362,-94.73357,city,
64494,64494,QUICK FUEL #1704,I-75 EXIT 42 AT MILE 42,Lincoln Park,MI,325,3.644,42.25059,-83.17854,city,
64495,64495,QUICK FUEL #1702,"I-96, EXIT 173",Livonia,MI,325,3.799,42.36837,-83.35271,city,
64496,64496,QUICK FUEL #1703,"I-94, EXIT 199-A",Romulus,MI,325,3.549,42.22226,-83.3966,city,
64498,64498,QUICK FUEL #1705,SR-53,Warren,MI,325,3.789,42.49044,-83.01304,city,
64499,64499,QUICK FUEL #2401,"I-71, EXIT 234",Bridgeton,MO,540,3.094,38.750627,-90.416101,city,
64500,64500,QUICK FUEL #2402,"I-435, EXIT 57",Kansas City,MO,400,3.29233333,39.09973,-94.57857,city,
64501,64501,QUICK FUEL #2602,"I-85, EXIT 40",Charlotte,NC,46,3.39566666,35.22709,-80.84313,city,
64502,64502,QUICK FUEL #2305,"I-270, EXIT 10",Columbus,OH,315,3.63066666,39.96118,-82.99879,city,
64503,64503,QUICK FUEL #2304,"I-75, EXIT 210",Toledo,OH,550,3.60066666,41.66394,-83.55521,city,
64508,64508,QUICK FUEL #1150,US-51 & SR-30,Madison,WI,420,3.57566666,43.07305,-89.40123,city,
64509,64509,QUICK FUEL #1002,"I-94, EXIT 319",Milwaukee,WI,444,3.74066666,43.0389,-87.90647,city,
64511,64511,QUICK FUEL #1010,SR-100,Milwaukee,WI,444,3.779,43.0389,-87.90647,city,
64512,64512,QUICK FUEL #1001,"I-94, EXIT 301",New Berlin,WI,444,3.499,42.9764,-88.10842,city,
64514,64514,PILOT TRAVEL CENTERS #435,"I-10, EXIT 0",Anthony,TX,640,3.459,31.990718,-106.597625,city,
64517,64517,KWIK TRIP #696,"I-94, EXIT 19 & US-63",Baldwin,WI,451,3.574,44.9657,-92.365498,city,
64519,64519,BLUE RIDGE TRAVEL PLAZA,"I-81 SOUTHBOUND, EXIT 155",Mountain Top,PA,200,3.649,41.134975,-75.937642,city,
64520,64520,LOVES TRAVEL STOP #222,"I-70/US-35, EXIT 149B & US/35/SR-38",Richmond,IN,375,3.949,39.82894,-84.89024,city,
64521,64521,CHOCTAW TRAVEL PLAZA #635,US-259/SR-3,Broken Bow,OK,560,2.999,34.026991,-94.762296,city,
64523,64523,SKY CITY TRAVEL CENTER,"I-40, EXIT 102 NORTH",Pueblo Of Acoma,NM,580,3.28066666,34.900833,-107.586389,city,
64525,64525,PILOT TRAVEL CENTERS #3,"I-80, EXIT 223",Youngstown,OH,573,3.45233333,41.09978,-80.64952,city,
64526,64526,PILOT TRAVEL CENTERS #53,"I-40, EXIT 143",Hurricane Mills,TN,460,3.17566666,35.974859,-87.767129,city,
64527,64527,PILOT TRAVEL CENTERS #50,"I-71, EXIT 28",Pendleton,KY,415,3.759,38.480918,-85.317019,city,
64528,64528,Raceway #7007,SR-74 & SR-180,Shelby,NC,46,3.249,35.29235,-81.53565,city,
64529,64529,PILOT TRAVEL CENTERS #436,"I-40, EXIT 75",Amarillo,TX,585,3.26566666,35.222,-101.8313,city,
64530,64530,PILOT TRAVEL CENTERS #420,"I-20, EXIT 114",Madison,GA,16,3.859,33.594681,-83.461781,city,
64532,64532,PILOT TRAVEL CENTER #4560,"I-75, EXIT 201",Jackson,GA,67,3.38566666,33.282006,-83.978391,city,
64533,64533,SHELL,US-287/US-81 & CR-718,Haslet,TX,637,2.89066666,32.955734,-97.337185,city,
64534,64534,CIRCLE K #4707045,"I-95, EXIT 32",Biddeford,ME,170,3.95733333,43.49258,-70.45338,city,
64535,64535,FLYING J TRAVEL PLAZA #628,"I-85, EXIT 160",Carnesville,GA,16,3.20566666,34.394723,-83.279209,city,
64536,64536,FLYING J TRAVEL PLAZA #640,"I-84, EXIT 173",Jerome,ID,785,3.90233333,42.71784,-114.501244,city,
64537,64537,FLYING J TRAVEL PLAZA #739,"I-35, EXIT 330B",Waco,TX,765,3.22066666,31.54933,-97.14667,city,
64538,64538,PILOT TRAVEL CENTERS #445,"I-94, EXIT 22 & US-20",Chesterton,IN,365,3.814,41.603949,-87.050196,city,
64545,64545,HOBO PANTRY #24,US-231 & SR-10,Brundidge,AL,720,3.599,31.701324,-85.817668,city,
64546,64546,GRUB MART #13,"I-59, EXIT 205 & US-411/SR-25/SR-68",Centre,AL,587,3.349,34.111592,-85.609229,city,
64554,64554,FACKLER TEXACO TRUCK STOP,US-72 & CR-42,Fackler,AL,615,3.199,34.82589,-85.984648,city,
64558,64558,MR FUEL #1203,"I-20, EXIT 129",Meridian,MS,705,2.81233333,32.36431,-88.70366,city,
64569,64569,LOVES TRAVEL STOP #624,"I-65, EXIT 8B",Mobile,AL,715,3.20566666,30.69436,-88.04305,city,
64571,64571,PETRO STOPPING CENTER #331,"I-15, EXIT 54",Las Vegas,NV,910,3.734,36.17497,-115.13722,city,
64572,64572,CIRCLE K #2723730,US-43/SR-13/SR-69,Northport,AL,615,3.399,33.22901,-87.57723,city,
64578,64578,MARATHON,US-431/SR-1,Phenix City,AL,50,3.249,32.47098,-85.00077,city,
64581,64581,SNEAD SHELL,US-278 & SR-75,Altoona,AL,587,3.109,34.042916,-86.350879,city,
64592,64592,LOVES TRAVEL STOP #368,"I-65, EXIT 208 & CR-28",Clanton,AL,720,3.33733333,32.835532,-86.642472,city,
64595,64595,PILOT TRAVEL CENTERS #425,"I-10, EXIT 192",Midway,FL,20,3.799,30.40648,-87.00553,city,
64599,64599,PONY EXPRESS TRAVEL PLAZA #6,"US-167/US-67, EXIT16 & SR-5",Cabot,AR,695,3.499,34.97453,-92.01653,city,
64600,64600,Caseys #4552,"I-40, EXIT 57",Clarksville,AR,645,3.244,35.490763,-93.491056,city,
64610,64610,KINGS RIVER COUNTRY STORE,US-412,Huntsville,AR,735,3.26566666,36.104348,-93.727893,city,
64617,64617,SHELL,"I-55, EXIT 48",Osceola,AR,435,2.999,35.701864,-89.979764,city,
64647,64647,HOOKS,I-16 EXIT 16,East Dublin,GA,85,3.399,32.5475,-82.868333,city,
64648,64648,QUICK FUEL #2203,"I-20, EXIT 14",Atlanta,GA,18,3.319,33.749,-84.38798,city,
64651,64651,QUICK FUEL #2101,I-465,Indianapolis,IN,375,3.869,39.76838,-86.15804,city,
64654,64654,Fast Stop,"I-10, EXIT 177",Saint Gabriel,LA,600,3.699,30.279873,-91.09162,city,
64655,64655,ONE9 #7937,"I-85/I-40, EXIT 132",Mc Leansville,NC,65,3.399,36.116291,-79.668388,city,
64656,64656,QUICK FUEL #2601,SR-27,Charlotte,NC,46,3.51233333,35.22709,-80.84313,city,
64660,64660,QUICK FUEL #1005,SR-59 & SR-164,Waukesha,WI,444,3.623,43.01168,-88.23148,city,
64662,64662,QUICK FUEL #1011,"I-94, EXIT 100",Milwaukee,WI,444,3.52066666,43.0389,-87.90647,city,
64664,64664,CIRCLE K #4701424,"I-74, EXIT 102",Morton,IL,280,3.659,40.61282,-89.45926,city,
64671,64671,FLYING J TRAVEL PLAZA #756,"I-94, EXIT 116 & CR-A",Black River Falls,WI,450,3.38233333,44.292101,-90.847952,city,
64672,64672,FLYING J TRAVEL PLAZA #655,"I-70, EXIT 123 & SR-3",Spiceland,IN,375,3.959,39.827078,-85.445043,city,
64673,64673,WESTVILLE TRUCKSTOP,US-6/US-421,Westville,IN,365,3.58566666,41.536516,-86.901317,city,
64674,64674,ZANCO SHELL,"I-395, EXIT 87",Plainfield,CT,175,4.399,41.67649,-71.91507,city,
64675,64675,Petro Mart #45,"I-70/US-40, EXIT 148 & US-54",Kingdom City,MO,392,2.939,38.95508,-91.952008,city,
64676,64676,PILOT TRAVEL CENTERS #460,"I-40, EXIT 140",Oklahoma City,OK,483,3.309,35.46756,-97.51643,city,
64677,64677,MOUNT VERNON FUEL CENTER,"I-75, EXIT 59 & US-25",Mount Vernon,KY,410,2.999,37.336609,-84.354882,city,
64678,64678,AINSWORTH FOUR CORNERS,US-218/SR-27 & SR-92,Ainsworth,IA,380,3.109,41.320226,-91.547173,city,
64679,64679,PILOT TRAVEL CENTERS #118,I-30 EXIT 121,Benton,AR,695,3.229,34.56454,-92.58683,city,
64681,64681,PILOT TRAVEL CENTERS #458,"I-10, EXIT 208",Eloy,AZ,930,3.459,32.7559,-111.55484,city,
64682,64682,FLYING J TRAVEL PLAZA #705,"I-40, EXIT 20 & US-283",Sayre,OK,483,3.18233333,35.304722,-99.642928,city,
64683,64683,QUIKTRIP #777,"I-20, EXIT 49",Atlanta,GA,18,2.97233333,33.749,-84.38798,city,
64684,64684,MR FUEL #721,"I-465, EXIT 4 & SR 37",Indianapolis,IN,375,3.319,39.76838,-86.15804,city,
64687,64687,PILOT TRAVEL CENTERS #421,"I-75, EXIT 326",Dalton,GA,285,3.29566666,34.7698,-84.97022,city,
64706,64706,CIRCLE K #2721571,"I-65, EXIT 69",Brewton,AL,715,3.399,31.118926,-87.067325,city,
64712,64712,SUNSTOP #650,US-431 & SR-210,Dothan,AL,20,3.41233333,31.22323,-85.39049,city,
64713,64713,GOOD TO GO,"I-65, EXIT 200",Enterprise,AL,20,3.599,31.31517,-85.85522,city,
64715,64715,CIRCLE K #2709067,US-31/SR-6,Prattville,AL,720,3.499,32.46402,-86.4597,city,
64718,64718,CUZZS,US-43/SR-13,Thomasville,AL,720,3.53233333,31.906728,-87.759842,city,
64719,64719,CIRCLE K #2706697,"I-85, EXIT 77",Valley,AL,720,3.399,32.820833,-85.170833,city,
64721,64721,FLASH MARKET #17049,"I-40/US-63, EXIT 216 & US-49/SR-17",Brinkley,AR,695,3.179,34.878124,-91.188596,city,
64723,64723,CASHS #4470,US-65,Dumas,AR,655,3.209,33.892102,-91.486056,city,
64724,64724,TOBOS TRAVEL CENTER,"I-540, EXIT 58",Fayetteville,AR,735,3.349,36.06258,-94.15743,city,
64755,64755,PILOT TRAVEL CENTERS #44,"I-70, EXIT 101",Boonville,MO,310,3.519,38.95364,-92.744973,city,
64764,64764,CORNER MARKET #62,SR-13/SR-789 & SR-64,Meeker,CO,800,3.729,40.038726,-107.892498,city,
64765,64765,CENEX,"I-76, EXIT 125",Sterling,CO,800,3.41566666,40.63062,-103.221183,city,
64773,64773,Sun Gas,US-301,Middletown,DE,243,2.999,39.44956,-75.71632,city,
64775,64775,SHORE STOP #287,US-13,New Castle,DE,243,3.299,39.67703,-75.589938,city,
64777,64777,4 POINTS MARKET,US-441/SR-7 & SR-804,Boynton Beach,FL,95,3.229,26.52535,-80.06643,city,
64778,64778,SUNSTOP #347,US-27,Branford,FL,75,3.699,29.939472,-82.899288,city,
64779,64779,SPEEDWAY #6530,US-50,Brooksville,FL,225,3.38233333,28.565805,-82.373674,city,
64789,64789,KROME EXXON,SR-997 & SR-994,Miami,FL,95,3.399,25.77427,-80.19366,city,
64793,64793,CIRCLE K #2721297,US-301,Middleburg,FL,75,3.399,30.068611,-81.860556,city,
64795,64795,QUICK FUEL #5101,"I-4, EXIT 79",Orlando,FL,140,3.36233333,28.53834,-81.37924,city,
64798,64798,RIVIERA TRUCKSTOP,SR-710,West Palm Beach,FL,95,3.779,26.71534,-80.05337,city,
64803,64803,MARATHON,"I-4, EXIT 3",Tampa,FL,225,3.42233333,27.94752,-82.45843,city,
64804,64804,SPEEDLANE,US-301 &SR-574,Tampa,FL,225,3.449,27.94752,-82.45843,city,
64811,64811,SUNSTOP #819,US-19,Americus,GA,15,3.699,32.07239,-84.23269,city,
64815,64815,BUENA VISTA GAS N GO,SR-26 & SR-41,Buena Vista,GA,10,3.299,32.354198,-84.527347,city,
64819,64819,CIRCLE K #4174,"I-285/SR-407, EXIT 53 & US-23/SR-42",Conley,GA,18,3.999,33.644722,-84.325833,city,
64820,64820,Mr Pips,US-84/SR-38,Donalsonville,GA,20,3.199,31.040278,-84.879167,city,
64825,64825,EXIT 10 AUTO AND TRUCK STOP,"I-185/SR-411, EXIT 19 & SR-315",Fortson,GA,50,3.399,32.628841,-85.001654,city,
64831,64831,CIRCLE K #2745072,US-341,Lumber City,GA,195,3.529,31.925124,-82.707312,city,
64833,64833,QWICKSERV,US-319 BUS & SR-133/SR-35/SR-33,Moultrie,GA,20,3.599,31.179244,-83.764089,city,
64834,64834,SUSIE Q #90,US-319 & SR-33,Moultrie,GA,10,3.799,31.179244,-83.764089,city,
64840,64840,BP,US-278/SR-6 & SR-101,Rockmart,GA,18,3.599,33.997912,-85.05937,city,
64842,64842,Circle K #2745128,US-301 & US-25,Statesboro,GA,195,3.199,32.44879,-81.78317,city,
64843,64843,A TO Z TRUCKSTOP,US-301/US-25/SR-73,Statesboro,GA,195,3.599,32.44879,-81.78317,city,
64850,64850,SHAKE RAG EXPRESS,US-1 & US-78,Wadley,GA,135,3.41566666,32.874742,-82.402459,city,
64856,64856,KUM & GO #1056,"I-35, EXIT 56",Bevington,IA,320,3.099,41.371763,-93.812865,city,
64857,64857,CHARITON FOOD SHOP,US-34,Chariton,IA,320,3.369,41.022638,-93.30419,city,
64859,64859,QUICK FUEL #2901,"I-35/I-80, EXIT 136",Des Moines,IA,320,3.13733333,41.60054,-93.60911,city,
64860,64860,BP TRUCK PLAZA,US-61/US-151,Dubuque,IA,335,3.489,42.50056,-90.66457,city,
64862,64862,218 FUEL EXPRESS,US-218 & US-18,Floyd,IA,433,3.489,43.143049,-92.723988,city,
64863,64863,FT MADISON FAST BREAK,US-61,Fort Madison,IA,345,3.399,40.633008,-91.339829,city,
64868,64868,MEDIAPOLIS FAST BREAK,US-61,Mediapolis,IA,345,3.349,41.005932,-91.132142,city,
64871,64871,STEWART ROAD FAST BREAK,CR-X61,Muscatine,IA,270,3.299,41.42447,-91.04321,city,
64873,64873,CUBBYS #2301,"I-29, EXIT 112",Onawa,IA,319,3.149,42.036967,-96.107213,city,
64874,64874,OSCEOLA TRAVEL PLAZA,"I-25, EXIT 33 & US-34",Osceola,IA,320,3.31233333,41.029503,-93.771236,city,
64875,64875,CASEYS #2598,"SR-163, EXIT 42",Pella,IA,320,3.199,41.408175,-92.917207,city,
64876,64876,PILOT TRAVEL CENTER #238,"I-29, EXIT 10",Percival,IA,319,3.799,40.740148,-95.809307,city,
64877,64877,CASEYS #3900,"US-218, EXIT 80 & SR-22",Riverside,IA,380,3.17066666,41.475792,-91.57414,city,
64880,64880,CASEYS #2487,US-71/SR-9,Spirit Lake,IA,440,3.38233333,43.426211,-95.112336,city,
64881,64881,SPARKYS ONE STOP #16,US-71 & SR-3,Storm Lake,IA,527,3.23233333,42.64738,-95.196079,city,
64883,64883,KUM & GO #1046,"I-80, EXIT 46 & CR-M47",Walnut,IA,486,3.109,41.462329,-95.217973,city,
64884,64884,SAPP BROS TRAVEL CENTER,US-61 & SR-78,Sioux City,IA,527,3.649,42.49999,-96.40031,city,
64886,64886,WEVER JUNCTION,US-61 & CR-X50,Wever,IA,345,3.399,40.706652,-91.226767,city,
64887,64887,COUNCIL FOOD AND FUEL,US-95,Council,ID,785,3.589,44.762754,-116.451833,city,
64888,64888,NOMNOM #21,US-95 & SR-13,Grangeville,ID,970,3.90733333,45.927239,-116.107639,city,
64892,64892,JACKSONS FOOD STORE #3,US-95,Wilder,ID,785,3.579,43.657851,-116.912199,city,
64894,64894,CIRCLE K #4701251,"I-55, EXIT 160B & SR-9",Bloomington,IL,280,3.499,40.4842,-88.99369,city,
64902,64902,DOWNS TRAVEL MART,"I-74, EXIT 142",Downs,IL,368,3.499,40.380858,-88.870814,city,
64907,64907,FREEDOM OIL #77,"I-74, EXIT 112 & SR-117",Goodfield,IL,368,3.659,40.629722,-89.274722,city,
64913,64913,Circle K #4701331,US-136 & US-67,Macomb,IL,345,3.499,40.45921,-90.6718,city,
64914,64914,Martinsville Food and Fuel,"I-70, EXIT 136",Martinsville,IL,510,3.489,39.317443,-87.870737,city,
64920,64920,KWIK STAR #1530,"I-88/SR-110, EXIT 76 & SR-251",Rochelle,IL,520,3.499,41.928156,-89.071035,city,
64928,64928,SPEEDWAY #1432,"I-294, EXIT 22",Willow Springs,IL,293,3.859,41.736416,-87.878588,city,
64929,64929,KARTAR TRUCK STOP,"I-74, EXIT 32 & SR-17",Woodhull,IL,270,3.599,41.184887,-90.283282,city,
64930,64930,THORNDALE SHELL,"I-290, EXIT 5",Wood Dale,IL,290,3.459,41.960171,-87.980971,city,
64933,64933,MCCLURE OIL #66,US-33/US-27,Decatur,IN,370,3.699,40.827333,-84.931432,city,
64938,64938,FAMILY EXPRESS #41 (DISCOUNT AVAILABLE),US-52,Lafayette,IN,375,3.43233333,40.4167,-86.87529,city,
64939,64939,FAMILY EXPRESS #27 (DISCOUNT AVAILABLE),US-421,Medaryville,IN,365,3.649,41.089734,-86.880844,city,
64946,64946,MORNING STAR AUTO TRUCK PLAZA,"I-69, EXIT 334 & US-6",Waterloo,IN,370,3.699,41.440216,-85.022103,city,
64949,64949,PETES #36,US- 54 & US-169,Iola,KS,400,3.20566666,37.928244,-95.402146,city,
64950,64950,CASEYS #2957,US-73 & US-36,Hiawatha,KS,400,3.15066666,39.871563,-95.528905,city,
64952,64952,AMPRIDE,US-160,Johnson,KS,525,3.399,37.569424,-101.719354,city,
64961,64961,SAC AND FOX TRUCK STOP,US-75,Powhattan,KS,553,2.984,39.71769,-95.675111,city,
64963,64963,FLINT HILLS ONE STOP,US-50,Strong City,KS,553,2.919,38.41292,-96.517192,city,
64964,64964,U PUMP IT,US-83 & US-56,Sublette,KS,525,3.679,37.522148,-100.820775,city,
64969,64969,ALLSTAR FOOD MART,SR-55,Campbellsville,KY,415,3.159,37.346618,-85.350755,city,
64980,64980,DOUBLE KWIK MARKET #1044,SR-15/SR-7/SR-160,Isom,KY,255,3.749,37.196027,-82.913348,city,
64982,64982,FAS MART #5260,SR-9 & US-68/US-62/SR-10,Maysville,KY,312,3.364,38.619716,-83.758858,city,
64984,64984,DOUBLE KWIK MARKET #1062,"I-75, EXIT 104",Nicholasville,KY,410,3.499,37.88063,-84.573,city,
64990,64990,LAKE COUNTRY OUTDOORS,SR-127,Russell Springs,KY,410,3.199,37.056683,-85.042873,city,
64994,64994,E Z STOP,SR-555 & SR-9002,Willisburg,KY,410,3.379,37.837333,-85.136187,city,
64996,64996,AVONDALE TRUCK STOP,SR-90,Westwego,LA,725,3.449,29.914386,-90.181305,city,
64998,64998,CM BAYOU VISTA,US-90,Morgan City,LA,725,3.399,29.723937,-91.116497,city,
64999,64999,I 220 TRAVEL PLAZA,"I-270, EXIT 17A & US-80/US-79",Bossier City,LA,766,2.99233333,32.51599,-93.73212,city,
65000,65000,SILVERS TRAVEL CENTER,"I-10, EXIT 109",Breaux Bridge,LA,690,3.369,30.274955,-91.905899,city,
65002,65002,FOOD N FUN #11,US-90 & SR-92-1,Broussard,LA,600,3.30233333,30.12189,-91.950171,city,
65005,65005,USA TRAVEL CENTER,"I-20, EXIT 103/US-80",Calhoun,LA,719,3.21566666,32.524791,-92.329929,city,
65006,65006,GOLDMINE TRUCKSTOP,US-190,Eunice,LA,730,3.199,30.51158,-92.398474,city,
65007,65007,GOLDEN GROVE TRUCK PLAZA,SR-641 & SR-3125,Gramercy,LA,725,3.419,30.052711,-90.690182,city,
65008,65008,BIG WHEELS TRAVEL CENTER,"US-90, EXIT 204 & SR-316",Gray,LA,725,3.499,29.69034,-90.78071,city,
65011,65011,PLANTATION TRUCK PLAZA,SR-311 & SR-664,Houma,LA,725,3.11566666,29.59577,-90.71953,city,
65017,65017,Y NOT STOP MANSURA,SR-1,Mansura,LA,730,3.399,31.061466,-92.054333,city,
65019,65019,Hwy 31 Truck Stop,SR 31,Saint Martinville,LA,730,3.329,30.208282,-91.825961,city,
65021,65021,OPELOUSAS 190 TRUCK STOP,US-190,Opelousas,LA,600,2.87066666,30.53353,-92.08151,city,
65022,65022,CM RACELAND,SR-1,Raceland,LA,725,3.299,29.717835,-90.599908,city,
65023,65023,SHOP RITE #85,"I-10, EXIT 87 AT MILE 87",Rayne,LA,600,3.149,30.204508,-92.248592,city,
65025,65025,ELSIE AUTO AND TRUCK PLAZA,SR-1,Shreveport,LA,766,2.949,32.52515,-93.75018,city,
65026,65026,TA ST Rose #06480,US-61,Saint Rose,LA,725,3.22566666,29.958074,-90.312432,city,
65027,65027,STARKS TRUCK STOP,SR-12,Starks,LA,690,3.599,30.308477,-93.661485,city,
65030,65030,CASH MAGIC THIBODAUX,SR-1,Thibodaux,LA,725,3.399,29.799213,-90.809605,city,
65033,65033,PILOT TRAVEL CENTERS #457,"I-75, EXIT 135",Beaverdam,OH,411,3.33066666,40.833333,-83.976667,city,
65036,65036,WAVERLY TRUCKSTOP,"I-20, EXIT 157 & SR-577",Delhi,LA,719,2.964,32.450433,-91.512487,city,
65037,65037,CIRCLE K #2707783,"I-20, EXIT 114 & SR-617",West Monroe,LA,719,2.95733333,32.531726,-92.175971,city,
65048,65048,Irving,SR-2,Westminster,MA,34,3.749,42.545833,-71.911111,city,
65059,65059,ROYAL FARMS #111,"I-95, EXIT 57",Baltimore,MD,22,3.209,39.29038,-76.61219,city,
65062,65062,AC & T BIG POOL,"I-70, EXIT 12 & SR-56",Big Pool,MD,70,3.659,39.645685,-78.010449,city,
65064,65064,A C AND T SHARPSBURG PIKE,"I-70, EXIT 29A & SR-65",Hagerstown,MD,70,3.799,39.64176,-77.71999,city,
65066,65066,HURLOCK CITGO,SR-392 & SR-331,Hurlock,MD,194,3.259,38.642826,-75.866254,city,
65067,65067,SUNOCO,US-301,Newburg,MD,60,3.379,38.329782,-76.917499,city,
65069,65069,CIRCLE K #4707056,"I-95, EXIT 75",Auburn,ME,170,3.899,44.09785,-70.23117,city,
65074,65074,CIRCLE K #4707004,"I-95, EXIT 244 & SR-157",Medway,ME,170,3.50233333,45.60704,-68.522709,city,
65075,65075,CIRCLE K #4707017,"I-95, EXIT 48",Portland,ME,170,3.74233333,43.65737,-70.2589,city,
65083,65083,SUNOCO,"I-75, EXIT 34B",Riverview,MI,325,3.639,42.173299,-83.213094,city,
65084,65084,BEACON & BRIDGE #19,US-131 & SR-115,Cadillac,MI,260,3.259,44.250447,-85.430046,city,
65086,65086,FRED MOORE BP,"I-94, EXIT 257",Casco,MI,325,4.099,42.768056,-82.670278,city,
65088,65088,Circle K #2746528,US-41/SR-28 & SR-95,Champion,MI,360,3.819,46.468497,-87.830587,city,
65091,65091,WYOMING FUEL PLAZA,"I-94, EXIT 210A",Dearborn,MI,325,3.599,42.32226,-83.17631,city,
65092,65092,BP,"I-94 & US-12, EXIT 210",Dearborn,MI,325,3.669,42.32226,-83.17631,city,
65094,65094,MARATHON,"I-75 & SR-32, EXIT 282",Gaylord,MI,287,3.814,45.0275,-84.674722,city,
65108,65108,PICKLEMANS ONE STOP-ZEPHYR,ST 28,Newberry,MI,360,3.699,46.343763,-85.514951,city,
65113,65113,NORTHWIND TRAVEL CENTER,"US-131, EXIT 153 & US-10",Reed City,MI,456,3.549,43.886808,-85.513028,city,
65121,65121,BP TRAVEL CENTER AND TRUCK PLAZA,"I-275, EXIT 20",Belleville,MI,325,4.199,42.194858,-83.485425,city,
65127,65127,PITSTOP MOBIL MART,"I-196, EXIT 72",Wyoming,MI,456,3.674,42.91336,-85.70531,city,
65129,65129,HOLIDAY STATIONSTORE #2746345,"I-94, EXIT 103/US-52 & SR-29",Alexandria,MN,250,3.499,45.881747,-95.381994,city,
65132,65132,PETES PLACE SOUTH,US-71 & US-2,Bemidji,MN,355,3.41566666,47.488071,-94.848809,city,
65135,65135,CIRCLE K #3819,SR-7,Clara City,MN,432,3.33233333,44.963912,-95.349902,city,
65136,65136,HOLIDAY STATIONSTORE #2746422,"I-35, EXIT 253B",Duluth,MN,334,3.499,46.78327,-92.10658,city,
65141,65141,KWIK TRIP #619,US-14 & ST-57,Kasson,MN,515,3.549,44.024029,-92.74642,city,
65142,65142,HOLIDAY STATIONSTORE #2746376,"I-35W, EXIT 36 & CR-23",Circle Pines,MN,448,3.549,45.152841,-93.143984,city,
65153,65153,7Fleet #46516,"I-75, EXIT 164",Waite Park,MN,250,3.459,45.54972,-94.224481,city,
65162,65162,Petro Mart #15,I-270 EXIT 33,Saint Louis,MO,540,2.904,38.634616,-90.191313,city,
65165,65165,AMERIMART # 11,US-61,Jackson,MO,275,3.299,37.387885,-89.651939,city,
65171,65171,SIGNAL FOOD STORE #110,US-60 & SR-5,Mansfield,MO,535,3.02566666,37.1273,-92.593553,city,
65177,65177,KUM & GO #0497,US-60/SR-413 & CR-M,Republic,MO,535,3.079,37.12005,-93.48019,city,
65178,65178,WILD BILLS TRAVEL CENTER,US-65 & SR-14,Ridgedale,MO,535,3.199,36.524662,-93.277808,city,
65180,65180,TREX MART #11,"I-29, EXIT 65 & US-59",Savannah,MO,400,2.999,39.916774,-94.826733,city,
65188,65188,GAS MART,"US-78, EXIT 14 & SR-309",Byhalia,MS,435,2.97233333,34.885351,-89.676332,city,
65192,65192,CIRCLE K #2723396,US-49,Collins,MS,620,3.879,31.670712,-89.543809,city,
65194,65194,CIRCLE K #2723401,US-98 BYP/SR-44 & SR-13,Columbia,MS,620,3.33233333,31.255877,-89.799785,city,
65197,65197,SINGH PETRO,US-11,Ellisville,MS,620,3.059,31.579663,-89.223073,city,
65198,65198,CIRCLE K #2723437,US-49,Florence,MS,760,2.89566666,32.153002,-90.121672,city,
65204,65204,SHELL GAS MART,US-82,Mathiston,MS,576,3.36566666,33.541493,-89.127479,city,
65212,65212,Taters #2,US-98 & SR-29,New Augusta,MS,620,3.31566666,31.130907,-89.028611,city,
65213,65213,CIRCLE K #2723390,US-98,New Augusta,MS,620,3.199,31.130907,-89.028611,city,
65214,65214,NEWTON CROSSING,"I-20, EXIT 109 & SR-15",Newton,MS,705,3.249,32.324448,-89.183951,city,
65216,65216,STUCKEYS EXPRESS,US-43S,Pelahatchie,MS,760,3.199,32.317994,-89.79135,city,
65221,65221,CEFCO #544,"I-55/US-51, EXIT 81",Terry,MS,760,2.899,32.114683,-90.324143,city,
65223,65223,SHELL EXPRESS MART,SR-7 & SR-315,Water Valley,MS,435,3.06566666,34.152466,-89.637986,city,
65225,65225,CIRCLE K #2723402,US-49,Wiggins,MS,620,3.509,30.86095,-89.132369,city,
65234,65234,COUNTRY MART,US-13/SR-11,Bethel,NC,205,3.00733333,35.790885,-77.374765,city,
65241,65241,CIRCLE K #2723474,US-70,Goldsboro,NC,205,3.54066666,35.38488,-77.99277,city,
65246,65246,DOBBS PLACE,"I-95, EXIT 17",Lumberton,NC,245,3.159,34.61834,-79.01045,city,
65250,65250,CIRCLE K #2723473,US-70,Morehead City,NC,245,3.649,34.72532,-76.753069,city,
65251,65251,SPEEDWAY #8277,US-17 & SR-43,New Bern,NC,245,3.26566666,35.10849,-77.04411,city,
65252,65252,SPEEDWAY #6964,SR-125 & SR-11/SR-42,Oak City,NC,205,3.19733333,35.959736,-77.300362,city,
65267,65267,CIRCLE K #2720939,"I-795/US-264, EXIT 43A & US-301",Wilson,NC,205,3.049,35.72127,-77.91554,city,
65268,65268,SPEEDWAY #6931,"I-40, EXIT 195 & SR-109",Winston Salem,NC,65,3.609,36.10237,-80.222798,city,
65270,65270,INTERSTATE CENEX,"I-94, EXIT 1 & SR-16",Beach,ND,273,3.499,46.932381,-103.98429,city,
65273,65273,SIMONSON TRAVEL CENTER,"I-29, EXIT 141 & US-2",Grand Forks,ND,341,3.539,47.92526,-97.03285,city,
65274,65274,CENEX C STORE,US-2 & SR-3,Rugby,ND,452,3.399,48.317264,-99.998954,city,
65282,65282,HEBRON SINCLAIR,US-81,Hebron,NE,413,3.284,40.172807,-97.605228,city,
65283,65283,CUBBYS #2107,US-20/SR-15,Laurel,NE,470,3.139,42.427036,-97.087381,city,
65284,65284,Caseys #4526,"I-80, EXIT 237",Lexington,NE,330,3.05733333,40.785002,-99.751515,city,
65287,65287,AM ENERGY,"I-80, EXIT 248",Overton,NE,330,2.899,40.751875,-99.527824,city,
65289,65289,SHOEMAKERS SOUTH,US-77,Roca,NE,413,3.349,40.670195,-96.639085,city,
65290,65290,ESSENTIAL FUEL #3,ST 71,Scottsbluff,NE,475,3.599,41.871975,-103.661914,city,
65292,65292,CUBBYS #117,SR-2 & SR-50,Syracuse,NE,319,3.319,40.661386,-96.182407,city,
65293,65293,TRAILS WEST SINCLAIR,US-34 & SR-25,Trenton,NE,475,3.499,40.168096,-101.020073,city,
65294,65294,PRIME STOP,ST 35,Wayne,NE,470,3.244,42.230439,-97.018579,city,
65296,65296,CIRCLE K #4707214,"I-93, EXIT 12S & I-89 & SR-3A",Bow,NH,170,4.199,43.138788,-71.544814,city,
65299,65299,EPPING FUELING CENTER,SR-27 & SR-125,Epping,NH,125,4.029,43.041052,-71.076367,city,
65308,65308,SUNOCO,SR-17,East Rutherford,NJ,115,3.19233333,40.838527,-74.104069,city,
65310,65310,Edison Fuel Stop,US-1,Edison,NJ,115,3.159,40.51872,-74.4121,city,
65314,65314,Union 76,"I-55, EXIT 50A",Richwood,NJ,150,3.399,39.7225,-75.165833,city,
65315,65315,SUNOCO- RICHARD STOCKTON PLAZA #7009,NJ TURNPIKE MILE POST 58.7,Trenton,NJ,115,3.899,40.21705,-74.74294,city,
65319,65319,PHILLIPS 66,US-30,Clementon,NJ,150,3.199,39.80703,-75.003997,city,
65320,65320,PILOT #891,"I-80, EXIT 27B",Ledgewood,NJ,105,4.099,40.878028,-74.655405,city,
65328,65328,THIND TRAVEL PLAZA,SR-20,North Bergen,NJ,115,3.259,40.80427,-74.01208,city,
65329,65329,UTE MOUNTAIN TRAVEL CENTER,US-160 & US-491,Towaoc,CO,810,3.45733333,37.208408,-108.719993,city,
65332,65332,BETTY ROSS TRUCK STOP /BP,US-130 & SR-73,Pennsauken,NJ,150,3.329,39.95622,-75.05795,city,
65334,65334,SUNOCO,US 22 WEST,Phillipsburg,NJ,115,3.329,40.692819,-75.1741,city,
65335,65335,CONOCO,US-22,Phillipsburg,NJ,90,3.359,40.692819,-75.1741,city,
65338,65338,SWIFT FUEL STOP,"I-78, EXIT 13",Newark,NJ,115,3.879,40.73566,-74.17237,city,
65339,65339,US GAS & DIESEL,US-46,Ridgefield,NJ,115,3.229,40.832568,-74.001531,city,
65343,65343,ENRITE,"I-287, EXIT 4",South Plainfield,NJ,115,3.999,40.57927,-74.41154,city,
65345,65345,SOUTH BRUNSWICK VALERO,US-130,North Brunswick,NJ,115,3.16566666,40.453767,-74.482285,city,
65350,65350,Phillips 66,"I-295, EXIT 1",Vineland,NJ,150,3.359,39.48623,-75.02573,city,
65351,65351,RIGGINS TRUCK PLAZA,"I-55, EXIT 26",Vineland,NJ,150,3.269,39.48623,-75.02573,city,
65353,65353,SUNOCO- GROVER CLEVELAND TRAVEL PLAZA #7014,"NORTH NJ TNPK, EXIT 11",Woodbridge,NJ,115,3.899,40.5576,-74.28459,city,
65359,65359,ROAD RUNNER TRAVEL CENTER,"I-25, EXIT 156",Lemitar,NM,580,3.299,34.155999,-106.904381,city,
65360,65360,Roswell #60,US-285,Roswell,NM,593,3.36566666,33.39437,-104.52491,city,
65361,65361,BLACK MESA TRAVEL CENTER,"I-25, EXIT 252",Algodones,NM,580,3.269,35.428527,-106.616589,city,
65365,65365,CHEVRON #381125,US-95,Hawthorne,NV,966,4.079,38.534658,-118.641143,city,
65373,65373,CHAMPLAIN PETERBILT FUEL MART,"I-87, EXIT 43",Champlain,NY,39,3.799,44.977292,-73.446603,city,
65377,65377,PETROL 9 W,US-9W,Glenmont,NY,12,3.699,42.597147,-73.795884,city,
65379,65379,MIRABITO #74,"SR-79 N/I-88E, EXIT 6",Harpursville,NY,12,4.659,42.18232,-75.654538,city,
65381,65381,NATIVE PRIDE,"I-90, EXIT 58 & US-20",Irving,NY,38,2.949,42.573866,-79.059634,city,
65383,65383,M AND M ALLEGANY JUNCTION,"I-86/SR-17, EXIT 23 & US-219/US-219 BUS",Limestone,NY,38,3.129,42.063945,-78.631979,city,
65386,65386,MIRABITO #73,"I-88, EXIT 12",Otego,NY,12,3.999,42.41333,-75.207883,city,
65387,65387,MAPLEFIELDS,SR-22 & SR-442,Peru,NY,235,3.799,44.585109,-73.529322,city,
65392,65392,CIRCLE K #4707622,"I-90, EXIT 41",Seneca Falls,NY,220,3.999,42.909377,-76.792538,city,
65395,65395,BELLSTORES #132,US-30 & SR-60,Ashland,OH,249,3.499,40.86867,-82.31822,city,
65398,65398,QUICK FUEL #2306,"I-480, EXIT 12",Brookpark,OH,305,3.669,,,,
65400,65400,NORTHSIDE FUEL STOP,US-30 & SR-19,Bucyrus,OH,411,3.50733333,40.810306,-82.969829,city,
65406,65406,MOBIL,"I-90/SR-2, EXIT 182B",Cleveland,OH,305,3.76566666,41.4995,-81.69541,city,
65411,65411,CLARKS PUMP N SHOP #10,SR- 32,Jackson,OH,315,3.699,39.042821,-82.647209,city,
65415,65415,SPEEDWAY #9314,US-20 & SR-21,Massillon,OH,249,3.48233333,40.79672,-81.52151,city,
65423,65423,BARNEYS CONVENIENCE MART #15,"I-75, EXIT 195 & I-90, EXIT 64 & SR-795",Rossford,OH,550,3.599,41.604908,-83.563793,city,
65426,65426,CIRCLE K #4705357,US-23 & SR-316,Ashville,OH,315,3.089,39.731576,-82.944567,city,
65431,65431,QUICK MART AND MORE,US-22 & SR-43,Steubenville,OH,573,3.639,40.36979,-80.63396,city,
65441,65441,HUTCH'S #103,SR-6 & SR-66,Elk City,OK,483,2.969,35.410359,-99.421086,city,
65444,65444,TXB #24 dba Kwik Chek Food Stores,US-70,Hugo,OK,253,2.969,34.011339,-95.513876,city,
65445,65445,QWIK CHEQUE,US-70 & SR-37,Idabel,OK,253,3.199,33.88512,-94.802012,city,
65451,65451,Petes #15,US-169 & SR-88,Oologah,OK,560,3.159,36.443723,-95.72901,city,
65457,65457,THACKERSVILLE TRAVEL PLAZA,"I-35, EXIT 1",Thackerville,OK,253,2.93233333,33.788167,-97.136349,city,
65490,65490,PILOT TRAVEL CENTERS #422,"I-85, EXIT 41 & US-29",Newnan,GA,18,3.699,33.38067,-84.79966,city,
65494,65494,FLYING J TRAVEL PLAZA #633,"I-20, EXIT 138",Union Point,GA,135,3.859,33.634544,-83.087913,city,
65513,65513,GETGO #3602,"I-76, EXIT 146 & I-99, EXIT 1 & US-220",Bedford,PA,14,4.09233333,39.990838,-78.526071,city,
65514,65514,ONVO TRAVEL PLAZA,"I-78, EXIT 13 & SR- 501",Bethel,PA,70,3.34733333,40.480834,-76.274209,city,
65518,65518,KWIK FILL #239,ST 51,Crescent,PA,165,3.799,40.5575,-80.230278,city,
65521,65521,RUTTERS #17,US-15 & SR-234,East Berlin,PA,70,4.294,39.964546,-77.007252,city,
65522,65522,TURKEY HILL #950324,US-322 & SR-23/SR-897,East Earl,PA,208,3.78566666,40.139475,-76.027634,city,
65523,65523,SAC SHOP #512,US-30,Everett,PA,14,4.099,40.009808,-78.371315,city,
65524,65524,SAC SHOP #514,I-76/I-70 & US-30,Everett,PA,14,4.099,40.009808,-78.371315,city,
65525,65525,SHELL,"I-95, EXIT 46A & US-1",Fairless Hills,PA,160,3.899,40.174822,-74.851923,city,
65527,65527,SUNOCO SERVICE STATION,"I-81, EXIT 5",Greencastle,PA,70,3.899,39.781827,-77.746956,city,
65530,65530,7-ELEVEN #40284,"I-76, EXIT 19/247",Hershey,PA,70,3.96733333,40.263767,-76.654518,city,
65532,65532,PILOT TRAVEL CENTERS #1,"I-80, EXIT 173",Mill Hall,PA,14,4.01566666,41.086688,-77.483609,city,
65533,65533,LIBERTY EXXON,US-15 & SR-414,Liberty,PA,138,3.699,41.565571,-77.119505,city,
65537,65537,SHEETZ #048,US-22,Nanty Glo,PA,14,3.51733333,40.470435,-78.837504,city,
65538,65538,WELMART,"SR-28, EXIT 16",Natrona Heights,PA,165,4.19233333,40.628862,-79.725621,city,
65549,65549,T&C MINI MART,SR-33 & SR-191,Stockertown,PA,90,3.699,40.753889,-75.2625,city,
65552,65552,A PLUS MINI MARKET,US-1 & SR-132,Feasterville Trevose,PA,160,3.899,40.151188,-74.983758,city,
65556,65556,RUTTERS #60,US-30 & SR-116,York,PA,70,4.249,39.9626,-76.72774,city,
65572,65572,CIRCLE K #2705377,"I-20, EXIT 22 & US-1",Aiken,SC,135,3.129,33.56042,-81.71955,city,
65573,65573,SPEEDWAY/7fleet #4587,US-501,Aynor,SC,205,3.124,33.982271,-79.17773,city,
65578,65578,CIRCLE K #2723355,US-52,North Charleston,SC,42,3.399,32.85462,-79.97481,city,
65587,65587,HOT SPOT #2022,US-25/US-76,Honea Path,SC,30,2.909,34.441723,-82.425471,city,
65588,65588,SPEEDWAY #2836,US-17,Johns Island,SC,42,3.069,32.709697,-80.094294,city,
65593,65593,CIRCLE K #2723441,"I-82, EXIT 73 & SR-773",Prosperity,SC,210,3.11566666,34.183243,-81.532353,city,
65594,65594,PILOT #4567,I-77 EXIT 77,Rock Hill,SC,46,3.149,34.92487,-81.02508,city,
65598,65598,LEES QUICK STOP,US-52 & SR-45,Saint Stephen,SC,42,3.41566666,33.405953,-79.937635,city,
65603,65603,JET TRUCK PLAZA,"I-29, EXIT 47",Beresford,SD,530,3.159,43.087409,-96.781256,city,
65604,65604,SHELL,"I-29, EXIT 132",Huron,SD,455,3.359,44.359022,-98.216293,city,
65608,65608,ZIP TRIP #81,"I-29, EXIT 62 & US-18",Lennox,SD,530,3.204,43.345066,-96.882061,city,
65614,65614,281 TRAVEL CENTER,US-281,Wolsey,SD,571,3.089,44.399072,-98.474251,city,
65622,65622,QUICK STOP #34,US-11/SR-1,Bristol,TN,405,3.299,36.59511,-82.18874,city,
65624,65624,Sudden Service #61,SR-149 & SR-46,Cumberland City,TN,460,3.564,36.366924,-87.63494,city,
65625,65625,Chevron,US-64,Fayetteville,TN,460,3.754,35.152678,-86.566448,city,
65629,65629,CASEYS GOODSTOP #4036,"I-40, EXIT 355",Kingston,TN,405,3.164,35.852807,-84.497054,city,
65639,65639,SPEEDWAY #7138,"I-24, EXIT 70 & SR-102",Smyrna,TN,460,3.049,35.98284,-86.5186,city,
65641,65641,ALLSUPS CONVENIENCE STORE #2331,I-20 & FM 600,Abilene,TX,575,2.87566666,32.44874,-99.73314,city,
65652,65652,CIRCLE K #2706343,"I-20, EXIT 428",Fort Worth,TX,630,2.969,32.72541,-97.32085,city,
65659,65659,ALLSUPS CONVENIENCE STORE #2169,US-287,Chillicothe,TX,770,2.89566666,34.243946,-99.515669,city,
65666,65666,FUEL CITY #2,"I-30, EXIT 45B/I-35E",Dallas,TX,630,2.96566666,32.78306,-96.80667,city,
65667,65667,ALLSUPS CONVENIENCE STORE #2103,US-287/US-81,Decatur,TX,630,2.899,33.235077,-97.573995,city,
65671,65671,SUPER STOP #22,SR-87 & SR-12,Orange,TX,610,3.439,30.09299,-93.73655,city,
65673,65673,PILOT #894,US-57 & US-277,Eagle Pass,TX,693,3.899,28.70914,-100.49952,city,
65674,65674,VALLEY MART #09,US-277,Eagle Pass,TX,740,3.199,28.70914,-100.49952,city,
65678,65678,ONE9 #1300,US-287 & SR-34,Ennis,TX,630,2.869,32.32931,-96.62527,city,
65683,65683,ALLSUPS CONVENIENCE STORE #2225,US-60,Friona,TX,585,2.999,34.640298,-102.719139,city,
65686,65686,CEFCO #2004,"I-35 , EXIT 499",Vernon,TX,770,2.86066666,34.149135,-99.30301,city,
65690,65690,CIRCLE G TRUCK STOP,US-183 & SR-97,Gonzales,TX,595,2.799,29.50857,-97.449456,city,
65691,65691,CIRCLE K #2704037,US-90/SR-97 & US-183,Gonzales,TX,595,2.904,29.50857,-97.449456,city,
65721,65721,Paradise RV & Truck Park,US-287/US-81,Alvord,TX,770,2.81566666,33.36982,-97.688488,city,
65724,65724,STRIPES 7FLEET #42427,US-385 & SR-191,Odessa,TX,710,3.289,31.84568,-102.36764,city,
65728,65728,RIVER MART,US-281/SR-241,Pharr,TX,639,3.349,26.1948,-98.18362,city,
65738,65738,CIRCLE K #2741499,SR-35 & FM-1069,Rockport,TX,625,2.80566666,28.020278,-97.054167,city,
65755,65755,CIRCLE K #2723373,US-11 & SR-622,Atkins,VA,185,3.349,36.866532,-81.404791,city,
65759,65759,XPRESS STOP,US-522 & SR-694,Cross Junction,VA,60,3.33233333,39.3762,-78.299724,city,
65761,65761,NEW DIXIE MART #15,US-58 & SR-671,Franklin,VA,180,3.099,36.678625,-76.939108,city,
65762,65762,7-ELEVEN #34516,"I-66, EXIT 6",Front Royal,VA,60,3.52566666,38.91817,-78.19444,city,
65764,65764,LEESBURG CITGO,US-15,Leesburg,VA,60,3.499,39.11566,-77.5636,city,
65765,65765,FOSTERS CONVENIENCE STORE,US-29 & SR-685,Rustburg,VA,185,3.599,37.25454,-79.121507,city,
65767,65767,STATELINE FOOD MART #69,US-23,Pound,VA,44,3.599,37.092734,-82.601555,city,
65770,65770,JOLLEY #136,"I-89, EXIT 21",Alburgh,VT,39,3.539,44.968454,-73.280963,city,
65771,65771,CITGO,"I-91, EXIT 3 & US-5",Brattleboro,VT,12,3.67233333,42.857353,-72.593322,city,
65789,65789,BEAR CREEK CITGO,US-45 & SR-76/SR-22,Bear Creek,WI,360,3.439,44.5348,-88.740375,city,
65791,65791,EDGAR TRAVEL CENTER,SR-29 & CR-H,Edgar,WI,395,3.559,44.903831,-89.998029,city,
65793,65793,KWIK TRIP #921,SR-13 & SR-21,Friendship,WI,420,3.274,43.989629,-89.814875,city,
65794,65794,BP,"I-43, EXIT 180",Green Bay,WI,360,3.349,44.51916,-88.01983,city,
65796,65796,ADDISON STATION,"I-41/US-41, EXIT 68 & CR-K",Hartford,WI,444,3.149,43.315749,-88.370727,city,
65800,65800,BP,US-45,Kewaskum,WI,444,3.219,43.521446,-88.19253,city,
65804,65804,KWIK TRIP #628,US-45,Larsen,WI,582,3.43233333,44.198421,-88.696305,city,
65805,65805,HI WAY HOP BP,"I-42/US-41, EXIT 85 & SR-67",Lomira,WI,444,3.099,43.588489,-88.441309,city,
65806,65806,SHELL,US-41 & SR-67,Lomira,WI,444,3.389,43.588489,-88.441309,city,
65809,65809,KWIK TRIP #399,SR-21 & SR-80,Necedah,WI,395,3.249,44.034481,-90.059976,city,
65810,65810,HIGHWAY HARRY'S,I-90/I-94 EXIT 61 & SR-80,New Lisbon,WI,420,3.17233333,43.88775,-90.152407,city,
65812,65812,PLAINFIELD PLAZA,SR-73 & I-39,Plainfield,WI,395,3.29066666,44.209079,-89.455896,city,
65813,65813,KWIK TRIP #683,"I-39, EXIT 92 & US-51",Portage,WI,420,3.249,43.550145,-89.47139,city,
65814,65814,Kracheys BP Truck Stop,US-18 & SR-35,Prairie Du Chien,WI,420,3.574,43.042649,-91.119305,city,
65817,65817,TREGO TRAVEL CENTER,US-53 & CR-E,Trego,WI,545,3.58233333,45.951556,-91.858051,city,
65818,65818,KWIK TRIP #1048,"I-90, EXIT 12",West Salem,WI,515,3.31733333,43.906253,-91.089311,city,
65820,65820,KWIK TRIP #673,"I-90 & SR-19, EXIT 131",Windsor,WI,420,3.254,43.214121,-89.341469,city,
65822,65822,RSTORE #4499,US-45 & SR-29,Wittenberg,WI,395,3.15566666,44.823247,-89.166479,city,
65824,65824,CHANEYS SERVICE STATION,US-30 & SR-2,Chester,WV,165,3.799,40.598109,-80.558439,city,
65828,65828,PAR MAR FOOD STORE #52,US-50 & CR-50/16,West Union,WV,430,4.099,39.276185,-80.791057,city,
65831,65831,Hat Six Travel Center,"I-25/US-87, EXIT 182 & SR-253/SR-256",Evansville,WY,790,3.999,42.861384,-106.263886,city,
65835,65835,SOUTHSIDE TRAVEL CENTER,US-20/SR-789,Thermopolis,WY,790,3.799,43.662152,-108.231297,city,
65836,65836,PILOT TRAVEL CENTERS #434,"I-35W, EXIT 65",Fort Worth,TX,630,3.264,32.72541,-97.32085,city,
65837,65837,PILOT TRAVEL CENTERS #455,"I-71, EXIT 140",Marengo,OH,315,3.719,40.389512,-82.812136,city,
65842,65842,AM PM TRAVEL CENTER,US-1/SR-4,Blythe,GA,135,3.599,33.294088,-82.203044,city,
65847,65847,ROAD RANGER #132,"I-57, EXIT 240",Champaign,IL,280,3.479,40.11642,-88.24338,city,
65848,65848,Mobil,I-475,Flint,MI,342,3.199,43.01253,-83.68746,city,
65849,65849,PS FOOD MART #1034,"I-94, EXIT 110 & US-27",Marshall,MI,431,3.479,42.272047,-84.95828,city,
65857,65857,PILOT TRAVEL CENTERS #199,"I-20, EXIT 33",Haughton,LA,745,3.14566666,32.550732,-93.565742,city,
65858,65858,SPEEDWAY #6661,"I-94, EXIT 40 & US-20 & US-35",La Porte,IN,465,3.599,41.60774,-86.71389,city,
65859,65859,SPEEDWAY #6662,US-20 & SR-15,Bristol,IN,465,3.549,41.716885,-85.826192,city,
65860,65860,LOVES TRAVEL STOPS #283,"E I-30 & FM 549, EXIT 70",Rockwall,TX,630,3.079,32.93123,-96.45971,city,
65862,65862,PILOT TRAVEL CENTERS #396,"I-81, EXIT 213",Staunton,VA,185,3.659,38.14991,-79.0732,city,
65863,65863,VALERO,SR-31,Clinton,NJ,115,3.359,40.641194,-74.908846,city,
65866,65866,FLYING J TRAVEL PLAZA #710,"I-81, EXIT 219",New Milford,PA,200,4.17566666,41.866409,-75.717113,city,
65868,65868,7-ELEVEN #36073,"I-77, EXIT 54 & US-21",Statesville,NC,46,2.879,35.78264,-80.8873,city,
65873,65873,PILOT TRAVEL CENTER #4619,"I-81 & I-77, EXIT 77",Wytheville,VA,185,3.55066666,36.940669,-81.094082,city,
65880,65880,MR FUEL DBA ONE9 #1245,"I-55, EXIT 52 & SR-16",Litchfield,IL,574,3.239,39.179345,-89.649915,city,
65883,65883,FLYING J TRAVEL PLAZA #647,"I-64, EXIT 25 & US-41",Haubstadt,IN,340,3.959,38.189536,-87.579827,city,
65885,65885,LOVES TRAVEL STOP #299,"US-75, EXIT 48 & SR-455",Anna,TX,630,3.19733333,33.344516,-96.563862,city,
65909,65909,7-Eleven/7FLEET #40496,"I-81, EXIT 47 & SR-12",Watertown,NY,220,4.149,43.97478,-75.91076,city,
65912,65912,ATOKA FUEL,US-75/US-69/SR-3,Atoka,OK,569,3.179,34.34451,-96.141827,city,
65914,65914,CASEYS #2732,US-30 & US-284/SR-2,Grand Island,NE,330,3.149,40.92501,-98.34201,city,
65915,65915,Marathon,"I-94/US-52, EXIT 346 & CR-17",West Fargo,ND,341,3.029,46.87497,-96.90036,city,
65917,65917,CUMBERLAND CORNER MART,SR-90 & US-127,Albany,KY,410,3.574,36.68569,-85.140677,city,
65919,65919,QUICK FUEL #5001,US-78/SR-4,Memphis,TN,435,3.02566666,35.14953,-90.04898,city,
65935,65935,MAIN ST JUNCTION,SR-14 & SR-15,Louisville,MS,705,3.099,33.105824,-89.028653,city,
65962,65962,CIRCLE K #2705937,US-301/SR-35 & SR-50,Dade City,FL,225,3.33233333,28.4297,-82.2082,city,
65969,65969,PILOT #1105,SR-29 & SR-182,Bunkie,LA,730,3.21233333,30.949284,-92.182582,city,
65974,65974,BEACON & BRIDGE #13,"US-127, EXIT 117",Ithaca,MI,342,3.649,43.282808,-84.60883,city,
65978,65978,KWIK TRIP #623,US-61,Minnesota City,MN,515,3.399,44.083222,-91.741808,city,
65983,65983,SPEEDWAY #6967,"US-17, EXIT 227 & SR-32",Edenton,NC,130,3.287,36.090777,-76.622384,city,
65989,65989,DANCING EAGLE,"I-40, EXIT 108",Casa Blanca,NM,580,3.359,35.035222,-107.433907,city,
66014,66014,BIG D TRAVEL CENTER,SR-12 & SR-183,Irving,TX,630,2.95566666,32.81402,-96.94889,city,
66015,66015,LOVES TRAVEL STOP #298,"I-35, EXIT 39 & SR-44",Encinal,TX,693,3.589,28.051329,-99.340902,city,
66016,66016,FLYING J TRAVEL PLAZA #660,"I-64, EXIT 185 & SR-180",Catlettsburg,KY,255,3.76566666,38.379946,-82.632065,city,
66017,66017,FLYING J TRAVEL PLAZA #626,"I-95/SR-9, EXIT 305 & SR-206",Saint Augustine,FL,75,3.449,29.8364,-81.2745,city,
66020,66020,LOVES TRAVEL STOP #221,I-70 EXIT 160,Zanesville,OH,315,3.48233333,39.94035,-82.01319,city,
66021,66021,LOVES TRAVEL STOP #238,"I-65, EXIT 116 & SR-480",Shepherdsville,KY,415,3.599,38.004515,-85.688767,city,
66022,66022,PILOT TRAVEL CENTERS #459,"I-10, EXIT 133",Avondale,AZ,930,3.593,33.4356,-112.3496,city,
66023,66023,SAPP BROS TRAVEL CENTER,"I-29, EXIT 10 & SR-2",Percival,IA,486,3.789,40.740148,-95.809307,city,
66024,66024,LOVES TRAVEL STOPS #239,"I-81/US-11, EXIT 84 & SR-619",Max Meadows,VA,185,3.567,36.91708,-80.921391,city,
66025,66025,SPACE AGE TRAVEL CENTER,"I-84, EXIT 183 & SR-207",Hermiston,OR,935,3.33233333,45.84041,-119.28946,city,
66026,66026,FLYING J TRAVEL PLAZA #643,"I-70 & I-57, EXIT 160",Effingham,IL,510,3.349,39.121727,-88.561105,city,
66029,66029,Roady's Lucky Deuces,"I-10, EXIT 92 & SR-95",Duson,LA,600,3.03566666,30.191216,-92.152455,city,
66030,66030,Colfax Travel Center,"I-80, EXIT 159 & SR-117",Colfax,IA,320,3.149,41.678785,-93.258816,city,
66031,66031,WILCO FAST BREAK,US-61/US-24,Palmyra,MO,494,3.119,39.791309,-91.536817,city,
66034,66034,FAS MART #5134,"I-72, EXIT 144 S",Decatur,IL,280,3.479,39.84031,-88.9548,city,
66035,66035,ROAD RANGER #136,"I-90, EXIT 147",Cottage Grove,WI,420,3.544,43.078405,-89.201692,city,
66036,66036,FLYING J TRAVEL PLAZA #602,"I-65, EXIT 264",Birmingham,AL,615,3.559,33.52066,-86.80249,city,
66037,66037,TA PRESCOTT TRAVEL CENTER,"I-30, EXIT 44",Prescott,AR,635,3.50233333,33.804029,-93.372544,city,
66038,66038,FLYING J TRAVEL PLAZA #1043,"I-15, EXIT 113",Idaho Falls,ID,825,3.749,43.46658,-112.03414,city,
66039,66039,LOVES TRAVEL STOP #237,"I-20, EXIT 171 & US-65",Tallulah,LA,760,3.259,32.402127,-91.190066,city,
66040,66040,LOVES TRAVEL STOP #272,"I-40 & DW (RANCH RD), EXIT 59",Kingman,AZ,910,3.85566666,35.18944,-114.05301,city,
66041,66041,PILOT TRAVEL CENTERS #195,"I-84, EXIT 104 & US-97",Wasco,OR,935,3.86566666,45.597447,-120.730356,city,
66042,66042,FLYING J TRAVEL PLAZA #707,"I-80, EXIT 78",Brookville,PA,14,4.034,41.159986,-79.064101,city,
66043,66043,LOVES TRAVEL STOPS #216,US-67 & US-287,Midlothian,TX,630,3.215,32.48236,-96.99445,city,
66044,66044,TA TAMPA TRAVEL CENTER,"I-4, EXIT 10",Seffner,FL,225,3.39566666,27.983333,-82.275833,city,
66045,66045,FLYING J TRAVEL PLAZA #698,"I-71, EXIT 69",Jeffersonville,OH,315,3.399,39.65896,-83.56873,city,
66046,66046,PETRO STOPPING CENTER #345,I-69 EXIT357,Fremont,IN,550,3.899,41.733125,-84.945247,city,
66050,66050,PILOT TRAVEL CENTERS #130,"I-77, EXIT 145",Richfield,OH,305,3.799,41.23712,-81.646668,city,
66051,66051,Caseys #4419,I-165 EXIT 5,Bowling Green,KY,460,3.02566666,36.99032,-86.4436,city,
66054,66054,LOVES TRAVEL STOP #220,"I-25/US-87, EXIT 7 & SR-212",Cheyenne,WY,795,3.709,41.13998,-104.82025,city,
66055,66055,WINDMILL BP,"US-20, EXIT 208 & SR-14",Holland,IA,320,3.599,42.40114,-92.799884,city,
66056,66056,PILOT TRAVEL CENTERS #114,"I-40, EXIT 320",Crossville,TN,405,3.24566666,35.944041,-85.017171,city,
66057,66057,ROAD RANGER #205,"I-90, EXIT 1",South Beloit,IL,290,3.469,42.483672,-89.029791,city,
66059,66059,TIME OUT TRAVEL CENTER,"I-40, EXIT 432-B",Newport,TN,405,2.96566666,35.954431,-83.202749,city,
66061,66061,FLYING J TRAVEL PLAZA #709,"I-80, EXIT 173",Mill Hall,PA,14,4.01566666,41.086688,-77.483609,city,
66062,66062,FLYING J TRAVEL PLAZA #716,"I-29, EXIT 83",Sioux Falls,SD,530,3.899,43.54997,-96.70033,city,
66065,66065,LOVES TRAVEL STOP #321,"SR 770 & I-75 , EXIT 29",Corbin,KY,410,3.599,36.934429,-84.10208,city,
66068,66068,HOLIDAY STATIONSTORE #2746262,I-175 EXIT 394,Sault Sainte Marie,MI,287,3.799,46.473932,-84.346746,city,
66069,66069,128 NEWTON GAS,"I-95, EXIT 20A/SR-128 & SR-9",Newton Lower Falls,MA,34,4.299,42.329167,-71.254167,city,
66070,66070,TAURO,"SR-78, EXIT 3",Phillipsburg,NJ,90,3.34233333,40.692819,-75.1741,city,
66072,66072,GENES GO TRUCK STOP,"I-10/US-83, EXIT 456 & US-377",Junction,TX,740,3.289,30.47544,-99.74731,city,
66073,66073,EXXON,"I-24 & HUSBAND ROAD, EXIT 11",Paducah,KY,460,3.15733333,37.08339,-88.60005,city,
66074,66074,HEARTLAND XPRESS,US-67 & SR-M,Poplar Bluff,MO,275,3.199,36.757,-90.39289,city,
66075,66075,CORNER MART #349,"I-26, EXIT 54 & SR-72",Clinton,SC,210,3.099,34.470692,-81.87717,city,
66078,66078,Amoco,I-40 EXIT 447,Hartford,TN,405,3.099,35.825597,-83.099642,city,
66083,66083,KANGAROO CROSSING,SR-35,Kosciusko,MS,705,3.199,33.0446,-89.572351,city,
66090,66090,ROAD RANGER #267,US-281,Pharr,TX,639,3.564,26.1948,-98.18362,city,
66091,66091,KEYSVILLE SAV U TIME,US-360,Keysville,VA,180,3.399,37.041086,-78.469912,city,
66093,66093,KWIK TRIP #414,"I-90, EXIT 209A & US-63/SR-30",Stewartville,MN,515,3.55733333,43.867345,-92.454654,city,
66099,66099,NEW JERSEY TRUCK STOP DIESEL ONLY,"I-95, EXIT 15E & US-9/US-1",Kearny,NJ,79,3.759,40.76843,-74.14542,city,
66100,66100,CIRCLE K #2723692,"I-26, EXIT 213",North Charleston,SC,42,3.399,32.85462,-79.97481,city,
66103,66103,TERRIBLE HERBST #243,I-95 & SR-164,Searchlight,NV,910,3.83233333,35.447601,-114.924182,city,
66106,66106,FLYING J TRAVEL PLAZA #509,"I-15, EXIT 112",Beaver,UT,910,3.689,38.28071,-112.629916,city,
66109,66109,QUARTERS TRAVEL PLAZA,"I-49, EXIT 23 & US-167 /SR-744",Opelousas,LA,730,3.184,30.53353,-92.08151,city,
66110,66110,LOVES TRAVEL STOP #479,"I-29, EXIT143",Sioux City,IA,527,3.64233333,42.49999,-96.40031,city,
66111,66111,CROSSROADS EXPRESS,US-36 & US-83,Oberlin,KS,475,3.089,39.827507,-100.531389,city,
66113,66113,7-ELEVEN #39467,"I-95, EXIT 16E",Jersey City,NJ,115,3.259,40.72816,-74.07764,city,
66114,66114,LOVES TRAVEL STOP #235,"I-29 & US-169, EXIT 44",Saint Joseph,MO,400,3.33233333,39.76861,-94.84663,city,
66115,66115,FLYING J TRAVEL PLAZA #697,"I-80, EXIT 234B",Hubbard,OH,573,3.459,41.162401,-80.576192,city,
66116,66116,ONVO TRAVEL PLAZA - HARFORD,"I-81, EXIT 217 & SR-547",Harford,PA,200,3.589,41.779891,-75.678632,city,
66117,66117,ONVO TRAVEL PLAZA PINE GROVE,"I-81, EXIT 32",Pine Grove,PA,70,3.539,40.567093,-76.326913,city,
66119,66119,FLYING J TRAVEL PLAZA #645,"I-270 & SR-11, EXIT 6",Granite City,IL,540,3.599,38.70144,-90.14872,city,
66120,66120,LOVES TRAVEL STOP #306,"I-40/SR-66, EXIT 412",Dandridge,TN,405,3.689,36.001798,-83.404435,city,
66121,66121,ROAD RANGER #226,"I-65, EXIT 99",Greenwood,IN,375,3.60066666,39.61366,-86.10665,city,
66122,66122,ROAD RANGER #139,"I-57, EXIT 212",Tuscola,IL,280,3.229,39.799509,-88.281585,city,
66123,66123,ROAD RANGER #225,"I-80, EXIT 56",Princeton,IL,290,3.389,41.362934,-89.427017,city,
66125,66125,LOVES TRAVEL STOP #249,"I-55, EXIT 109",Williamsville,IL,318,3.399,39.930438,-89.534172,city,
66126,66126,LOVES TRAVEL STOP #209,"I-20, EXIT 3 & US-80 & SR-169",Greenwood,LA,745,3.134,32.424025,-93.969252,city,
66131,66131,SPEEDWAY #3446,"I-95, EXIT 10 & SR-440",Edison,NJ,115,3.58566666,40.51872,-74.4121,city,
66133,66133,LOVES TRAVEL STOPS #228,"I-4, EXIT 44",Polk City,FL,225,3.425,28.19867,-81.808282,city,
66134,66134,CIRCLE K #2721591,"I-10, EXIT 10 & US-29/SR-95",Pensacola,FL,155,3.22233333,30.42131,-87.21691,city,
66135,66135,CIRCLE K #2721592,"I-10, EXIT 5 & US-90 ALT",Pensacola,FL,155,3.22233333,30.42131,-87.21691,city,
66136,66136,CHOCTAW TRAVEL PLAZA #638,US-270 & US-59 & US-112,Poteau,OK,645,3.299,35.060561,-94.609603,city,
66137,66137,CIRCLE K #2721594,"I-10, EXIT 263",Slidell,LA,725,3.17066666,30.27519,-89.78117,city,
66138,66138,LOVES TRAVEL STOP #307,"I-75, EXIT 201",Jackson,GA,18,3.38566666,33.282006,-83.978391,city,
66139,66139,LOVES TRAVEL STOPS #305,"I-81, EXIT 291 & SR-651",Toms Brook,VA,60,3.649,38.97016,-78.403757,city,
66141,66141,QUICK FUEL #5102,"SR-826, EXIT NW 58TH ST",Miami,FL,95,3.389,25.77427,-80.19366,city,
66142,66142,QUICK FUEL #5106,SR-589 & SR-580,Tampa,FL,225,3.49233333,27.94752,-82.45843,city,
66149,66149,QUICK FUEL #5105,"I-75, EXIT W BRANDON BLVD",Tampa,FL,225,3.50066666,27.94752,-82.45843,city,
66152,66152,Flying J Travel Plaza #656,"I-65, EXIT 95 & CR-500",Whiteland,IN,375,3.959,39.555313,-86.093476,city,
66155,66155,7-ELEVEN #36575,"I-35, EXIT 248",Pflugerville,TX,595,2.899,30.43937,-97.62,city,
66156,66156,7-ELEVEN #36567,SR-6 & SR-21,Bryan,TX,670,3.144,30.67436,-96.36996,city,
66172,66172,Timewise Food Store #163,"I-35, EXIT 8",Laredo,TX,693,2.93566666,27.50641,-99.50754,city,
66173,66173,TIMEWISE FOOD STORE #160,"I-10, EXIT 661",Flatonia,TX,740,3.199,29.709493,-97.098685,city,
66174,66174,TIMEWISE FOOD STORE #162,"I-10, EXIT 456",Junction,TX,740,3.099,30.47544,-99.74731,city,
66176,66176,PILOT #6996,"I-40, EXIT 364",Warsaw,NC,245,3.47233333,34.99818,-78.086739,city,
66177,66177,PILOT #6978,"I-74/I-73/US-220, EXIT 44 & SR-211",Candor,NC,65,3.999,35.22335,-79.787623,city,
66178,66178,LOVES TRAVEL STOP #284,I-69C/US-281 & FM-2812,Edinburg,TX,639,3.11066666,26.30174,-98.16334,city,
66179,66179,LOVES TRAVEL STOP #246,I-80 EXIT 46,Fernley,NV,966,3.91566666,39.60797,-119.25183,city,
66182,66182,CIRCLE K #2706708,"I-185, EXIT 10",Midland,GA,50,3.339,32.561587,-84.855851,city,
66183,66183,CHEVRON CURB STORE,SR-35 & SR-21,Forest,MS,705,3.569,32.346999,-89.467201,city,
66184,66184,HENRIETTA TRUCK STOP,"I-390, EXIT 12 & I-90, EXIT 46",Henrietta,NY,190,3.899,43.05923,-77.61222,city,
66185,66185,TIGERMART OF BUFFALO,"I-45, EXIT 178 & US-79",Buffalo,TX,670,3.599,31.457151,-96.058516,city,
66186,66186,STRIPES #40813,US-281 & SR-285,Falfurrias,TX,625,3.08733333,27.22416,-98.140844,city,
66195,66195,MOBIL,"I-495, EXIT 26 & SR-62",Berlin,MA,34,3.699,42.384438,-71.635634,city,
66196,66196,EXXON TIGER MART,"I-35, EXIT 386",Italy,TX,630,3.12233333,32.178508,-96.88229,city,
66198,66198,CIRCLE K #2703117,"I-20, EXIT 11",Graniteville,SC,135,3.159,33.563016,-81.814686,city,
66221,66221,ROAD RANGER #236,"I-43, EXIT 38",East Troy,WI,420,3.08233333,42.803531,-88.409215,city,
66223,66223,7-ELEVEN #36548,SR-83,Laredo,TX,693,2.999,27.50641,-99.50754,city,
66224,66224,ROAD RANGER #235,"I-90, EXIT 36",Hampshire,IL,290,3.369,42.080748,-88.517033,city,
66225,66225,ROAD RANGER #140,"I-39, EXIT 72",Mendota,IL,520,3.319,41.544308,-89.10828,city,
66227,66227,Pilot Travel Centers #482,"I-57, EXIT 95",Mount Vernon,IL,574,3.429,38.31727,-88.90312,city,
66229,66229,LOVES TRAVEL STOP #308,"I-40, EXIT 86 & SR-226",Marion,NC,210,3.739,35.681916,-82.017993,city,
66230,66230,PETRO COLBY TRUCKSTOP,"I-70, EXIT 53 & SR-25",Colby,KS,525,3.599,39.383038,-101.044169,city,
66235,66235,LOVES TRAVEL STOP #291,"I-75, EXIT 95 & SR-627",Richmond,KY,410,3.599,37.74786,-84.29465,city,
66236,66236,LOVES TRAVEL STOP #309,"I-80, EXIT 332 & SR-14",Aurora,NE,330,3.289,40.852838,-98.020107,city,
66237,66237,ROUTE 66 TRAVEL CENTER,"I-40, EXIT 140",Albuquerque,NM,580,3.359,35.08449,-106.65114,city,
66238,66238,BETTY BEAVERS TRUCKSTOP,"I- 90, EXIT 29",Canajoharie,NY,12,3.599,42.88239,-74.583522,city,
66239,66239,Hola,US-27/SR-80/SR-25,South Bay,FL,95,3.419,26.670126,-80.731214,city,
66241,66241,PUMP & PANTRY #29,US-30,Central City,NE,330,3.33733333,41.121259,-98.001693,city,
66242,66242,PUMP & PANTRY #23,"US-34, EXIT 4TH AVE",Holdrege,NE,330,3.449,40.447527,-99.367233,city,
66243,66243,CIRCLE K #4707000,SR-9,Baileyville,ME,170,3.899,45.133234,-67.417519,city,
66244,66244,STRIPES #40809,"I-37, EXIT 56",George West,TX,625,3.044,28.320388,-98.116159,city,
66247,66247,GULF OIL #5045,I-90 EXIT 83,Charlton,MA,34,3.909,42.137902,-71.966384,city,
66248,66248,CIRCLE K #4707046,"I-95, EXIT 6",Scarborough,ME,170,3.909,43.578056,-70.322222,city,
66249,66249,CIRCLE K #4707206,SR-125,Epping,NH,170,3.76733333,43.041052,-71.076367,city,
66250,66250,SPEEDWAY #6973,US-1,Wake Forest,NC,177,2.949,35.97987,-78.50972,city,
66252,66252,CIRCLE K #4707023,US-1A,Holden,ME,170,3.73233333,44.742209,-68.648307,city,
66255,66255,CIRCLE K #4707217,US-2 & SR-16,Gorham,NH,170,3.75066666,44.399601,-71.179983,city,
66257,66257,LOVES TRAVEL STOPS #310,"I-80/US-30, EXIT 173",Wamsutter,WY,795,3.741,41.658278,-108.151674,city,
66258,66258,CIRCLE K #4707208,"I-93, EXIT 23",New Hampton,NH,170,3.659,43.618393,-71.643513,city,
66259,66259,CEFCO #48,"I-35, EXIT 304",Temple,TX,765,2.96566666,31.09823,-97.34278,city,
66261,66261,CIRCLE K #2723123,"I-95, EXIT 71",Dunn,NC,205,3.14233333,35.316511,-78.615079,city,
66263,66263,One9 SPEEDWAY #6753,"I-78, EXIT 1",Fleetwood,PA,208,3.83233333,40.446766,-75.8144,city,
66266,66266,7-ELEVEN #40508,"I-80, EXIT 90",Elkhart,IN,465,3.999,41.68199,-85.97667,city,
66267,66267,TA DEMOTTE TRAVEL CENTER,"I-65, EXIT 230",Demotte,IN,365,3.44733333,41.171319,-87.249129,city,
66272,66272,MOOSETRACKS #752,"I-85, EXIT 113",High Point,NC,63,3.114,35.95569,-80.00532,city,
66273,66273,PETRO STOPPING CENTER,"I-59, EXIT 181 & US-77",Gadsden,AL,615,3.999,34.01434,-86.00639,city,
66274,66274,FLYING J TRAVEL PLAZA #692,"I-80, EXIT 352 & US-93",Wells,NV,835,3.709,41.129798,-114.532752,city,
66278,66278,PILOT TRAVEL CENTERS #394,"I-84, EXIT 6",Newburgh,NY,32,4.359,41.50343,-74.01042,city,
66284,66284,JOLLEY #150,"I-89, EXIT 19",Saint Albans,VT,39,3.539,44.811138,-73.089025,city,
66285,66285,QUIKTRIP #787,"I-675, EXIT 5",Ellenwood,GA,18,3.109,33.61,-84.288056,city,
66286,66286,CASEYS #4205,"I-40/75, EXIT 374",Knoxville,TN,405,3.099,35.96064,-83.92074,city,
66290,66290,ABBYLAND TRUCK STOP,"SR-29, EXIT 127",Curtiss,WI,395,3.46233333,44.960186,-90.459223,city,
66292,66292,LOVES TRAVEL STOP #311,"I-20, EXIT 9",Waco,GA,18,3.39066666,33.683986,-85.219674,city,
66293,66293,One9 #254,"I-24, EXIT 169",Wildwood,GA,285,3.099,34.977911,-85.430456,city,
66294,66294,FLYING J TRAVEL PLAZA #667,"I-69, EXIT 81SB / I-96, EXIT 9",Grand Ledge,MI,406,3.959,42.752924,-84.737314,city,
66295,66295,LOVES TRAVEL STOPS #432,"I-94/I-41, EXIT 322 & SR-100",Oak Creek,WI,444,3.873,42.88585,-87.86314,city,
66299,66299,XTRA MART #10093,SR-146,Millbury,MA,175,3.649,42.196779,-71.764438,city,
66300,66300,PILOT TRAVEL CENTERS #149,"I-40, EXIT 42 & SR-222",Stanton,TN,435,3.509,35.448171,-89.33263,city,
66301,66301,KWIK TRIP #743,US-10 & SR-114,Menasha,WI,582,3.50733333,44.20221,-88.4465,city,
66303,66303,KWIK TRIP #787,US-51 & CR-JJ,Schofield,WI,395,3.41566666,44.906407,-89.581789,city,
66307,66307,CM ST HELENA,SR-16,Amite,LA,600,3.399,30.718208,-90.570493,city,
66310,66310,FLYING J #620,"I-70, EXIT 49",Smithton,PA,165,4.109,40.144267,-79.731277,city,
66313,66313,LOVES TRAVEL STOP #313,"I-55, EXIT 58 & SR-80",Matthews,MO,275,3.27733333,36.807528,-89.576833,city,
66314,66314,PS FOOD MART #1042,"US-23, EXIT 17",Dundee,MI,325,3.479,41.951435,-83.652165,city,
66315,66315,SPEEDWAY #6748,"I-94, EXIT 34 & US-421",Michigan City,IN,465,3.68233333,41.70754,-86.89503,city,
66316,66316,CASEYS #4204,SR-168,Knoxville,TN,405,3.259,35.96064,-83.92074,city,
66317,66317,LOVES TRAVEL STOP #314,I-24 EXIT 89,Christiana,TN,460,3.46233333,35.740877,-86.407932,city,
66318,66318,ROAD RANGER #242,"I-44, EXIT 163",Saint Robert,MO,540,3.264,37.828056,-92.1775,city,
66319,66319,ROAD RANGER #211,I-90 & RIVERSIDE BLVD,Loves Park,IL,520,3.469,42.32002,-89.05816,city,
66320,66320,SPEEDWAY #8772,"I-69, EXIT 168 & SR-53",Imlay City,MI,342,3.779,43.042512,-83.070799,city,
66322,66322,LOVES TRAVEL STOP #318,"I-57, EXIT 83 & CR-42",Ina,IL,574,3.489,38.152743,-88.889362,city,
66323,66323,PILOT TRAVEL CENTERS #905- TOWN PUMP,"I-90, EXIT 109",Milltown,MT,820,3.609,46.871389,-113.880833,city,
66328,66328,LOVES TRAVEL STOP #320,"I-16/SR-404, EXIT 49 & SR-257",Dublin,GA,85,3.33233333,32.54044,-82.90375,city,
66329,66329,CIRCLE K #2723438,"I-85, EXIT 96",Gaffney,SC,210,3.199,35.061508,-81.649061,city,
66332,66332,PWI #172,"I-45, EXIT 258",Palmer,TX,630,2.77566666,32.438714,-96.679429,city,
66334,66334,Hucks Travel Center #052,"I-24/I-69, EXIT 40 & US-641/US-62/SR-93",Kuttawa,KY,490,3.699,37.061871,-88.149813,city,
66337,66337,ZIP TRIP #60,"I-25, EXIT 299 & US-16/SR-196",Buffalo,WY,836,3.58066666,44.34847,-106.70726,city,
66338,66338,SHELL,"I-30, EXIT 160 & US-271/SR-49 & US-67",Mount Pleasant,TX,723,3.899,33.15679,-94.96827,city,
66339,66339,PILOT TRAVEL CENTERS #873,US-27,Miami,FL,176,3.699,25.77427,-80.19366,city,
66341,66341,7-ELEVEN #218,"I-44, EXIT 4",Harrold,TX,770,2.68733333,34.097097,-99.035052,city,
66342,66342,ONE9 #398,"I-75, EXIT 109",Vienna,GA,10,3.109,32.091291,-83.792198,city,
66346,66346,PILOT TRAVEL CENTERS #247,"I-74, EXIT 39 & SR-32",Crawfordsville,IN,375,3.899,40.04115,-86.87445,city,
66348,66348,PIT STOP,I-40 EXIT 221,Wheatley,AR,695,2.999,34.920703,-91.108645,city,
66349,66349,CIRCLE K #2741796,"I-40, EXIT 5",Little Rock,AR,695,3.36566666,34.74648,-92.28959,city,
66352,66352,KWIK TRIP #871,"US-41, EXIT 124 & SR-76",Oshkosh,WI,582,3.29066666,44.02471,-88.54261,city,
66353,66353,MOTOMART #3361,"I-55, EXIT 129",Perryville,MO,540,2.989,37.717437,-89.873664,city,
66355,66355,CIRCLE K #2723439,"I-26, EXIT 5",Campobello,SC,30,3.13233333,35.108003,-82.140343,city,
66357,66357,LOVES TRAVEL STOP #351,"I-80 & E 8TH RD, EXIT 81",Utica,IL,290,3.419,41.363033,-89.000795,city,
66361,66361,SHADY NOOK,US-61/US-49,Lyon,MS,655,3.999,34.247369,-90.498147,city,
66362,66362,TA FLORENCE TRAVEL CENTER,"I-95, EXIT 164 & US-52",Florence,SC,46,3.32566666,34.19543,-79.76256,city,
66363,66363,LOVES TRAVEL STOP #178,"US-35/KS TPKE, MM 26",Belle Plaine,KS,570,3.329,37.405155,-97.285221,city,
66364,66364,SHELL,"I-4, EXIT 64",Plant City,FL,225,3.44733333,28.01888,-82.11469,city,
66365,66365,LIBERTY,US-202,Ringoes,NJ,230,3.399,40.44587,-74.828839,city,
66368,66368,PETRO STOPPING CENTER #371,"I-90, EXIT 41",Waterloo,NY,190,4.19566666,42.904515,-76.875498,city,
66369,66369,LOVES TRAVEL STOP #319,"I-74, EXIT 61",Pittsboro,IN,375,3.889,39.861529,-86.464548,city,
66370,66370,SPEEDWAY #6979,US-301,Wilson,NC,177,3.129,35.72127,-77.91554,city,
66371,66371,RAPIDES STATION TRUCK STOP,"I-49, EXIT 94",Boyce,LA,730,3.099,31.321601,-92.686681,city,
66372,66372,CEFCO #54,"I-35, EXIT 292",Belton,TX,765,2.95233333,31.05601,-97.46445,city,
66374,66374,BROOKSHIRE BROS #6111,US-259,Nacogdoches,TX,618,3.369,31.60351,-94.65549,city,
66376,66376,SUBS AND GRUBS,"I-63, EXIT 39",Jonesboro,AR,435,3.389,35.8423,-90.70428,city,
66377,66377,QUIKTRIP #873,"I-35W, EXIT 42",Fort Worth,TX,630,2.97566666,32.72541,-97.32085,city,
66382,66382,STATELINE CONOCO,"I-35, EXIT 114",Eagleville,MO,320,3.549,40.491197,-93.995058,city,
66383,66383,TENAHA EXPRESS MART,US-96 & US-84,Tenaha,TX,618,3.299,31.940812,-94.248773,city,
66385,66385,TA EXPRESS MINDEN,"I-20, EXIT 52",Minden,LA,745,3.114,32.632281,-93.288587,city,
66386,66386,SPEEDWAY #4631,US-220,Bassett,VA,185,3.41566666,36.753425,-80.005506,city,
66388,66388,Gas n Go,"I-75, EXIT 117 AT MILE 117",Pinehurst,GA,85,3.099,32.196692,-83.720853,city,
66392,66392,MISSILE MART #10,"I-40, EXIT 161",El Dorado,AR,635,3.499,33.20763,-92.66627,city,
66393,66393,VILLAGE PANTRY #5210,"I-74, EXIT 206",Oakwood,IL,280,3.199,40.116656,-87.7825,city,
66396,66396,CIRCLE K #2723988,"I-55, EXIT 61 & SR-38",Kentwood,LA,600,3.299,30.889215,-90.472829,city,
66399,66399,CIRCLE K #2723672,"I-59/I-20, EXIT 128",Birmingham,AL,615,3.699,33.52066,-86.80249,city,
66400,66400,PWI #640,"I-10/US-95, EXIT 5",Ehrenberg,AZ,900,3.359,33.604167,-114.524444,city,
66404,66404,QUICK FUEL #5302,"I-635, EXIT 14",Garland,TX,637,3.08733333,32.91262,-96.63888,city,
66405,66405,FLYING J FUEL STOP #668,"I-75, EXIT 151",Saginaw,MI,260,3.444,43.41947,-83.95081,city,
66406,66406,LOVES TRAVEL STOPS #317,"I-95, EXIT 4 & SR-629",Skippers,VA,180,3.795,36.579685,-77.543663,city,
66407,66407,CIRCLE K #2723668,SR-35,Fort Payne,AL,615,3.649,34.436792,-85.712394,city,
66410,66410,SIBLEY FOOD FUEL,US-72/SR-20 & CR-150,Courtland,AL,615,3.399,34.671866,-87.314255,city,
66416,66416,DUCK THRU FOOD STORE #18,US-13,Winton,NC,130,3.56233333,36.382616,-76.936007,city,
66420,66420,PILOT TRAVEL CENTER #911,I-90 EXIT 47,Superior,MT,820,3.559,47.172103,-114.888483,city,
66422,66422,PLAQUEMINE TRUCK STOP,ST 1,Plaquemine,LA,600,3.999,30.268414,-91.252361,city,
66424,66424,CIRCLE K #2741652,"I-10, EXIT 139",Phoenix,AZ,930,3.369,33.44838,-112.07404,city,
66425,66425,CLARK OIL #31,"I-10, EXIT 44",Biloxi,MS,620,2.849,30.39603,-88.88531,city,
66428,66428,SHELL,US-167,Hensley,AR,695,3.589,34.591133,-92.214019,city,
66437,66437,PILOT #4596,"I-81, EXIT 4",White Pine,TN,405,3.699,36.090299,-83.287921,city,
66439,66439,JACK FLASH,I-55,Farmersville,IL,574,3.229,39.453048,-89.642718,city,
66440,66440,BP CONNECT #4701,I-55,Chicago,IL,290,3.569,41.85003,-87.65005,city,
66447,66447,CIRCLE K #4701207,"U-55, EXIT 220",Dwight,IL,399,3.349,41.088701,-88.415884,city,
66448,66448,HAMMOND TRAVEL CENTER,"I-55, EXIT 31B & US-190/SR-3260",Hammond,LA,600,3.099,30.50463,-90.46293,city,
66449,66449,CITGO,"I-55, EXIT 67",Blytheville,AR,435,3.389,35.934482,-89.922497,city,
66451,66451,EZ MART #304,M-57,Middleton,MI,406,3.699,43.168911,-84.755221,city,
66454,66454,Fast Stop Shell,I-10,Reserve,LA,600,3.799,30.060255,-90.551773,city,
66456,66456,TEXACO #383124,SR-70,Saint James,LA,623,2.969,30.027598,-90.860549,city,
66460,66460,CASH MAGIC BROUSSARD NORTH,"I-49, EXIT 103",Broussard,LA,600,3.399,30.12189,-91.950171,city,
66461,66461,YESWAY #1167,US-62 & CR-41/CR-168,Ropesville,TX,700,3.04066666,33.457499,-102.15841,city,
66465,66465,Knapp Truck Stop,"I-64, EXIT 50 & SR-127",Nashville,IL,574,3.299,38.335208,-89.384058,city,
66470,66470,CIRCLE K #9068,"I-65, EXIT 181",Millbrook,AL,720,3.21566666,32.47986,-86.36192,city,
66472,66472,DIAMOND #21,"I-65, EXIT 54",Atmore,AL,715,3.259,31.057245,-87.487347,city,
66474,66474,FAMCO EXPRESS,"I-690, EXIT 8",Syracuse,NY,235,3.299,43.04812,-76.14742,city,
66475,66475,SPEEDWAY #4346,SR-7,Calexico,CA,900,4.799,32.67895,-115.49888,city,
66478,66478,LOVES TRAVEL STOP #175,"I-70, EXIT 187",Tecumseh,KS,553,3.289,39.021664,-95.537926,city,
66480,66480,LOVES TRAVEL STOP #360,"I-65, EXIT 58 & SR-218 & SR-335",Horse Cave,KY,415,3.429,37.184939,-85.878549,city,
66487,66487,COMPASS,"I-55, EXIT 282",La Grange,IL,290,3.649,41.80503,-87.86923,city,
66488,66488,HUCKS FOOD & FUEL #54,I-74,Farmer City,IL,280,3.304,40.244689,-88.663385,city,
66495,66495,SUPER SAVER EXPRESS,"I-10, EXIT 21",Sulphur,LA,690,2.999,30.23659,-93.37738,city,
66496,66496,EXXON FUEL EXPRESS,"I-10/SR-8, EXIT 31 & SR-87",Milton,FL,155,3.999,30.660413,-87.047278,city,
66502,66502,SHOP RITE #82,"I-10, EXIT 64",Jennings,LA,690,3.589,30.22011,-92.657405,city,
66504,66504,COUNTRY BOYS COUNTRY STORE,"I-10, EXIT 813",Hankamer,TX,610,2.86566666,29.87524,-94.593846,city,
66507,66507,ST IGNACE TRUCKSTOP,I-75,Saint Ignace,MI,287,3.799,45.921527,-84.709409,city,
66508,66508,SAMS SUNOCO,I-75,Toledo,OH,550,3.399,41.66394,-83.55521,city,
66509,66509,FOUR STAR FOOD MART,"I-75, EXIT 122",Lima,OH,411,3.144,40.74255,-84.10523,city,
66512,66512,MARATHON #1554,"I-75, EXIT 21",Newport,MI,325,3.349,41.976582,-83.280438,city,
66513,66513,SUNRISE STORE,"I-75, EXIT 212",West Branch,MI,260,3.299,44.279032,-84.228623,city,
66514,66514,BIGFOOT TRAVEL CENTER,"I-75, EXIT 29",Hahira,GA,10,3.099,30.941593,-83.357366,city,
66516,66516,ADEL TRUCK PLAZA,"I-75, EXIT 39",Adel,GA,10,2.999,31.125143,-83.421346,city,
66517,66517,ADMIRAL PETROLEUM #5796,"I-75, EXIT 392",Sault Sainte Marie,MI,287,3.799,46.473932,-84.346746,city,
66518,66518,Racetrac #2622,"I-75, EXIT 60",Valdosta,GA,75,3.03233333,30.83334,-83.28032,city,
66523,66523,LOVES TRAVEL STOP #325,"I-75, EXIT 59 & SOUTHWELL BLVD",Tifton,GA,10,3.609,31.45046,-83.5085,city,
66525,66525,BP,"I-76, EXIT 6",Luna Pier,MI,550,3.449,41.815368,-83.436165,city,
66527,66527,TA EXPRESS #648,"I-76, EXIT 90A",Brush,CO,800,4.099,40.260255,-103.62788,city,
66528,66528,GO MART FOOD STORE #99,US-50 & SR-14,Parkersburg,WV,430,3.489,39.26674,-81.56151,city,
66529,66529,7-ELEVEN #36076,"I-77, EXIT 73 & US-421",Hamptonville,NC,65,2.899,36.124248,-80.813687,city,
66531,66531,MIDWAY EXXON TRAVEL CENTER,"I-78, EXIT 16",Bethel,PA,70,3.359,40.480834,-76.274209,city,
66532,66532,PETRO PLAZA,"I-78, EXIT 17",Hampton,NJ,115,3.26566666,40.677351,-74.962221,city,
66534,66534,LOVES TRAVEL STOP #347,"I-70, EXIT 101 & SR-5",Boonville,MO,310,3.509,38.95364,-92.744973,city,
66537,66537,BECKS EXPRESS MART #26,"I-80, EXIT 19",Geneseo,IL,270,3.269,41.46881,-90.171127,city,
66538,66538,KUM & GO #0023,"I-80, EXIT 23",Neola,IA,486,3.15733333,41.456383,-95.679358,city,
66539,66539,SOUTH RIDGE FARM MARKET,"I-80, EXIT 6",Clyde,OH,550,3.399,41.302397,-82.991849,city,
66547,66547,OLD STONE JIFFY MART,"I-81, EXIT 321",Clear Brook,VA,60,3.599,39.265461,-78.098788,city,
66548,66548,YESWAY #1156,US-84 & SR-289,Lubbock,TX,700,2.95066666,33.57786,-101.85517,city,
66550,66550,CIRCLE K #2709663,"I-82, EXIT 730",Umatilla,OR,982,3.639,45.915725,-119.313715,city,
66552,66552,GEM STOP,I-84,Marsing,ID,785,3.58566666,43.539866,-116.823968,city,
66553,66553,JACKSONS FOOD STORE #83,"I-84, EXIT 304",Baker City,OR,982,3.599,44.780102,-117.828631,city,
66556,66556,PILOT TRAVEL CENTER #899- SLIP IN,I-85,South Hill,VA,180,3.959,36.712388,-78.153388,city,
66560,66560,Sunoco,"I-85, EXIT 11",Townville,SC,30,3.199,34.522638,-82.89633,city,
66562,66562,TA EXPRESS FAIR PLAY,"I-85, EXIT 4",Fair Play,SC,16,3.209,34.577548,-82.999874,city,
66564,66564,SPEEDWAY #6954,US-70,High Point,NC,65,3.049,35.95569,-80.00532,city,
66565,66565,KWIK FILL #395,"I-86, EXIT 12",Jamestown,NY,240,4.484,42.097,-79.23533,city,
66571,66571,LEXINGTON GULF,"I-128, NORTH MASS PIKE",Lexington,MA,34,4.299,42.44732,-71.2245,city,
66573,66573,Brake Time Corner Market,"I-135, EXIT 14",Wichita,KS,570,3.299,37.69224,-97.33754,city,
66579,66579,GULF OIL LP #5010,"I-90, EXIT 2",Lee,MA,215,3.914,42.298994,-73.231696,city,
66582,66582,PWI #807,"I-15, EXIT 163 & SR-99",Fillmore,UT,835,3.374,38.980539,-112.331321,city,
66584,66584,MOAPA PAIUTE TRAVEL CENTER,"I-15, EXIT 75",Moapa,NV,910,3.33233333,36.675833,-114.62,city,
66586,66586,CIRCLE K #4707609,US-20 & SR-12,Sangerfield,NY,235,4.099,42.913889,-75.379444,city,
66588,66588,CUBBYS #402,"I-90, EXIT 330",Mitchell,SD,530,3.149,43.70943,-98.0298,city,
66594,66594,FRIENDLY GUS STORE #23,I-16/SR-19,Dublin,GA,85,3.399,32.54044,-82.90375,city,
66595,66595,GULF OIL LP #5040,"I-90, EXIT 9",Charlton,MA,34,3.909,42.137902,-71.966384,city,
66597,66597,BP,"I-16, EXIT 90 & US-1",Twin City,GA,195,3.78233333,32.612926,-82.197856,city,
66598,66598,WOODSHED LL,I-166 & I-169,S Coffeyville,OK,307,3.099,36.983684,-95.606509,city,
66601,66601,LOVES TRAVEL STOP #323,"I-69, EXIT 264 & SR-18",Marion,IN,457,3.57566666,40.55837,-85.65914,city,
66603,66603,COFFEE CUP FUEL STOP #7,"I-90, EXIT 406 & SR-11",Brandon,SD,530,2.97733333,43.596413,-96.578201,city,
66604,66604,GALLOPS,"I-90, I-80, EXIT 40",La Porte,IN,370,3.549,41.60774,-86.71389,city,
66606,66606,BART INDUSTRIES,"I-91, EXIT 6",Bellows Falls,VT,215,3.709,43.148198,-72.466373,city,
66607,66607,7-ELEVEN #37392,"I-93, EXIT 5",Londonderry,NH,34,3.799,42.865555,-71.37719,city,
66608,66608,CASEYS #2650,I-94/US-52 EXIT 135 & CR-173,Melrose,MN,522,3.179,45.658183,-94.819768,city,
66612,66612,STOP N GO #1709,"I-94, EXIT 105",Hixton,WI,295,3.23733333,44.397778,-91.039086,city,
66613,66613,LOVES TRAVEL STOP #362,"I-10, EXIT 7 & SR-3063",Vinton,LA,690,3.30566666,30.201523,-93.572808,city,
66614,66614,MARATHON,"I-94, EXIT 212A",Detroit,MI,325,3.799,42.33143,-83.04575,city,
66615,66615,KWIK TRIP #396,"I-94, EXIT 295",Waukesha,WI,444,3.399,43.01168,-88.23148,city,
66618,66618,CIRCLE K #2723378,I-95,Sumter,SC,42,3.159,33.92044,-80.34147,city,
66620,66620,Shell,"I-95, EXIT 130",Ashland,VA,180,3.264,37.73948,-77.478373,city,
66622,66622,DUNCAN TRUCK STOP,"I-95, EXIT 15",Jersey City,NJ,115,3.409,40.72816,-74.07764,city,
66624,66624,Sunoco,"I-95, EXIT 25",Croydon,PA,160,3.659,40.093322,-74.899077,city,
66625,66625,EXIT 43 QUICK STOP,"I-95, EXIT 43",Richmond,ME,170,3.76566666,44.104213,-69.821077,city,
66628,66628,Chevron,"I-95, EXIT 5 & US-17",Hardeeville,SC,42,3.00733333,32.263512,-81.066865,city,
66631,66631,SPEEDWAY #3589,I-96,Lake Odessa,MI,342,3.599,42.786335,-85.135667,city,
66632,66632,SHELL FOOD MART AND TRUCKSTOP,I-985,Gainesville,GA,16,3.399,34.29788,-83.82407,city,
66635,66635,C BARN,US-67,Park Hills,MO,540,3.049,37.85555,-90.52735,city,
66637,66637,BERKLYS TRAVEL CENTER,US-281,Round Mountain,TX,595,3.31566666,30.442879,-98.436514,city,
66640,66640,Kent Kwik #928,US-82/SR-6 & SR-5/SR-25,Brent,AL,615,3.099,32.93567,-87.211387,city,
66643,66643,DEERFIELD TRAVEL CENTER,"I-55, EXIT 8",Steele,MO,275,2.97566666,36.091528,-89.834585,city,
66645,66645,ALLSUPS #2390,"I-20/US-84, EXIT 270",Merkel,TX,575,2.87566666,32.444371,-99.992443,city,
66648,66648,CHEVRON,"I-20, EXIT 113",Bessemer,AL,615,3.099,33.40178,-86.95444,city,
66649,66649,CHOCTAW TRAVEL PLAZA #637,US-59 & CR-E1452,Heavener,OK,645,3.299,34.835267,-94.61849,city,
66659,66659,MARATHON,SR-37,Mitchell,IN,415,3.599,38.742625,-86.476096,city,
66664,66664,CASEYS #3294,"I-380/SR-27, EXIT 43 & SR-150",Urbana,IA,380,3.449,42.224167,-91.874167,city,
66667,66667,CIRCLE K #4701408,"I-36, EXIT 99",Rochelle,IL,520,3.499,41.928156,-89.071035,city,
66668,66668,ACME TRUCK STOP,"I-4, EXIT 96",Orlando,FL,140,3.399,28.53834,-81.37924,city,
66669,66669,CIRCLE K #2726032,I-40,Jacksonville,FL,75,3.429,30.33218,-81.65565,city,
66670,66670,SPEEDWAY #7930,"I-40, 1126 N MAIN ST",Lillington,NC,63,3.759,35.331954,-78.921223,city,
66671,66671,CIRCLE K #2723686,US-72,Scottsboro,AL,285,3.26566666,34.67227,-86.051336,city,
66673,66673,MARATHON,SR-72,Huntsville,AL,615,2.979,34.7304,-86.58594,city,
66676,66676,HUTCH'S #118,"I-40, EXIT 108",Watonga,OK,483,3.099,35.853762,-98.417487,city,
66678,66678,NKS ROYAL TRUCKSTOP,"I-40, EXIT 16",Gallup,NM,580,3.119,35.52808,-108.74258,city,
66680,66680,BIG TOP TRAVEL CENTER,"I-20, EXIT 157",Delhi,LA,760,2.969,32.450433,-91.512487,city,
66683,66683,SUPERSTOP Shell,"I-40, EXIT 192",Stuttgart,AR,695,3.41566666,34.485358,-91.548742,city,
66689,66689,ROSCOE TRAVEL PLAZA,"I-20, EXIT 235",Roscoe,TX,575,2.759,32.427558,-100.539088,city,
66693,66693,Allsup Marketplace #2400,"I-40, EXIT 356",San Jon,NM,585,3.059,35.119848,-103.284599,city,
66705,66705,7-ELEVEN,"I-44, EXIT 1/US-287",Wichita Falls,TX,770,2.76066666,33.91371,-98.49339,city,
66709,66709,CIRCLE K #2709343,"I-24, EXIT 169",Wildwood,GA,285,3.14566666,34.977911,-85.430456,city,
66715,66715,7-Eleven #34210,"I-25/US-87, EXIT 240 & SR-119",Longmont,CO,800,3.189,40.16721,-105.10193,city,
66717,66717,Fast Stop Travel Centers #1131,"I-25/US-87, EXIT 80",Wheatland,WY,795,3.499,42.049467,-104.967852,city,
66718,66718,Bartonville SHELL,"I-474, EXIT 6",Peoria,IL,368,4.299,40.69365,-89.58899,city,
66720,66720,MOUNTAIN ENERGY #126,"I-26, EXIT 13",Hendersonville,NC,210,2.84566666,35.319213,-82.499995,city,
66721,66721,USA SPEEDTRAC,"I-49US-167, EXIT 11",Grand Coteau,LA,730,3.399,30.419722,-92.046667,city,
66725,66725,SPEEDWAY #9662,I-264,Louisville,KY,415,3.029,38.25424,-85.75941,city,
66728,66728,CIRCLE K #2723706,"I-81/US-52, EXIT 72 & I-77, EXIT 41",Wytheville,VA,185,3.349,36.940669,-81.094082,city,
66734,66734,Marathon,"I-675, Exit 7",Ellenwood,GA,18,3.009,33.61,-84.288056,city,
66737,66737,THE JUNCTION,US-59 & US-73,Atchison,KS,400,3.279,39.559411,-95.130408,city,
66738,66738,TREX MART #9,I-29,Dearborn,MO,400,2.999,39.517248,-94.766368,city,
66739,66739,ZIP TRIP #64,I-29,Brookings,SD,530,3.399,44.31136,-96.79839,city,
66741,66741,DEANS LANE VALERO,I-295,Monmouth Junction,NJ,230,3.14566666,40.394391,-74.547021,city,
66742,66742,DEEP WATER TRUCK STOP,"I-295, EXIT 2C",Penns Grove,NJ,230,3.279,39.717938,-75.465623,city,
66746,66746,CASEYS #4246,"I-30, EXIT 123",Bryant,AR,695,3.03233333,34.59593,-92.48905,city,
66747,66747,LOVES TRAVEL STOP #322,"I-90, EXIT 3",Roscoe,IL,290,3.789,42.421659,-88.99433,city,
66749,66749,BIG RIVER #18,"I-310 EXIT 2, & US-61",Saint Rose,LA,725,3.099,29.958074,-90.312432,city,
66750,66750,LOVES TRAVEL STOP #177,I-35,El Dorado,KS,336,3.25566666,37.822649,-96.854297,city,
66751,66751,FAST N FRIENDLY,"I-35, EXIT 132",Emporia,KS,336,3.65733333,38.4039,-96.18166,city,
66756,66756,CASEYS #2550,"I-35, EXIT 33 & US-34",Osceola,IA,320,3.339,41.029503,-93.771236,city,
66760,66760,LOVES TRAVEL STOP #326,I-26 EXIT 154A,Orangeburg,SC,135,3.389,33.502545,-80.859282,city,
66761,66761,SPEEDWAY #4589,US-501 & SR-90,Conway,SC,205,3.064,33.836,-79.04781,city,
66762,66762,EXXON TIGER MART #44,"US-45, EXIT 249",Ennis,TX,637,3.099,32.32931,-96.62527,city,
66763,66763,SPEEDWAY #7998,US-52 & US-74,Wadesboro,NC,46,3.64566666,34.980938,-80.069586,city,
66765,66765,STRIPES #40736,US-77/US-83,Olmito,TX,598,2.999,26.039167,-97.556111,city,
66767,66767,SPRINT MART #49,"I-22/US-78, EXIT 87 & SR-811",Tupelo,MS,742,2.99233333,34.25807,-88.70464,city,
66769,66769,PETRO STOPPING CENTER #344,"I-95, EXIT 3",Kingsland,GA,75,3.649,30.79996,-81.68983,city,
66771,66771,FLYING J TRAVEL PLAZA #727,"I-69C/US-281, EXIT 8 & FM-1925",Edinburg,TX,639,3.084,26.30174,-98.16334,city,
66773,66773,STRIPES 7FLEET #42475,US-62,Hobbs,NM,700,3.459,32.70261,-103.13604,city,
66774,66774,Clark #4667,"I-80/I-90, EXIT 39 & SR-109",Delta,OH,550,3.699,41.557695,-83.9866,city,
66775,66775,GO MART,US-33 & CR-116,Rockbridge,OH,315,3.499,39.550907,-82.562572,city,
66776,66776,S&G #77,US-224 & US-23,Alvada,OH,411,3.259,41.046284,-83.376982,city,
66778,66778,LOVES TRAVEL STOP #169,"I-44, EXIT 179 & US-377/SR-99",Stroud,OK,560,3.144,35.782389,-96.684377,city,
66780,66780,DIAMOND #20,"I-65, EXIT 93 & SR-84",Evergreen,AL,720,3.399,,,,
66784,66784,Texaco #384529,US-80/SR-8 & SR-14,Selma,AL,720,3.299,32.40736,-87.0211,city,
66785,66785,WINFIELD TRUCK STOP,SR-129,Winfield,AL,615,3.659,33.930256,-87.79716,city,
66786,66786,Circle K #2741791,"I-40, EXIT 175 & SR-31",Lonoke,AR,695,3.139,34.783162,-91.921367,city,
66787,66787,TEXACO,"I-59, EXIT 67B",Hattiesburg,MS,620,3.06566666,31.32712,-89.29034,city,
66788,66788,CIRCLE K #4703626,"I-75, EXIT 60 & SR-68",Sweetwater,TN,285,3.289,35.595703,-84.430424,city,
66793,66793,CIRCLE K #2723693,"I-526, EXIT 19 & SR-10-60",Charleston,SC,42,2.97566666,32.77657,-79.93092,city,
66795,66795,FUEL MART #645,"I-90, EXIT 353",Spencer,SD,530,3.499,43.755684,-97.59361,city,
66796,66796,ROYAL FARMS #109,US-13 & SR-404,Bridgeville,DE,243,3.259,38.736628,-75.608768,city,
66799,66799,SHELL DBA ONE9 #1403,"I-75/SR-93, EXIT 451 & US-129",Jasper,FL,10,3.2515,30.502914,-82.932186,city,
66800,66800,CIRCLE K #2743950,I-35,San Antonio,TX,740,2.804,29.42412,-98.49363,city,
66801,66801,SUNSTOP #330,"I-75, EXIT 460 & SR-6",Jennings,FL,75,3.299,30.548243,-83.134971,city,
66802,66802,MOBIL,US-27 & SR-66,Sebring,FL,140,3.459,27.492391,-81.435712,city,
66803,66803,Stripes,FM-2061 & FM-3072,Pharr,TX,639,3.16566666,26.1948,-98.18362,city,
66804,66804,PWI #586,"I-80, EXIT 104 & US-191",Rock Springs,WY,835,3.199,41.58746,-109.2029,city,
66805,66805,CIRCLE K #2723553,US-27,Ringgold,GA,285,3.07566666,34.92052,-85.154908,city,
66807,66807,QUICK FUEL #5303,"I-35E, EXIT 436A",Dallas,TX,637,3.04566666,32.78306,-96.80667,city,
66809,66809,CASEYS #3449,SR-78,Wapello,IA,380,3.349,41.206982,-91.171921,city,
66810,66810,QUICK FUEL #3145,SR-83,Bensenville,IL,290,3.509,41.95503,-87.94007,city,
66812,66812,FAMILY EXPRESS #47 (DISCOUNT AVAILABLE),"I-65, EXIT 201 & US-24/US-231",Remington,IN,375,3.55233333,40.766653,-87.15994,city,
66813,66813,MCCLURE OIL #59,I-69 EXIT 259,Gas City,IN,457,3.639,40.487895,-85.605533,city,
66815,66815,MAXS #132,US-641 N,Murray,KY,490,3.399,36.61033,-88.31476,city,
66816,66816,CIRCLE K #4707082,"I-95, EXIT 132 & SR-139",Fairfield,ME,170,3.899,44.609639,-69.63321,city,
66817,66817,JOLLY TRUCK STOP,US-82/US-287,Wichita Falls,TX,770,2.899,33.91371,-98.49339,city,
66819,66819,ROAD RANGER #265,"I-88, EXIT 54",Dixon,IL,520,3.489,41.83892,-89.47955,city,
66820,66820,CM BREAUX BRIDGE,"I-10, EXIT 109",Breaux Bridge,LA,600,3.299,30.274955,-91.905899,city,
66821,66821,DENTON GOOSE CREEK,SR-404/SR-619,Denton,MD,194,3.259,38.877928,-75.836071,city,
66822,66822,WILD BILL'S,I-78,Sherman,MS,435,2.919,34.359167,-88.841111,city,
66824,66824,STRIPES #42435,US-87/US-277,San Angelo,TX,740,2.799,31.46377,-100.43704,city,
66833,66833,STRIPES #5148,US-281,Pharr,TX,639,3.399,26.1948,-98.18362,city,
66834,66834,ROAD RANGER #186,"I-39/US-51, EXIT 27 & SR-2/CR-2200",Minonk,IL,280,3.439,40.898501,-89.034863,city,
66838,66838,RUTTERS #96,US-322 & SR-655,Milroy,PA,14,4.05066666,40.72033,-77.556739,city,
66843,66843,FLYING J TRAVEL PLAZA #728,"I-10, EXIT 37",El Paso,TX,640,3.09233333,31.75872,-106.48693,city,
66844,66844,CIRCLE K #2706984,US-77 & CR-1356,Kingsville,TX,625,2.82233333,27.51587,-97.85611,city,
66845,66845,CIRCLE K #2723643,SR-431,Dothan,AL,20,3.58233333,31.22323,-85.39049,city,
66846,66846,CIRCLE K #2723664,US-280,Childersburg,AL,615,3.899,33.266928,-86.337622,city,
66847,66847,CIRCLE K #2723667,"I-20, EXIT 185 & SR-21",Oxford,AL,615,2.999,33.61427,-85.83496,city,
66848,66848,CIRCLE K #2723695,"I-55, EXIT 265",Senatobia,MS,435,3.199,34.632306,-89.885501,city,
66850,66850,Stripes,ST 77,Riviera,TX,625,3.12566666,27.321735,-97.778707,city,
66853,66853,LOVES TRAVEL STOP #327,US-77 & FM-1898,Kingsville,TX,625,3.15566666,27.51587,-97.85611,city,
66854,66854,TA WAPAKONETA TRAVEL CENTER,"I-75, EXIT 111",Wapakoneta,OH,411,3.28233333,40.568978,-84.177378,city,
66856,66856,Speedway #4800,"I-94, EXIT 183",Clearwater,MN,453,3.199,45.387694,-94.045246,city,
66858,66858,LOVES TRAVEL STOP #328,"I-10, EXIT 162",Chandler,AZ,930,3.469,33.30616,-111.84125,city,
66862,66862,LOVES TRAVEL STOP #330,I-40 EXIT 280 & SR-56,Baxter,TN,460,3.234,36.124917,-85.637766,city,
66863,66863,101 TRAVEL PLAZA,"I-40, EXIT 101 & SR-104",Cedar Grove,TN,435,2.999,35.861261,-88.551702,city,
66865,66865,FLYING J FUEL STOP #741,US-287/US-281/US-82 & SR-473,Wichita Falls,TX,770,3.12566666,33.91371,-98.49339,city,
66867,66867,KWIK STAR #212,"US-61, EXIT 156",Maquoketa,IA,335,3.624,42.07782,-90.677075,city,
66868,66868,STRIPES #40604,US-83,Mission,TX,639,2.88233333,26.21591,-98.32529,city,
66869,66869,SPEEDWAY #4630,US-220 BUS & CR-782,Ridgeway,VA,185,3.409,36.5874,-79.86859,city,
66870,66870,PETRO STOPPING CENTER NAPOLEON,"US-24/US-6/CR-3, EXIT 41",Napoleon,OH,550,3.70566666,41.390969,-84.143271,city,
66874,66874,FLYING J TRAVEL PLAZA #733,"I-27, EXIT 4 & US-82",Lubbock,TX,700,3.33233333,33.57786,-101.85517,city,
66876,66876,PILOT TRAVEL CENTERS #156,SR-1633 & SR-813 & SR-9004,Mortons Gap,KY,490,3.629,37.236667,-87.475278,city,
66877,66877,PILOT TRAVEL CENTER #916- TOWN PUMP,US-93 & US-12,Lolo,MT,820,3.609,46.7585,-114.109732,city,
66878,66878,PILOT TRAVEL CENTER #915- TOWN PUMP,"I-90, EXIT 455",Billings,MT,780,3.58066666,45.78329,-108.50069,city,
66879,66879,TA EXPRESS,"I-40, EXIT 101",Atkins,AR,695,3.34066666,35.244948,-92.950696,city,
66880,66880,LOVES TRAVEL STOP #324,I-80 EXIT 242 & SR 339,Mifflinville,PA,138,3.96566666,41.023473,-76.292396,city,
66881,66881,PLAZAGO TRUCKSTOP,US-50/SR-61 & SR-96/SR-14,South Hutchinson,KS,570,3.269,38.007306,-97.90814,city,
66888,66888,LOVES TRAVEL STOP #334,"I-84, EXIT 211 & US-30/SR-24",Heyburn,ID,785,3.89233333,42.559922,-113.770885,city,
66890,66890,CASEYS #4223,US-25E,Middlesboro,KY,405,3.489,36.617188,-83.723079,city,
66892,66892,LOVES TRAVEL STOP #336,"I-94, EXIT 112",Marshall,MI,385,3.579,42.272047,-84.95828,city,
66893,66893,ONE9 #1291,US-287 & CR-174,Bowie,TX,770,2.91233333,33.556796,-97.837337,city,
66894,66894,PILOT TRAVEL CENTERS #259,US-69,Muskogee,OK,560,3.32233333,35.74788,-95.36969,city,
66895,66895,TA Express Tonkawa,"I-35, EXIT 40 & US-60",Tonkawa,OK,500,3.294,36.68062,-97.30634,city,
66897,66897,FLYING J TRAVEL PLAZA #604,"I-65, EXIT 158",Hope Hull,AL,720,3.309,32.224256,-86.393189,city,
66898,66898,PILOT TRAVEL CENTERS #384,"I-95, EXIT 58",Colonial Heights,VA,180,3.799,37.26804,-77.40726,city,
66899,66899,LOVES TRAVEL STOP #333,"I-77, EXIT 83",Fort Mill,SC,46,3.38066666,35.024167,-81.028056,city,
66900,66900,DODGE CITY PETRO #397,"I-65, EXIT 299 & SR-69",Hanceville,AL,615,3.919,34.051569,-86.784844,city,
66902,66902,CIRCLE K #4707239,SR-103,Warner,NH,170,3.93233333,43.303512,-71.835349,city,
66905,66905,CIRCLE K #4707212,SR-27,Raymond,NH,170,3.759,43.032512,-71.191159,city,
66906,66906,LOVES TRAVEL STOP #331,"I-45, EXIT 272",Hutchins,TX,630,3.10233333,32.639586,-96.707021,city,
66908,66908,CIRCLE K #2723708,"I-81, EXIT 77",Wytheville,VA,65,3.36566666,36.940669,-81.094082,city,
66911,66911,LOVES TRAVEL STOP #343,"I-20 & I-59, EXIT 165",Toomsuba,MS,705,3.009,32.429583,-88.489225,city,
66912,66912,LOVES TRAVEL STOPS #335,"I-15, EXIT 62 & SR-130",Cedar City,UT,910,3.663,37.67748,-113.06189,city,
66914,66914,FLYING J TRAVEL PLAZA #683,"I-95, EXIT 106",Kenly,NC,205,3.709,35.607742,-78.138227,city,
66915,66915,CIRCLE K #2723716,"I-81, EXIT 84",Max Meadows,VA,185,3.46233333,36.91708,-80.921391,city,
66918,66918,MINIT MART #647,"I-39, EXIT 35 & SR-17",Wenona,IL,280,3.524,41.054846,-89.041637,city,
66920,66920,7-ELEVEN #35562,"I-85, EXIT 32",Charlotte,NC,46,3.379,35.22709,-80.84313,city,
66921,66921,LOVES TRAVEL STOP #338,"I-95/SR-405, EXIT 90 & SR-144",Richmond Hill,GA,195,3.364,31.896152,-81.294026,city,
66922,66922,LOVES TRAVEL STOPS #339,"I-20, EXIT 115 & FM-1882",Odessa,TX,710,3.549,31.84568,-102.36764,city,
66923,66923,LOVES TRAVEL STOP #765,"I-85, EXIT 147",Commerce,GA,16,3.21066666,34.213413,-83.448011,city,
66925,66925,FLYING J TRAVEL PLAZA #714,"I-77, EXIT 73",Rock Hill,SC,46,3.399,34.92487,-81.02508,city,
66927,66927,PILOT TRAVEL CENTERS #41,I-64 EXIT 113 SE QUAD,Mount Sterling,KY,410,3.764,38.054822,-83.938774,city,
66928,66928,FLYING J TRAVEL PLAZA #730,"I-35/US-83, EXIT 13",Laredo,TX,693,3.599,27.50641,-99.50754,city,
66929,66929,FLYING J TRAVEL PLAZA #642,"I-255, EXIT 17",East Saint Louis,IL,540,3.549,38.6245,-90.15094,city,
66931,66931,CASEYS #3896,"I-380, EXIT 35",Center Point,IA,380,3.449,42.189844,-91.775764,city,
66932,66932,CIRCLE K #4701444,US-34 & SR-164,Monmouth,IL,345,3.424,40.910702,-90.644828,city,
66935,66935,FRANCIS CREEK TRAVEL PLAZA,SR-41,Francis Creek,WI,444,3.384,44.199964,-87.720007,city,
66937,66937,LOVES TRAVEL STOP #341,"I-44, EXIT 189",Rolla,MO,540,3.30066666,37.95143,-91.77127,city,
66939,66939,KWIK TRIP #416,SR-172 & CR-GV,De Pere,WI,582,3.39066666,44.44888,-88.06038,city,
66941,66941,PILOT TRAVEL CENTERS #367,"I-30, EXIT 87 & 88",Caddo Mills,TX,630,3.169,33.068267,-96.239093,city,
66942,66942,MAVERIK COUNTRY STORE #612,"I-15, EXIT 362",Brigham City,UT,835,3.449,41.51021,-112.0155,city,
66944,66944,LOVES TRAVEL STOPS #316,"I-95, EXIT 273 & US-1",Ormond Beach,FL,75,3.483,29.28581,-81.05589,city,
66945,66945,PILOT TRAVEL CENTERS #159,"I-64, EXIT 211",Providence Forge,VA,180,3.899,37.425907,-77.071117,city,
66948,66948,CIRCLE K #4707618,"I-481, EXIT 8 & CR-82",East Syracuse,NY,220,3.799,43.073359,-76.05578,city,
66951,66951,BERKLYS TRAVEL CENTER #3,US-377/US-87,Brady,TX,575,3.61566666,31.128304,-99.3372,city,
66953,66953,LOVES TRAVEL STOP #355,"I-65, EXIT 16",Memphis,IN,415,3.949,38.464181,-85.777501,city,
66954,66954,LOVES TRAVEL STOP #344,I-240 EXIT 21 & US-78/SR-4,Memphis,TN,435,3.249,35.14953,-90.04898,city,
66955,66955,LOVES TRAVEL STOP #349,"I-8, EXIT 3",Yuma,AZ,900,3.50233333,32.72532,-114.6244,city,
66956,66956,LOVES TRAVEL STOP #348,"I-69/I-24, EXIT 27 & US-62",Calvert City,KY,490,3.689,37.014741,-88.381115,city,
66957,66957,LOVES TRAVEL STOP #346,I-65 EXIT 46 & SR-99,Columbia,TN,460,3.789,35.61507,-87.03528,city,
66959,66959,PILOT TRAVEL CENTERS #388,"I-20 & I-59, EXIT 151",Meridian,MS,705,2.979,32.36431,-88.70366,city,
66961,66961,CIRCLE K #2707020,"I-4, EXIT 32 & US-98/SR-700/SR-35",Lakeland,FL,225,3.414,28.03947,-81.9498,city,
66962,66962,PILOT TRAVEL CENTERS #242,"I-74, EXIT 109",Shelbyville,IN,375,3.999,39.52144,-85.77692,city,
66963,66963,SPARTA TRAVEL CENTER,"I-90, EXIT 28",Sparta,WI,420,3.179,43.954045,-90.814566,city,
66964,66964,PILOT TRAVEL CENTERS #239,US-30/US-23,Upper Sandusky,OH,411,3.899,40.824876,-83.297711,city,
66965,66965,EATONTON TRAVEL CENTER,US-441/US/129/SR-24,Eatonton,GA,67,3.249,33.312723,-83.36277,city,
66966,66966,LOVES TRAVEL STOP #352,I-71 EXIT 65,Jeffersonville,OH,315,3.42233333,39.65896,-83.56873,city,
66968,66968,FLYING J TRAVEL PLAZA #675,US-136 & SR-27,Wayland,MO,345,3.30566666,40.442574,-91.607864,city,
66972,66972,PETRO STOPPING CENTER #339,"I-90, EXIT 272",Spokane,WA,970,3.979,47.65966,-117.42908,city,
66987,66987,LOVES TRAVEL STOP #354,"US-78 & I-20, EXIT 172",Thomson,GA,135,3.849,33.477363,-82.494204,city,
66993,66993,PILOT TRAVEL CENTERS #198,US-30 & US-31,Plymouth,IN,465,3.864,41.333897,-86.324087,city,
66994,66994,PILOT TRAVEL CENTERS #303,US-24/US-6 & SR-108,Napoleon,OH,550,3.71066666,41.390969,-84.143271,city,
66995,66995,PILOT TRAVEL CENTERS #322,"I-86, EXIT 37",Bath,NY,190,4.499,42.345451,-77.323255,city,
66997,66997,LOVES TRAVEL STOP #289,"I-20, EXIT 49 & SR-531",Minden,LA,745,3.149,32.632281,-93.288587,city,
67008,67008,TA ST LOUIS EAST TRAVEL CENTER,"I-55, EXIT 18",Troy,IL,574,3.464,38.724275,-89.870848,city,
67009,67009,PILOT TRAVEL CENTERS #407,"I-35, EXIT 194",Clear Lake,IA,433,3.659,43.140607,-93.384978,city,
67030,67030,LOVES TRAVEL STOP #337,"I-90 & I-35, EXIT 11",Albert Lea,MN,515,4.089,43.64801,-93.36827,city,
67034,67034,LOVES TRAVEL STOP #356,"I-75, EXIT 167",North Baltimore,OH,550,3.34733333,41.186703,-83.680581,city,
67037,67037,LOVES TRAVEL STOP #332,I-71 EXIT 204,Burbank,OH,305,3.689,40.963725,-81.995753,city,
67038,67038,PILOT TRAVEL CENTERS #260,US-82/SR-520 & SR-300,Albany,GA,10,3.799,31.57851,-84.15574,city,
67039,67039,ROAD RANGER #145,"I-44, EXIT 275",Fenton,MO,540,3.359,38.501489,-90.468299,city,
67040,67040,FLYING J TRAVEL PLAZA #603,US-431/SR-210 & US-231/SR-1,Dothan,AL,20,3.999,31.22323,-85.39049,city,
67041,67041,CIRCLE K #4707040,"I-95, EXIT 133 & US-201",Skowhegan,ME,170,3.72566666,44.777212,-69.697571,city,
67044,67044,PILOT TRAVEL CENTER #1212,"I-10, EXIT 45",Salome,AZ,930,3.959,33.748141,-113.571459,city,
67047,67047,Circle K #2746490,"I-90, EXIT 332",Mitchell,SD,455,3.064,43.70943,-98.0298,city,
67051,67051,PILOT TRAVEL CENTERS #208,"I-44, EXIT 257",Pacific,MO,540,3.324,38.492168,-90.747968,city,
67053,67053,TA LAREDO TRAVEL CENTER,"I-35/US-83, EXIT 13",Laredo,TX,693,3.649,27.50641,-99.50754,city,
67054,67054,LOVES TRAVEL STOPS #436,"I-80, EXIT 118",Salt Lake City,UT,835,3.713,40.76078,-111.89105,city,
67055,67055,FLYING J TRAVEL PLAZA #641,I-15,Mccammon,ID,825,3.749,42.63362,-112.175758,city,
67056,67056,Arco,US-2 & US-59,Erskine,MN,355,3.399,47.661817,-96.012173,city,
67057,67057,PILOT TRAVEL CENTERS #146,"I-90, EXIT 12",Castleton On Hudson,NY,12,3.999,42.538243,-73.709529,city,
67058,67058,PILOT TRAVEL CENTERS #368,"I-72, EXIT 144",Decatur,IL,280,3.529,39.84031,-88.9548,city,
67060,67060,PILOT TRAVEL CENTERS #151,"I-5, EXIT 99NE",Olympia,WA,977,4.599,47.03787,-122.9007,city,
67063,67063,PILOT TRAVEL CENTERS #330,"I-35, EXIT 184 SW",New Braunfels,TX,740,3.399,29.703,-98.12445,city,
67064,67064,LOVES TRAVEL STOP #385,"I-40, EXIT 101 & US-281",Hinton,OK,483,3.38566666,35.4675,-98.331348,city,
67065,67065,TA GREENWOOD TRAVEL CENTER,"I-20, EXIT 5 & US-79",Greenwood,LA,745,3.16566666,32.424025,-93.969252,city,
67066,67066,LOVES TRAVEL STOP #361,"I-80, EXIT 168",Newton,IA,320,3.76233333,41.69971,-93.04798,city,
67067,67067,LOVES TRAVEL STOP #377,"I-76/US-6, EXIT 31 & SR-52",Hudson,CO,800,3.459,40.060555,-104.653208,city,
67069,67069,FLYING J TRAVEL PLAZA #621,"I-70, EXIT 359 & US-24",Limon,CO,800,3.8865,39.263889,-103.691667,city,
67070,67070,CASEYS #4225,"SR-155N, EXIT 26-A",Nashville,TN,460,3.06233333,36.16589,-86.78444,city,
67071,67071,FAS MART #5154,"I-270, EXIT 3 & SR-3",Hartford,IL,574,3.289,38.829852,-90.074533,city,
67073,67073,PILOT TRAVEL CENTERS #81,"I-79, EXIT 99",Portersville,PA,165,4.259,40.948651,-80.172965,city,
67075,67075,CM FOREST GOLD,SR-16,Amite,LA,600,3.399,30.718208,-90.570493,city,
67076,67076,CASH MAGIC LUCKY MAGNOLIA,SR-63/SR-16,Denham Springs,LA,600,3.399,30.5821,-90.9341,city,
67077,67077,CASH MAGIC BROUSSARD SOUTH,US-90,Broussard,LA,600,3.399,30.12189,-91.950171,city,
67078,67078,CASH MAGIC SILVER FOX,SR-63/SR-16,Denham Springs,LA,600,3.399,30.5821,-90.9341,city,
67081,67081,LOVES TRAVEL STOP #376,"I-85/SR-403, EXIT 28 & SR-54/SR-100",Hogansville,GA,18,3.689,33.164382,-84.930856,city,
67082,67082,PILOT TRAVEL CENTERS #179,"I-81, EXIT 5-B",Hagerstown,MD,22,3.959,39.64176,-77.71999,city,
67085,67085,PILOT TRAVEL CENTERS #210,"I-287, EXIT 66 & SR-17",Mahwah,NJ,105,3.899,41.08871,-74.14376,city,
67086,67086,SPEEDWAY #7945,SR-24,Swansboro,NC,205,3.699,34.699066,-77.135013,city,
67087,67087,SPEEDWAY #8189,"I-40, EXIT 408 & SR-210 & US-117",Rocky Point,NC,245,3.60566666,34.434418,-77.923448,city,
67088,67088,PILOT #4580,"I-26, EXIT 82",Prosperity,SC,30,3.42566666,34.183243,-81.532353,city,
67090,67090,LOVES TRAVEL STOP #373,US-69 & PLATTER RD,Calera,OK,253,3.229,33.928872,-96.410205,city,
67091,67091,SPEEDWAY #7903,SR-211,Raeford,NC,63,3.699,34.989009,-79.22276,city,
67092,67092,SPEEDWAY #8288,US-64 & SR-149,Plymouth,NC,177,3.20733333,35.850826,-76.743148,city,
67094,67094,SPEEDWAY #7943,US-64/SR-49 & US-220,Asheboro,NC,65,3.54233333,35.70791,-79.81364,city,
67095,67095,SPEEDWAY #8297,US-17 & US-17 BYP,Chocowinity,NC,205,3.13233333,35.481409,-77.086801,city,
67096,67096,SPEEDWAY #6997,I-95/US-301,Fayetteville,NC,63,3.39566666,35.05266,-78.87836,city,
67097,67097,SPEEDWAY #8298,SR-11/SR-55,Kinston,NC,205,3.353,35.26266,-77.58164,city,
67101,67101,SPEEDWAY #7974,US-601 & SR-24/SR-27,Midland,NC,46,3.429,35.247724,-80.531853,city,
67103,67103,SPEEDWAY #8225,US-13/US-17 & US-64,Williamston,NC,205,3.849,35.660154,-77.048344,city,
67106,67106,PILOT TRAVEL CENTER #4656,"I-295, EXIT 3-A & US-460",Disputanta,VA,180,3.57233333,37.148268,-77.273172,city,
67107,67107,SPEEDWAY/7fleet #4595,US-501 & SR-544,Conway,SC,205,3.089,33.836,-79.04781,city,
67108,67108,SPEEDWAY/7fleet #4594,SR-90,Longs,SC,205,3.309,33.906408,-78.793359,city,
67109,67109,SPEEDWAY #4676,US-13/SR-32,Suffolk,VA,130,3.799,36.72836,-76.58496,city,
67113,67113,COLUMBUS WEST TRAVEL CENTER,"US-151, EXIT 118",Columbus,WI,420,3.119,43.331494,-89.027089,city,
67114,67114,SPEEDWAY #1415,"I-57, EXIT 306 & US-45/US-52",Kankakee,IL,280,3.359,41.12003,-87.86115,city,
67115,67115,CIRCLE K #3912,"I-24/SR-27, EXIT 155 & SR-28",Jasper,TN,285,2.889,35.066603,-85.614737,city,
67117,67117,MCCLURE OIL #65,US-31 & SR-38,Cicero,IN,375,3.889,40.126781,-86.024844,city,
67118,67118,ABELS QUIK SHOP #20,US-36 & CR-437,Hannibal,MO,540,3.06566666,39.70838,-91.35848,city,
67119,67119,EASTWAY TRUCKSTOP,SR-80,Somerset,KY,410,3.599,37.073853,-84.604362,city,
67120,67120,LOVES TRAVEL STOP #379,"I-10 & CR 255, EXIT 262 SW",Lee,FL,20,3.789,30.397863,-83.284392,city,
67121,67121,BETTY BEAVERS TRUCKSTOP,"I-88, EXIT 12 & CR-48",Otego,NY,12,3.819,42.41333,-75.207883,city,
67122,67122,WORKMANS TRAVEL CENTER,"I-540, EXIT 24 & SR-282",Alma,AR,735,3.37233333,35.500043,-94.207337,city,
67125,67125,LOVES TRAVEL STOP #370,I-80 EXIT 234,Hubbard,OH,573,3.46566666,41.162401,-80.576192,city,
67126,67126,PILOT TRAVEL CENTERS #366,"I-40, EXIT 85 CHRISTMASVILLE RD",Jackson,TN,435,3.509,35.61452,-88.81395,city,
67127,67127,LOVES TRAVEL STOP #381,"I-65, EXIT 322 & CR-55",Falkville,AL,615,3.849,34.347653,-86.913086,city,
67129,67129,PILOT TRAVEL CENTERS #920,"I-70, EXIT 54",Colby,KS,525,3.6415,39.383038,-101.044169,city,
67130,67130,Pilot Travel Centers #473,"I-55, EXIT 248 & US-6",Channahon,IL,290,3.429,41.434664,-88.213786,city,
67133,67133,LOVES TRAVEL STOP #365,I-80 EXIT 352,Wells,NV,835,3.71566666,41.129798,-114.532752,city,
67137,67137,PILOT TRAVEL CENTERS #485,"I-80, EXIT 173",Winnemucca,NV,966,3.77066666,40.966418,-117.746693,city,
67138,67138,Kum N Go #0561,US-65 & SR-744,Springfield,MO,535,2.899,37.21533,-93.29824,city,
67139,67139,LOVES TRAVEL STOP #383,I-71 EXIT 55 & SR-1039,Sparta,KY,415,3.749,38.725582,-84.881334,city,
67140,67140,Maverik Country Store #5069,I-35 EXIT 133,Ellsworth,IA,320,3.09566666,42.30086,-93.548979,city,
67141,67141,KUM & GO #0022,"I-80, EXIT 182 & SR-146",Grinnell,IA,320,3.19733333,41.742081,-92.734432,city,
67143,67143,ALL AMERICAN STORES #7,US-30,Fort Wayne,IN,370,3.559,41.1306,-85.12886,city,
67149,67149,HOOPS TRAVEL CENTER,I-39 & SR-21,Coloma,WI,395,3.18233333,44.027462,-89.494332,city,
67150,67150,Maverik Country Store #5119,"US-30, EXIT 150",Ames,IA,320,3.08233333,42.03471,-93.61994,city,
67151,67151,CASEYS #2523,"SR-163, EXIT 29 & SR-14",Monroe,IA,320,3.199,41.535619,-93.072551,city,
67155,67155,PILOT TRAVEL CENTER #1219,"I-70, EXIT 61",Vandalia,IL,540,3.699,38.94391,-89.104116,city,
67158,67158,GOLDEN GATE AUTO TRUCK PLAZA,"I-80 , EXIT 32",Sparks,NV,966,3.539,39.53491,-119.75269,city,
67160,67160,LOVES TRAVEL STOPS #378,"I-77, EXIT 132",Ripley,WV,44,3.605,38.809042,-81.701987,city,
67162,67162,PILOT TRAVEL CENTERS #495,"I-80 , EXIT 201",Brooklyn,IA,380,3.74233333,41.732147,-92.428462,city,
67163,67163,LOVES TRAVEL STOP #358,"I-78, EXIT 23",Hamburg,PA,208,3.85733333,40.548799,-75.987361,city,
67164,67164,FLYING J TRAVEL PLAZA #510,"I-15 , EXIT 188",Scipio,UT,835,3.689,39.245,-112.103333,city,
67165,67165,SOMERSET TRAVEL CENTER,"I-76 , EXIT 110",Somerset,PA,14,4.219,40.024813,-79.080814,city,
67166,67166,Circle K #4705726,US-33,Carroll,OH,315,3.24566666,39.795743,-82.708358,city,
67167,67167,LOVES TRAVEL STOP #372,"I-84, EXIT 374",Ontario,OR,982,3.689,44.04156,-116.978268,city,
67168,67168,LOVES TRAVEL STOPS #455,"I-70, EXIT 145",Ellis,KS,525,3.656,38.947128,-99.52851,city,
67169,67169,JD ORANGEBURG,US-301/US-601/SR-4,Orangeburg,SC,135,3.34233333,33.502545,-80.859282,city,
67170,67170,FAST TRACK #410,"I-10, EXIT 258",Madison,FL,20,3.749,30.480209,-83.406678,city,
67174,67174,KWIK STAR #419,"US-218, EXIT 218",Charles City,IA,433,3.539,43.068327,-92.676062,city,
67175,67175,KWIK STAR #428,SR-9,Cresco,IA,515,3.524,43.363007,-92.125954,city,
67178,67178,KWIK STAR #701,US-63,Denver,IA,565,3.499,42.673137,-92.341701,city,
67182,67182,KWIK STAR #817,US-52 & SR-24,Calmar,IA,565,3.579,43.197402,-91.912579,city,
67185,67185,KWIK TRIP #385,SR-19/SR-3,Northfield,MN,451,3.499,44.4583,-93.1616,city,
67186,67186,KWIK TRIP #424,SR-15 & CR-26,Fairmont,MN,425,3.399,43.637592,-94.45095,city,
67192,67192,KWIK TRIP #464,US-63,Rochester,MN,515,3.54066666,44.02163,-92.4699,city,
67193,67193,KWIK TRIP #609,SR-16 & SR-43,Rushford,MN,515,3.499,43.821626,-91.75365,city,
67195,67195,KWIK TRIP #646,US-169 & CR-53,Blue Earth,MN,425,3.324,43.639426,-94.092379,city,
67196,67196,KWIK TRIP #753,US-14 & SR-42,Eyota,MN,515,3.61566666,44.004294,-92.244068,city,
67200,67200,KWIK TRIP #319,SR-13,Spencer,WI,395,3.47566666,44.739148,-90.311406,city,
67202,67202,KWIK TRIP #328,US-53 & SR-95,Blair,WI,295,3.23733333,44.296843,-91.223501,city,
67204,67204,KWIK TRIP #337,SR-65,New Richmond,WI,451,3.499,45.159819,-92.551333,city,
67206,67206,KWIK TRIP #352,US-53,Chippewa Falls,WI,295,3.40733333,44.932202,-91.384376,city,
67207,67207,KWIK TRIP #354,SR-26,Watertown,WI,420,3.37233333,43.19472,-88.72899,city,
67208,67208,KWIK TRIP #363,US-14 & CR-O,Richland Center,WI,420,3.389,43.362714,-90.391378,city,
67209,67209,KWIK TRIP #386,SR-64,Merrill,WI,395,3.499,45.180924,-89.690696,city,
67211,67211,KWIK TRIP #392,SR-49/SR-23,Ripon,WI,582,3.39066666,43.845402,-88.842433,city,
67219,67219,KWIK TRIP #455,US-8 & SR-27,Ladysmith,WI,295,3.27233333,45.471941,-91.108804,city,
67220,67220,KWIK TRIP #456,"US-18/151, EXIT 79 & CR-PB",Verona,WI,420,3.579,42.999913,-89.552247,city,
67221,67221,KWIK TRIP #457,"I-41/US-41, EXIT 116 & SR-44/SR-91",Oshkosh,WI,582,3.29066666,44.02471,-88.54261,city,
67223,67223,KWIK TRIP #476,"US-53, EXIT 140",Rice Lake,WI,295,3.43233333,45.510466,-91.733544,city,
67226,67226,KWIK TRIP #494,US-53 & SR-35,Onalaska,WI,515,3.33566666,43.88441,-91.23514,city,
67229,67229,KWIK TRIP #740,SR-15,Hortonville,WI,582,3.509,44.327306,-88.62813,city,
67230,67230,KWIK TRIP #750,US-14/US-61/SR-35,La Crosse,WI,515,3.299,43.80136,-91.23958,city,
67233,67233,KWIK TRIP #807,US-10,Brillion,WI,582,3.36566666,44.17792,-88.083337,city,
67234,67234,KWIK TRIP #847,SR-33 & SR-82/SR-80,Wonewoc,WI,395,3.499,43.62848,-90.239357,city,
67235,67235,FLYING J TRAVEL PLAZA #507,I-35,Jarrell,TX,765,3.22066666,30.748406,-97.600833,city,
67237,67237,OUTPOST TRAVEL CENTER,US-79 & CR-111,Minden,LA,745,3.13233333,32.632281,-93.288587,city,
67239,67239,RELAY STATION,SR-1,Shreveport,LA,745,3.13233333,32.52515,-93.75018,city,
67241,67241,RELAY STATION 3,SR-175,Frierson,LA,745,3.259,32.244968,-93.691488,city,
67242,67242,SPEEDWAY #6940,"I-77, EXIT 85 & SR-268",Elkin,NC,65,2.859,36.28723,-80.855365,city,
67243,67243,LOVES TRAVEL STOP #386,"I-40, EXIT 9 & SR-95",Lake Havasu City,AZ,910,3.92233333,34.4839,-114.32245,city,
67245,67245,SPEEDWAY #4582,US-378,Conway,SC,205,3.089,33.836,-79.04781,city,
67246,67246,SPEEDWAY #7941,US-17 & SR-24,Jacksonville,NC,245,3.32566666,34.75405,-77.43024,city,
67247,67247,CIRCLE K #4707512,"I-93, EXIT 47",Methuen,MA,170,3.799,42.7262,-71.19089,city,
67248,67248,SPEEDWAY #6962,"I-40, EXIT 303",Garner,NC,177,2.92066666,35.71126,-78.61417,city,
67255,67255,LOVES TRAVEL STOP #393,"I-55, EXIT 13",Mccomb,MS,620,3.239,31.221594,-90.432449,city,
67262,67262,PILOT TRAVEL CENTERS #497,"I-20, EXIT 165",Lincoln,AL,615,3.154,33.605913,-86.111152,city,
67264,67264,CIRCLE K #4707016,US-1,Princeton,ME,170,3.88233333,45.213091,-67.600826,city,
67265,67265,CIRCLE K #4707048,US-2,Lincoln,ME,170,3.73233333,45.350832,-68.507693,city,
67269,67269,ONVO TRAVEL PLAZA - GOULDSBORO,"I-380, EXIT 13 & SR-507",Gouldsboro,PA,200,3.58566666,41.2448,-75.503653,city,
67271,67271,KWIK TRIP #330,US-169 & SR-25,Belle Plaine,MN,451,3.379,44.613852,-93.760394,city,
67272,67272,PILOT TRAVEL CENTER #922- TOWN PUMP,US-2 & SR-40,Columbia Falls,MT,820,3.649,48.353394,-114.178394,city,
67273,67273,LOVES TRAVEL STOP #396,I-26 EXIT 76,Newberry,SC,30,3.41566666,34.284661,-81.615741,city,
67274,67274,KWIK STAR #790,"US-20, EXIT 275 & SR-13",Manchester,IA,335,3.56233333,42.483418,-91.449001,city,
67275,67275,KWIK TRIP #481,US-61,Red Wing,MN,451,3.324,44.56247,-92.5338,city,
67279,67279,LOVES TRAVEL STOP #391,"I-74, EXIT 123",Saint Paul,IN,375,3.989,39.427747,-85.599374,city,
67281,67281,PARKERS SURRENCY #208,US-341/SR-27 & SR-121,Surrency,GA,195,3.58566666,31.648931,-82.198218,city,
67282,67282,RUTTERS #65,"I-81, EXIT 14 & US-11",Chambersburg,PA,70,4.399,39.93759,-77.6611,city,
67283,67283,PILOT #4597,"I-40, EXIT 258/SR-53",Gordonsville,TN,460,3.24566666,36.184317,-86.000818,city,
67284,67284,LOVES TRAVEL STOP #390,"I-80, EXIT 179",North Platte,NE,475,3.45566666,41.12389,-100.76542,city,
67285,67285,CASEY'S #4504,"I-35, EXIT 159 & CR-C47",Dows,IA,433,3.299,42.661026,-93.505801,city,
67292,67292,LOVES TRAVEL STOP #304,"I-59, EXIT 174",Steele,AL,615,3.989,33.941679,-86.228929,city,
67293,67293,KWIK TRIP #367,SR-33/CR-A,Fox Lake,WI,582,3.24566666,43.581507,-88.904081,city,
67294,67294,MAPLEFIELDS,"I-87, EXIT 42/SR-11",Champlain,NY,300,3.799,44.977292,-73.446603,city,
67296,67296,LOVES TRAVEL STOP #340,"I-15, EXIT 64 & US-93",Las Vegas,NV,910,3.689,36.17497,-115.13722,city,
67297,67297,BAR-B,I-20 EXIT 370 & FM-919,Gordon,TX,637,2.93233333,32.547828,-98.363211,city,
67298,67298,SPEEDWAY #5360,US-42,London,OH,315,3.099,39.900074,-83.443899,city,
67302,67302,KUM & GO #0187,"I-90, EXIT 87",Sherburn,MN,440,3.18733333,43.661089,-94.726877,city,
67303,67303,KUM & GO #0615,"I-29, EXIT 15",Elk Point,SD,527,3.07233333,42.738219,-96.686954,city,
67304,67304,JACKRABBIT JUNCTION,"SR-60, EXIT 51 & CR-A22",Sibley,IA,521,3.26566666,43.406929,-95.7424,city,
67305,67305,RELAY STATION,"I-20, EXIT 3",Bethany,LA,745,3.12233333,32.366179,-94.003394,city,
67306,67306,150 QUICK STOP,US-150/SR-605,Bardstown,KY,415,3.17233333,37.80835,-85.461343,city,
67307,67307,CMS FUELING CENTER,I-69 EXIT 153 AT MILE 153,Lapeer,MI,342,3.899,43.057879,-83.333153,city,
67308,67308,FUEL STAR,SR-48,New Orleans,LA,619,3.279,29.95465,-90.07507,city,
67311,67311,HOLIDAY STATIONSTORE #2746409,US-53 & CR-13,Duluth,MN,334,3.499,46.78327,-92.10658,city,
67312,67312,RHODES 101 STOP #790,"I-55, EXIT 91",Scott City,MO,275,3.424,37.20771,-89.518081,city,
67313,67313,Majors 660 Diboll Truck Plaza,US-59,Diboll,TX,610,2.83233333,31.195028,-94.772911,city,
67316,67316,LOVES TRAVEL STOP #302,US-287 & US-412,Boise City,OK,585,3.40233333,36.728328,-102.535519,city,
67321,67321,LOVES TRAVEL STOP #388,"I-55, EXIT 246 & SR-35",Batesville,MS,655,3.46066666,34.331651,-89.91418,city,
67322,67322,LOVES TRAVEL STOP #398,"US-78, EXIT 81 & SR-178",Tupelo,MS,435,3.88233333,34.25807,-88.70464,city,
67323,67323,PUMP & PANTRY #13,US-281/SR-92,Saint Paul,NE,330,3.30733333,41.224212,-98.443987,city,
67325,67325,LOVES TRAVEL STOP #225,"I-65, EXIT 93 & US-84",Evergreen,AL,720,3.339,,,,
67329,67329,LOVES TRAVEL STOP #387,"I-85, EXIT 4",Fair Play,SC,16,3.21233333,34.577548,-82.999874,city,
67331,67331,LOVES TRAVEL STOP #227,"I-20 /I-59, EXIT 100 & SR-216",Mc Calla,AL,615,3.159,33.284546,-87.102379,city,
67333,67333,PILOT #880,"I-84, EXIT 1",Montague,NJ,105,3.999,41.302259,-74.753956,city,
67334,67334,KWIK TRIP #338,US-51,Plover,WI,395,3.299,44.450673,-89.542805,city,
67335,67335,TOP STOP MARKET,"I-24, EXIT 111",Manchester,TN,285,3.01566666,35.481667,-86.088611,city,
67336,67336,LOVES TRAVEL STOPS #342,"I-37, EXIT 72 & US-281",Three Rivers,TX,740,3.129,28.475646,-98.178162,city,
67337,67337,KWIK TRIP #422,"I-94, EXIT 322",Oak Creek,WI,444,3.744,42.88585,-87.86314,city,
67338,67338,HUTCH'S #114,US-81,Enid,OK,337,2.999,36.39559,-97.87839,city,
67340,67340,MCCLURE,I-74 EXIT 34,Crawfordsville,IN,375,3.61566666,40.04115,-86.87445,city,
67341,67341,CASEYS #3898,"US-151, EXIT 49 & CR-E34",Anamosa,IA,380,3.359,42.107763,-91.285115,city,
67342,67342,One9 #1414,"I-81, EXIT 128",Elliston,VA,185,3.24233333,37.212651,-80.249658,city,
67343,67343,EAGLE EXPRESS,US-41,Peshtigo,WI,360,3.399,45.045778,-87.729795,city,
67344,67344,DODGE CITY SHELL,"I-65, EXIT 299",Hanceville,AL,615,3.95233333,34.051569,-86.784844,city,
67345,67345,STEELE SERVICE STATION,"I-59, EXIT 174",Steele,AL,587,3.889,33.941679,-86.228929,city,
67348,67348,LOVES TRAVEL STOP #389,I-90 EXIT 241,Conneaut,OH,305,3.849,41.934479,-80.580257,city,
67350,67350,DE PERE SUPER STORE,US-41,De Pere,WI,360,3.25566666,44.44888,-88.06038,city,
67356,67356,PRIDE CONVENIENCE STORE,"I-91, EXIT 8 & US-20",Springfield,MA,100,3.559,42.10148,-72.58981,city,
67357,67357,LOVES TRAVEL STOP #353,"I-29, EXIT 62",Fargo,ND,341,3.52566666,46.87719,-96.7898,city,
67358,67358,KWIK TRIP #453,SR-35/SR-65,River Falls,WI,451,3.44733333,44.86136,-92.62381,city,
67359,67359,SAGE HILL TRAVEL CENTER,"I-15, EXIT 89 & US-91",Blackfoot,ID,825,3.569,43.194327,-112.361545,city,
67360,67360,BP,"I-95/SR-405, EXIT 49 & SR-251",Darien,GA,195,3.539,31.382574,-81.431175,city,
67361,67361,SUMNER TRUCK STOP,SR-167,Sumner,WA,977,4.299,47.203333,-122.239167,city,
67362,67362,TA Glenrio,"I-40, Exit 369 & SR-392",San Jon,NM,585,3.899,35.119848,-103.284599,city,
67364,67364,KWIK TRIP #373,"I-94, EXIT 295",Waukesha,WI,444,3.45733333,43.01168,-88.23148,city,
67365,67365,KWIK TRIP #491,US-151,Manitowoc,WI,582,3.38233333,44.08861,-87.65758,city,
67366,67366,KWIK TRIP #499,"I-43, EXIT 57",New Berlin,WI,444,3.49066666,42.9764,-88.10842,city,
67367,67367,KWIK TRIP #757,US-14/US-61/SR-27,Viroqua,WI,515,3.359,43.54419,-90.893865,city,
67368,67368,KWIK TRIP #653,"I-39, EXIT 87 & US-51/SR-16",Portage,WI,420,3.274,43.550145,-89.47139,city,
67369,67369,KENOSHA TRAVEL PLAZA,"I-94, EXIT 340/US-41 & SR-142",Kenosha,WI,444,3.719,42.58474,-87.82119,city,
67370,67370,CIRCLE M #43,US-441/US-23/SR-15,Rabun Gap,GA,30,3.549,34.957552,-83.390122,city,
67371,67371,PARAMOUNT TRAVEL PLAZA,"I-30, EXIT 46 & SR-19",Prescott,AR,635,3.379,33.804029,-93.372544,city,
67380,67380,MILLERS TRAVEL CENTER,"I-80, EXIT 1",Wendover,UT,835,3.599,40.597396,-113.993573,city,
67381,67381,ENMARKET #875,US-78 & US-21,Branchville,SC,195,3.26566666,33.262802,-80.805931,city,
67382,67382,CORNER PANTRY TRAVEL PLAZA,SR-79 & SR-40,Hermosa,SD,506,3.299,43.818845,-103.20596,city,
67383,67383,FRIENDSHIP FOOD MART #96,SR-101/SR- 2,Sandusky,OH,550,3.529,41.44894,-82.70796,city,
67391,67391,SHOEMAKERS SHELL TRAVEL CENTER,I-80 EXIT 395 AT MILE 395,Lincoln,NE,413,3.349,40.8,-96.66696,city,
67393,67393,LOVES TRAVEL STOP #280,"I-10, EXIT 114",Buckeye,AZ,930,3.569,33.37032,-112.58378,city,
67394,67394,Circle K #2745133,US-23 & SR-38,Waycross,GA,75,3.399,31.219686,-82.364512,city,
67395,67395,KUM & GO #0267,"I-80, EXIT 267 & SR 38",Tipton,IA,380,2.98233333,41.756276,-91.136163,city,
67396,67396,Q C MART,US-61 & CR-E63,Welton,IA,270,3.699,41.907472,-90.606785,city,
67397,67397,EXPRESS LANE #51,I-80 EXIT 93 ROUTE 71,Ottawa,IL,290,3.749,41.34559,-88.84258,city,
67398,67398,CASEYS #3998,SR-13 & HWY-C,Lowry City,MO,400,3.249,38.140443,-93.711352,city,
67400,67400,SPEEDWAY #3547,I-75 & 696,Lima,OH,411,3.499,40.74255,-84.10523,city,
67401,67401,QUIKTRIP #973,"I-45, EXIT 272",Hutchins,TX,630,2.88233333,32.639586,-96.707021,city,
67402,67402,TA EXPRESS HOT SPRINGS,US-395/US-18 & SR-79,Hot Springs,SD,506,3.299,43.422308,-103.476555,city,
67404,67404,Meskwaki Travel Plaza,HIGHWAY 30 E,Tama,IA,486,3.234,41.961642,-92.580049,city,
67405,67405,ANTELOPE TRUCK STOP,"I-80, EXIT 386",Burns,WY,795,3.199,41.200297,-104.315521,city,
67406,67406,GETGO #3701,"I-99, EXIT 23",East Freedom,PA,14,4.099,40.328197,-78.447519,city,
67408,67408,STOCKTON TRAVEL CENTER,US-20/SR-78,Stockton,IL,520,3.599,42.349224,-90.020185,city,
67409,67409,XTRA MART #7025,SR-146,Sutton,MA,175,3.649,42.140586,-71.748416,city,
67410,67410,STRIPES #40532,US-83 & US-277,Carrizo Springs,TX,740,3.349,28.52779,-99.863513,city,
67411,67411,LOVES TRAVEL STOP #226,"I-25, EXIT 104",Pueblo,CO,803,3.619,38.25445,-104.60914,city,
67414,67414,PILOT TRAVEL CENTERS #590,"I-94, EXIT 100",Alexandria,MN,250,3.46566666,45.881747,-95.381994,city,
67416,67416,CASEYS #4025,US-61/SR-92,Muscatine,IA,380,3.299,41.42447,-91.04321,city,
67417,67417,QUIKTRIP #444,"I-10 EXIT, 139",Phoenix,AZ,930,3.369,33.44838,-112.07404,city,
67418,67418,KUM & GO #0080,"US-218/SR-27, EXIT 80 & SR-22",Riverside,IA,380,3.09733333,41.475792,-91.57414,city,
67419,67419,LOVES TRAVEL STOP #359,"I-75, EXIT 283",Cartersville,GA,18,3.55566666,34.16533,-84.80231,city,
67420,67420,LOVES TRAVEL STOP #369,I-40 EXIT 163 & SR-48,Dickson,TN,460,3.17566666,36.077,-87.38779,city,
67421,67421,LOVES TRAVEL STOP #375,US-79/SR-6 & FM-485,Hearne,TX,670,3.489,30.86686,-96.584256,city,
67422,67422,KUM & GO #0137,"I-80, EXIT 237",Tiffin,IA,380,3.099,41.705833,-91.662778,city,
67423,67423,FIRELAKE GRAND TRAVEL PLAZA,"I-40, EXIT 178 & SR-102",Shawnee,OK,483,2.899,35.32729,-96.9253,city,
67424,67424,FLORIDA 595 TRUCK STOP,"I-595/SR-84, EXIT 9 & US-441",Fort Lauderdale,FL,64,3.769,26.12231,-80.14338,city,
67425,67425,LITTLEFIELD EXPRESS #15,"US-67, EXIT 55 & SR-258",Bald Knob,AR,695,3.309,35.311331,-91.550197,city,
67426,67426,Spearville Truck Stop,"I-56, 126 RD",Spearville,KS,570,3.46566666,37.823473,-99.737041,city,
67427,67427,CASEYS #2907,I-57 & I-62,Charleston,MO,275,3.044,36.921341,-89.334207,city,
67428,67428,CONOCO,"I-95, EXIT 12",Carteret,NJ,79,3.499,40.57733,-74.2282,city,
67429,67429,7-ELEVEN #40396,"NJTP, EXIT 8A",Monroe Township,NJ,115,3.559,40.342475,-74.433568,city,
67431,67431,SPARKYS ONE STOP #32,I-30 & CR 33,Carroll,IA,320,3.23233333,42.071972,-94.866664,city,
67432,67432,PILOT TRAVEL CENTERS #471,US-27 & US-17,Haines City,FL,140,3.564,28.1145,-81.62009,city,
67434,67434,SHELL FOOD MART,"I-35, EXIT 54",Cameron,MO,400,2.99066666,39.730892,-94.243723,city,
67435,67435,7 ELEVEN #40122,I-95 MM2,Newark,DE,160,3.459,39.68372,-75.74966,city,
67436,67436,7-ELEVEN #40069,"I-81, EXIT 29",Shippensburg,PA,70,3.42233333,40.051359,-77.519477,city,
67437,67437,CANDIA FIRST STOP,"SR-101, EXIT 3",Candia,NH,170,3.899,43.058514,-71.304857,city,
67438,67438,LOVES TRAVEL STOPS #363,"I-75, EXIT 358 & SR-326",Ocala,FL,225,3.341,29.1872,-82.14009,city,
67439,67439,LOVES TRAVEL STOPS #380,US-287/SR-114,Rhome,TX,630,3.125,33.054045,-97.481688,city,
67440,67440,PILOT TRAVEL CENTERS #503,"I-79, EXIT 146 & CR-77",Morgantown,WV,165,4.059,39.62953,-79.9559,city,
67442,67442,PILOT #4598,I-75 EXIT 56,Niota,TN,285,3.599,35.581924,-84.57215,city,
67443,67443,PILOT #4599,"I-24, EXIT 135",Monteagle,TN,285,3.33566666,35.240172,-85.822795,city,
67612,67612,FLYING J TRAVEL PLAZA #914- TOWN PUMP,"I-90, EXIT 96 & US-93/SR-200",Missoula,MT,820,3.609,46.87215,-113.994,city,
67613,67613,KWIK STAR #490,"US-20, EXIT 225 & SR-27/SR-58",Cedar Falls,IA,565,3.524,42.52776,-92.44547,city,
67614,67614,KWIK TRIP #622,US-14 & CR-5,Byron,MN,515,3.574,44.037333,-92.630753,city,
67615,67615,KWIK TRIP #844,US-63,Lake City,MN,515,3.549,44.430493,-92.283778,city,
67616,67616,KWIK TRIP #887,"US-41, EXIT 139 & SR-15",Appleton,WI,582,3.30233333,44.26193,-88.41538,city,
67617,67617,Twice Daily Convenience Store #8046,"I-24, EXIT 31 & SR-249",Joelton,TN,460,3.349,36.328974,-86.916306,city,
67618,67618,7-ELEVEN #40441,I-80 MM 21E,West Unity,OH,550,3.66233333,41.575645,-84.442066,city,
67619,67619,7-ELEVEN #40442,"I-80, MM 21W",West Unity,OH,550,3.66233333,41.575645,-84.442066,city,
67620,67620,LOVES TRAVEL STOP #452,"I-35, EXIT 70",Pauls Valley,OK,253,3.649,34.738506,-97.219501,city,
67621,67621,FLYING J TRAVEL PLAZA #925- TOWN PUMP,"I-15, EXIT 277",Great Falls,MT,815,3.63566666,47.50024,-111.30081,city,
67622,67622,LOVES TRAVEL STOP #454,"I-5/US-12, EXIT 72",Chehalis,WA,977,4.589,46.638193,-122.965764,city,
67623,67623,LOVES TRAVEL STOP #301,"I-90, EXIT 2",Post Falls,ID,970,3.74566666,47.71796,-116.95159,city,
67624,67624,LOVES TRAVEL STOP #300,I-70 EXIT 304,Bennett,CO,800,3.32566666,39.725398,-104.427284,city,
67625,67625,LOVES TRAVEL STOPS #453,"I-10, EXIT 130 & US-231",Cottondale,FL,20,3.571,30.800359,-85.384672,city,
67626,67626,KWIK TRIP #316,SR-15 N/SR-22 E,Hutchinson,MN,451,3.279,44.894554,-94.384691,city,
67627,67627,PILOT TRAVEL CENTER #4556,"I-75, EXIT 329",Wildwood,FL,225,3.27233333,28.845353,-82.03473,city,
67628,67628,LOVES TRAVEL STOP #394,"I-65,EXIT 230",Demotte,IN,365,3.51233333,41.171319,-87.249129,city,
67629,67629,KWIK TRIP #681,"I-94, EXIT 205",Saint Michael,MN,451,3.29733333,45.20996,-93.66496,city,
67630,67630,KWIK TRIP #630,US-151/SR-32/SR-57,Chilton,WI,582,3.36566666,44.024242,-88.182689,city,
67634,67634,54 TRUCK STOP,US-54,Mullinville,KS,357,3.46566666,37.571608,-99.46388,city,
67635,67635,LOVES TRAVEL STOP #456,I-280 EXIT 1B,Perrysburg,OH,550,3.76066666,41.557,-83.62716,city,
67636,67636,LOVES TRAVEL STOPS #258,"I-35, EXIT 183",Ottawa,KS,336,3.251,38.614247,-95.274519,city,
67637,67637,Power Gas & Truck Stop,US-1/US-9/US-46 & SR-5,Palisades Park,NJ,115,3.219,40.84816,-73.99764,city,
67641,67641,DANIEL BOONE TRAVEL CENTER,US-23 /US-421/US-58 & SR-871,Duffield,VA,405,3.55733333,36.704402,-82.80651,city,
67642,67642,GO MART FOOD STORE #103,SR-16 & CR 50/39,Ellenboro,WV,44,3.699,39.282364,-81.060382,city,
67643,67643,QUALITY MART #62,I-77 EXIT 82,Jonesville,NC,65,2.859,36.228571,-80.787029,city,
67644,67644,PARKERS #31 (DISCOUNT AVAILABLE),US-80/SR-26 & US-280,Ellabell,GA,195,3.03233333,32.127304,-81.498302,city,
67645,67645,CIRCLE K #2721416,US-441 & SR-20,Gainesville,FL,75,3.899,29.65163,-82.32483,city,
67647,67647,BUCHS TRUCK STOP,SR-7,Steubenville,OH,542,3.69233333,40.36979,-80.63396,city,
67650,67650,VIRGINIA FAST STOP,SR-78 & SR-125,Virginia,IL,318,3.759,39.945475,-90.212681,city,
67651,67651,SIMMONS,US-60/SR-21,Ellsinore,MO,275,3.424,36.945263,-90.74853,city,
67652,67652,ON THE GO TRAVEL CENTER,"I-435, EXIT 8",Kansas City,KS,400,3.999,39.11417,-94.62746,city,
67655,67655,CIRCLE K #2706627,"I-10, EXIT 261",Slidell,LA,725,3.189,30.27519,-89.78117,city,
67656,67656,KWIK TRIP #888,US-10/US-49 & SR-54,Waupaca,WI,395,3.45733333,44.348101,-89.110143,city,
67657,67657,KWIK TRIP #463,US-52/SR-60,Zumbrota,MN,515,3.524,44.303179,-92.671863,city,
67658,67658,MIRABITO #41,I-81 EXIT 13,Tully,NY,12,4.299,42.806977,-76.13936,city,
67664,67664,CEFCO #16,SR-171,Godley,TX,637,2.98233333,32.428174,-97.534865,city,
67665,67665,ALL STAR,US-75 N,Sabetha,KS,553,3.499,39.89929,-95.811271,city,
67666,67666,5 STAR TRUCK STOP,"I-44, EXIT 137",Oklahoma City,OK,483,2.879,35.46756,-97.51643,city,
67668,67668,ADVENTURE TRUCK PLAZA,SR-3185 & SR-3107,Thibodaux,LA,623,3.399,29.799213,-90.809605,city,
67669,67669,CHEVRON DBA ONE9 #1271,SR-86,Thermal,CA,900,4.279,33.543418,-116.11584,city,
67676,67676,VALERO,"I-530/US-65, EXIT 34 & SR-365",White Hall,AR,695,3.16566666,34.257001,-92.089718,city,
67677,67677,BIGGAS TRUCK STOP,US-190/SR-6 & FM-2818,Bryan,TX,670,3.199,30.67436,-96.36996,city,
67678,67678,7-ELEVEN #40301,I-90/I-80,Genoa,OH,550,3.66233333,41.530005,-83.358984,city,
67682,67682,CASEYS #2739,1323 E MAIN ST,Beloit,KS,336,3.359,39.45446,-98.111714,city,
67683,67683,CASEYS #2734,"I-80, EXIT 222",Cozad,NE,330,3.03233333,40.861934,-99.992091,city,
67684,67684,CASEYS #2490,"I-35, EXIT 124 & US-69",Story City,IA,320,3.06233333,42.183487,-93.598811,city,
67685,67685,CASEYS #2792,"I-380/US-218, EXIT 13",Cedar Rapids,IA,380,3.499,42.00833,-91.64407,city,
67686,67686,CASEYS #2956,"I-315/US-81, EXIT 40",Hesston,KS,570,3.199,38.135951,-97.449458,city,
67690,67690,CEFCO #64,ST RT 14,Mexia,TX,765,3.099,31.678386,-96.495186,city,
67695,67695,MOREHEAD TRUCKSTOP,"I-64, EXIT 133 & SR- 801",Morehead,KY,255,3.599,38.199047,-83.443645,city,
67697,67697,FLORENCE TRAVEL PLAZA,"I-95, EXIT 150",Timmonsville,SC,42,3.999,34.101241,-79.937845,city,
67698,67698,FRONTIER TRAVEL CENTER,US-12 & US-85,Bowman,ND,807,3.53233333,46.173316,-103.401965,city,
67699,67699,GAP FARMS TRAVEL CENTER,"I-20, EXIT 69 & SR-151",Arcadia,LA,590,3.249,32.555643,-92.924529,city,
67701,67701,MARATHON,"I-94, EXIT 331",Casselton,ND,341,3.31566666,46.899195,-97.213821,city,
67702,67702,SPEEDWAY #6539,US-41/SR-45 & SR-52,Land O Lakes,FL,225,3.49566666,28.2682,-82.465,city,
67703,67703,SPEEDWAY #6880,CR-611,Clearwater,FL,225,3.37733333,27.96585,-82.8001,city,
67705,67705,CITGO,US-1,North Brunswick,NJ,115,3.18566666,40.453767,-74.482285,city,
67706,67706,SPEEDWAY #3495,US-1/9,Elizabeth,NJ,115,3.599,40.66399,-74.2107,city,
67707,67707,SPEEDWAY #3503,"I-95, EXIT 13 & I-278/US-1/US-9",Linden,NJ,115,3.429,40.62205,-74.24459,city,
67711,67711,HOUMA COTEAU TRAVEL PLAZA,I-90/SR-20,Houma,LA,725,3.06233333,29.59577,-90.71953,city,
67712,67712,CASEYS #3810,"I-29, EXIT 132 & US-14",Volga,SD,530,3.279,44.322354,-96.925148,city,
67715,67715,HUTCH'S #109,"I-40, EXIT 38",Elk City,OK,483,2.969,35.410359,-99.421086,city,
67716,67716,HWY 19 SCALE,"SR-19/I-35, EXIT 66",Gaylord,MN,425,3.46566666,44.546298,-94.195543,city,
67718,67718,SUNSTOP #622,SR-52 & SR-167,Hartford,AL,715,3.599,31.08598,-85.719204,city,
67720,67720,REFUEL #1046,"I-20, EXIT 116 & US-15",Bishopville,SC,42,3.309,34.224101,-80.274988,city,
67721,67721,J AND D COUNTRYSIDE MARTHON,SR-76 & SR-173,Poplar Grove,IL,520,3.499,42.359365,-88.842774,city,
67723,67723,JET FOOD STORE #80,US-221/SR-135 & SR-206,Douglas,GA,10,3.45733333,31.497287,-82.846468,city,
67724,67724,LOVES TRAVEL STOP #458,"I-44, EXIT 88",Strafford,MO,416,3.37233333,37.279718,-93.10663,city,
67726,67726,SPEEDWAY #7909,"US-264, EXIT 73",Greenville,NC,205,3.13233333,35.61266,-77.36635,city,
67727,67727,SPEEDWAY #7907,US-264 & SR-33,Greenville,NC,205,2.944,35.61266,-77.36635,city,
67728,67728,SPEEDWAY #7905,SR-43 & SR-118,Vanceboro,NC,205,3.37566666,35.306255,-77.171618,city,
67729,67729,SPEEDWAY #6981,US-301 BYP,Rocky Mount,NC,177,3.43233333,35.93821,-77.79053,city,
67732,67732,Quik Pik,US-275 & SR-9,West Point,NE,470,3.21566666,41.84503,-96.731763,city,
67734,67734,TROTTER TRUCK PLAZA,ST 11,Ord,NE,330,3.299,41.596187,-98.941783,city,
67735,67735,Fast Fuel,US-81/SR-3,Kingfisher,OK,483,3.19066666,35.863613,-97.947293,city,
67736,67736,SPEEDWAY #9855,I-10 EXIT 49,Fabens,TX,640,3.23566666,31.502222,-106.158056,city,
67738,67738,SUPER JACK TRUCK STOP,US-84,Brookhaven,MS,620,3.11566666,31.58581,-90.451995,city,
67739,67739,STRIPES #40819,SR-359,Orange Grove,TX,625,3.06566666,27.948659,-97.983835,city,
67742,67742,STRIPES 7FLEET #42514,"I-20, EXIT 138",Midland,TX,710,3.459,31.99735,-102.07791,city,
67743,67743,STRIPES 7FLEET #42506,US-380 & US-277,Haskell,TX,575,3.539,33.157993,-99.730923,city,
67744,67744,STRIPES #40715,SR-107,La Villa,TX,639,3.169,26.298333,-97.928333,city,
67745,67745,STRIPES #40628,"I-2, EXIT 134 & US-83",Mission,TX,639,3.259,26.21591,-98.32529,city,
67746,67746,STRIPES #40598,I-2/US-83,Mission,TX,639,2.869,26.21591,-98.32529,city,
67747,67747,STRIPES 7FLEET #42424,US-87/US-190,Brady,TX,740,3.599,31.128304,-99.3372,city,
67748,67748,STRIPES 7FLEET #42428,"I-20 EXIT, 115",Odessa,TX,710,3.069,31.84568,-102.36764,city,
67749,67749,STRIPES 7FLEET #42436,I-20 EXIT 134,Midland,TX,612,3.06566666,31.99735,-102.07791,city,
67750,67750,STRIPES #40729,FM-511 & FM-802,Brownsville,TX,598,2.999,25.90175,-97.49748,city,
67753,67753,STRIPES #40892,SR-359 & SR-16,Hebbronville,TX,625,3.28566666,27.2997,-98.682888,city,
67754,67754,Refuel #185,US-220,Stokesdale,NC,65,3.699,36.255217,-79.970528,city,
67755,67755,BLUE WATER #12,"I-526, EXIT 23",Charleston,SC,42,3.23233333,32.77657,-79.93092,city,
67757,67757,KEITH'S SUPERSTORE,"I-59, I-20, EXIT 160",Meridian,MS,705,3.049,32.36431,-88.70366,city,
67758,67758,CLARKS PUMP N SHOP #47,SR-10/SR-9,Vanceburg,KY,312,3.599,38.551511,-83.355448,city,
67762,67762,CEFCO #2008,US-83/US-62 & US-287,Childress,TX,770,2.91566666,34.428124,-100.21017,city,
67763,67763,SHELL,US-72,Mount Pleasant,MS,435,3.399,34.9364,-89.5321,city,
67764,67764,NINNEKAH TRUCK STOP,US-277/US-81 & SR-19,Ninnekah,OK,483,3.229,34.91435,-97.933277,city,
67766,67766,STOP IN Food Store #8143,US-221/US-460 & SR-607,Montvale,VA,185,3.36566666,37.40696,-79.717462,city,
67768,67768,SHELL,US-60 & SR-657,Lewisport,KY,487,3.499,37.909016,-86.895712,city,
67771,67771,DUCK THRU FOOD STORE #26,"I-95, EXIT 154 & SR-308 & SR-11/SR-42",Lewiston Woodville,NC,177,3.399,36.134416,-77.206631,city,
67772,67772,STEVES SHELL,"I-55, EXIT 42",Brookhaven,MS,620,3.199,31.58581,-90.451995,city,
67774,67774,7-ELEVEN #39329,I-278/US-1,Linden,NJ,79,3.37566666,40.62205,-74.24459,city,
67777,67777,CIRCLE K #2721270,"I-95, EXIT 358B, SR-105",Jacksonville,FL,75,3.34233333,30.33218,-81.65565,city,
67779,67779,REATA PETROLEUM,I-76 & BARLOW RD,Fort Morgan,CO,800,3.439,40.254084,-103.803119,city,
67782,67782,SAMS MART #45,"I-40, EXIT 24 & SR-209",Waynesville,NC,405,3.599,35.488611,-82.988889,city,
67783,67783,RUTTERS #4,US-30 & SR-1016/2011,Wrightsville,PA,70,3.989,39.996559,-76.526971,city,
67784,67784,HAVANA CONVENIENCE,US-136,Havana,IL,368,3.799,40.295995,-90.04952,city,
67787,67787,PWI #109,"I-20, EXIT 126",Midland,TX,710,2.999,31.99735,-102.07791,city,
67789,67789,BEAR RIVER VALLEY CO OP,SR-13/SR-83,Corinne,UT,835,3.419,41.544986,-112.151388,city,
67791,67791,KINGSPORT TRUCK STOP,"I-81, EXIT 63",Kingsport,TN,405,3.899,36.54843,-82.56182,city,
67792,67792,CUBBYS #113,US-20/US-275,Oneill,NE,470,3.22566666,42.485733,-98.645565,city,
67793,67793,PILOT TRAVEL CENTERS #131,"I-35, EXIT 34",Osceola,IA,320,3.449,41.029503,-93.771236,city,
67794,67794,ROAD RANGER #181,"I-55, EXIT 90",Springfield,IL,318,3.399,39.80172,-89.64371,city,
67795,67795,ROAD RANGER #263,"I-80, EXIT 93",Ottawa,IL,520,3.289,41.34559,-88.84258,city,
67797,67797,CHEVRON,US-71 & SR-179,Coushatta,LA,745,3.15566666,32.050099,-93.315644,city,
67798,67798,SUNSTOP #631,SR-231/SR-53 & SR-123,Ozark,AL,20,3.599,31.439069,-85.643629,city,
67801,67801,SUNOCO,"I-275, EXIT 42/SR-747",Cincinnati,OH,407,3.099,39.12711,-84.51439,city,
67804,67804,SUNSTOP #616,US-84/SR-134 & CR-1,Daleville,AL,20,3.399,31.281091,-85.730473,city,
67806,67806,84 QUICK STOP,I-84,Brookhaven,MS,620,3.149,31.58581,-90.451995,city,
67811,67811,QUICK FUEL #5301,SR-360,Grand Prairie,TX,637,3.024,32.74596,-96.99778,city,
67813,67813,LEROY TRUCK PLAZA,"I-74, EXIT 149",Le Roy,IL,280,3.479,40.346781,-88.759813,city,
67815,67815,LOVES TRAVEL STOP #254,"I-70, EXIT 59 & SR-39",Mooresville,IN,375,3.929,39.591469,-86.364173,city,
67818,67818,LOVES TRAVEL STOP #457,"I-30/US-67/US-70, EXIT 128",Little Rock,AR,695,3.24233333,34.74648,-92.28959,city,
67819,67819,BREW #31,US-71/US-18,Spencer,IA,440,3.46566666,43.145107,-95.14569,city,
67820,67820,CIRCLE K #2723487,US-17 & SR-211,Supply,NC,245,3.289,33.962504,-78.296089,city,
67821,67821,FAS MART #5261,SR-9 & SR-57,Tollesboro,KY,410,3.35233333,38.572332,-83.560458,city,
67822,67822,SPINX #178 (DISCOUNT AVAILABLE),"I-385, EXIT 42 & I-85, EXIT 51B & US-25",Travelers Rest,SC,210,3.19233333,35.003929,-82.427179,city,
67823,67823,FLASH MARKET #17032,"I-555/US-63, EXIT 29 & SR-69",Trumann,AR,435,3.40733333,35.668914,-90.518738,city,
67824,67824,CIRCLE K #2723641,US-231/SR-87/SR-10/SR-53 & CR-21,Troy,AL,720,3.799,31.80877,-85.96995,city,
67826,67826,VALLEN MART,US-14,Volga,SD,566,3.319,44.322354,-96.925148,city,
67827,67827,GAS N GO,US-280/SR-27 & SR-520,Richland,GA,10,3.199,32.084578,-84.666724,city,
67829,67829,KWIK TRIP #721,SR-19 & SR-73,Marshall,WI,420,3.49733333,43.163639,-89.075331,city,
67832,67832,Sprint Mart #45,US-278/US-45,Tupelo,MS,742,3.189,34.25807,-88.70464,city,
67833,67833,PETES #05,US-59 & US-400,Parsons,KS,307,3.299,37.338888,-95.269288,city,
67835,67835,CIRCLE K #2723782,"I-40, EXIT 38 & US-421",Greensboro,NC,65,3.08233333,36.07264,-79.79198,city,
67837,67837,PILOT TRAVEL CENTER #1054,US-183 & SR-21,Buda,TX,740,3.41566666,30.091758,-97.853422,city,
67839,67839,EL TIGRE FOOD STORE #13,SR-336,Hidalgo,TX,639,3.21566666,26.102832,-98.253641,city,
67841,67841,CIRCLE K #2723844,US-15/US-501/US-1,Sanford,NC,177,3.049,35.47988,-79.1803,city,
67842,67842,CIRCLE K #4707627,"I-81, EXIT 48",Watertown,NY,220,4.099,43.97478,-75.91076,city,
67844,67844,UNCLE WILLIES #1288,US-13,Felton,DE,243,3.219,39.022538,-75.582906,city,
67846,67846,CEDAR RIVER PLAZA,SR-35,Stephenson,MI,360,3.419,45.416594,-87.62579,city,
67847,67847,E Z PICKENS,"US-20, EXIT 275 & SR-13",Manchester,IA,335,3.579,42.483418,-91.449001,city,
67848,67848,JEMISON EXXON,"I-65, EXIT 219 & CR-42",Jemison,AL,615,3.299,32.980539,-86.718052,city,
67849,67849,KUM & GO #0379,US-412/ US-63 & SR-25,Black Rock,AR,435,3.199,36.114874,-91.117629,city,
67850,67850,SMILEYS FUEL CITY,"I-64/I-81, EXIT 205 & SR-206",Raphine,VA,185,3.539,37.937353,-79.221903,city,
67854,67854,CircleK #2709341,US-411,Chatsworth,GA,285,3.499,34.758929,-84.794293,city,
67855,67855,FAS MART #5262,"I-64, EXIT 94 & SR-1958/SR-2888",Winchester,KY,410,2.90733333,37.99008,-84.17965,city,
67859,67859,PILOT #1135,US-281,Falfurrias,TX,639,3.459,27.22416,-98.140844,city,
67860,67860,SHELL,"I-55, EXIT 227 & SR-32",Oakland,MS,435,2.999,34.075552,-89.887748,city,
67861,67861,CASEYS #4308,US-34,Chariton,IA,320,3.539,41.022638,-93.30419,city,
67862,67862,SUNOCO TRUCK STOP,"I-70, EXIT 123 & SR-3",Spiceland,IN,375,3.399,39.827078,-85.445043,city,
67865,67865,PILOT TRAVEL CENTERS #897,"I-95, EXIT 12B, INTERSECTION OF SR-826 & 817",Opa Locka,FL,95,3.699,25.909662,-80.247004,city,
67866,67866,QUICK DRAW TRAVEL PLAZA,"I-20, EXIT 49 & SR-531",Minden,LA,590,3.01233333,32.632281,-93.288587,city,
67868,67868,CHEVRON,SR-19,Huntsville,TX,670,2.979,30.72353,-95.55078,city,
67871,67871,BASIN MARKET #107,US-40,Vernal,UT,810,3.599,40.440613,-109.546883,city,
67872,67872,SMOKIES,US-45,Okolona,MS,576,3.099,33.989015,-88.759843,city,
67874,67874,RUTTERS #56,"I-83, EXIT 39A & SR-114",New Cumberland,PA,70,3.899,40.215105,-76.868909,city,
67875,67875,EXXON TIGER MART,"US-67/US-167, EXIT 28 & US-64",Beebe,AR,695,3.299,35.093743,-91.907449,city,
67876,67876,KUM & GO #0880,"US-412, EXIT 36",Stillwater,OK,560,2.954,36.11561,-97.05837,city,
67877,67877,CIRCLE K #4703701,I-24 EXIT 70,Smyrna,TN,460,3.03233333,35.98284,-86.5186,city,
67879,67879,Strike,US-287/96/69 & SR-347,Beaumont,TX,610,3.499,30.08605,-94.10185,city,
67883,67883,CASH MAGIC HOLLYWOOD,US-90,Berwick,LA,725,3.399,29.698786,-91.205662,city,
67884,67884,ROADRUNNER FUELS,US-550/SR-544,Aztec,NM,614,3.77566666,36.820499,-108.010982,city,
67886,67886,MAVERIK #5200,"I-70 BUSINESS, EXIT 25, CR-24",De Beque,CO,800,3.44233333,39.311764,-108.230405,city,
67887,67887,AIRLINE CHEVRON,US-61,Kenner,LA,725,3.099,29.99409,-90.24174,city,
67890,67890,KUM & GO #0449,US-60/US-71,Neosho,MO,535,3.05566666,36.870634,-94.386218,city,
67892,67892,TURRELL FUEL STOP,"I-55, EXIT 21",Turrell,AR,435,3.46566666,35.296936,-90.262979,city,
67894,67894,CIRCLE K #2705098,US-27 & SR-44,Leesburg,FL,140,3.57233333,28.81082,-81.87786,city,
67897,67897,KENT KWIK #273,SR-302 & SR-18,Kermit,TX,710,3.039,31.85496,-103.091269,city,
67900,67900,SPRINT FOODS #725,"I-520, EXIT 16/SR-28",Beech Island,SC,135,3.349,33.427222,-81.891111,city,
67906,67906,ON THE GO,SR-239,Prescott,KS,400,3.199,38.071802,-94.700841,city,
67908,67908,CIRCLE K #2744062,"I-25, EXIT 74",Colorado City,CO,796,3.349,37.945278,-104.834722,city,
67910,67910,G FUEL,US-40 & SR-140,Penns Grove,NJ,243,3.399,39.717938,-75.465623,city,
67917,67917,STRIPES 7FLEET #42510,"I-10, EXIT 256/US-285",Fort Stockton,TX,710,3.379,30.890785,-102.879942,city,
67918,67918,DELAWARE TRUCK STOP,"I-80, EXIT 4C/US-46",Delaware,NJ,90,3.079,40.892778,-75.065,city,
67922,67922,EXXON,"I-20, EXIT 44 & US-371 & US-80/US-79",Minden,LA,745,3.399,32.632281,-93.288587,city,
67923,67923,MONROE CENTER BP OASIS,"I-39, EXIT 111/US-51 & SR-72",Monroe Center,IL,520,3.599,42.10501,-89.016946,city,
67924,67924,KUM & GO #0026,"I-90, EXIT 26",Adrian,MN,440,3.19066666,43.619683,-95.927261,city,
67925,67925,CHEVRON,US-61,Baton Rouge,LA,600,3.899,30.44332,-91.18747,city,
67927,67927,STONES TRUCK STOP,"I-29, EXIT 77/US-212",Watertown,SD,566,3.38233333,44.89941,-97.11507,city,
67929,67929,Circle K,SR-574,Plant City,FL,225,3.32566666,28.01888,-82.11469,city,
67930,67930,CIRCLE K #2721426,US-98/SR-30A & SR-368,Panama City,FL,145,3.29066666,30.15946,-85.65983,city,
67931,67931,Forks 1&23,US-1/US-23/SR-4 & SR-19,Alma,GA,195,3.599,31.546525,-82.4633,city,
67932,67932,SPRINT MART #4144,US-82/US-45/SR-12 & SR-182,Columbus,MS,576,3.01566666,33.49567,-88.42726,city,
67933,67933,SUNOCO,SR-50 & SR-471,Webster,FL,140,3.33566666,28.577492,-82.092975,city,
67934,67934,WHISPERING PINES,SR-10,Greensburg,LA,600,3.099,30.864693,-90.725561,city,
67935,67935,CIRCLE K #2707610,"I-10, EXIT 26",Milton,FL,155,3.23233333,30.660413,-87.047278,city,
67938,67938,TEXACO,"I-84, EXIT 376",Tremonton,UT,835,3.45566666,41.701564,-112.181293,city,
67939,67939,DELTA FUEL,"I-80, EXIT 242 & SR-339",Mifflinville,PA,138,3.36566666,41.023473,-76.292396,city,
67940,67940,MARTIN GENERAL STORE,US-22,Ebensburg,PA,14,3.524,40.480105,-78.726294,city,
67941,67941,FIESTA MART #21,"I-40, EXIT 278",Warner,OK,560,3.639,35.494546,-95.306434,city,
67943,67943,LOVES TRAVEL STOP #459,"I-65, EXIT 133 & SR-267",Whitestown,IN,375,3.62233333,40.00002,-86.350716,city,
67949,67949,7-ELEVEN #36835,"I-85, EXIT 32",Pelzer,SC,30,3.18233333,34.646063,-82.467334,city,
67952,67952,CIRCLE K #2707682,"I-75, EXIT 164 & US-17/SR-35",Punta Gorda,FL,225,3.399,26.92978,-82.04537,city,
67957,67957,CITGO,US-27,Hialeah,FL,64,3.47233333,25.8576,-80.27811,city,
67965,67965,DIAMOND #7,"I-65, EXIT 69",Brewton,AL,715,3.399,31.118926,-87.067325,city,
67968,67968,WHITESBURG BP,US-27/SR-16,Whitesburg,GA,18,3.699,33.511093,-84.925426,city,
67974,67974,TALL TIMBERS TRUCKSTOP,"I-10, EXIT 23 & SR-108",Sulphur,LA,690,3.83233333,30.23659,-93.37738,city,
67976,67976,KWIK TRIP #587,US-141 & SR-22,Lena,WI,582,3.28233333,44.940494,-88.054308,city,
67977,67977,KUM & GO #4127,"I-29, EXIT 127",Sloan,IA,527,3.109,42.242726,-96.230634,city,
67994,67994,Pure,US-82/SR-520/SR-135,Willacoochee,GA,10,3.46566666,31.345481,-83.044931,city,
67997,67997,CIRCLE K #2745137,"I-75/SR-401, EXIT 149 & SR-49",Byron,GA,85,3.199,32.647384,-83.762244,city,
68002,68002,CO RETAIL VENTURE DB,US-34 & SR-59,Yuma,CO,800,3.449,40.130063,-102.707174,city,
68005,68005,WESSON,"I-84, EXIT 22, SR-8, EXIT 22",Waterbury,CT,100,4.179,41.55815,-73.0515,city,
68007,68007,Highland oil,US-412,Hardy,AR,435,3.269,36.322746,-91.411027,city,
68008,68008,FAST LANE #3,US-64 & US-49,Mc Crory,AR,435,3.399,35.247292,-91.179327,city,
68009,68009,CIRCLE K #2741779,"US-270, EXIT 2",Hot Springs National Park,AR,695,3.369,34.5317,-93.06377,city,
68012,68012,ROYAL FARMS #120,US-13/CR-16,Greenwood,DE,194,3.259,38.817519,-75.593547,city,
68016,68016,Chevron #386730,"I-10, EXIT 139",Phoenix,AZ,930,3.299,33.44838,-112.07404,city,
68017,68017,TEXACO,SR-89,Prescott,AZ,930,3.739,34.54002,-112.4685,city,
68019,68019,PAC PRIDE CARDLOCK,CR-25/CR-826,Miami,FL,95,3.479,25.77427,-80.19366,city,
68020,68020,EXXON,"I-10, EXIT 335/SR-121",Macclenny,FL,75,3.499,30.273671,-82.132475,city,
68026,68026,MINIT MART #600627,"I-57, EXIT 312",Kankakee,IL,399,3.449,41.12003,-87.86115,city,
68029,68029,MAPCO #3502,SR-151,Ringgold,GA,285,3.09233333,34.92052,-85.154908,city,
68030,68030,FIVE STAR EXPRESS,"I-520/SR-415, EXIT 16 & SR-28",Augusta,GA,135,3.499,33.47097,-81.97484,city,
68031,68031,ORCHARD STOP BP,US-30,Montgomery,IL,290,3.599,41.73058,-88.3459,city,
68033,68033,CIRCLE K #2703175,"I-520/SR-415, EXIT 9 & SR-56",Augusta,GA,135,3.28233333,33.47097,-81.97484,city,
68036,68036,MOBIL,"I-95, EXIT 60",Salisbury,MA,178,3.599,42.850678,-70.858822,city,
68040,68040,MISHAWAKA ROAD FLEET SITE,SR-19 & CR-20,Elkhart,IN,465,3.689,41.68199,-85.97667,city,
68043,68043,CARROLL MOTOR FUELS,US-40,Middle River,MD,22,3.139,39.33427,-76.43941,city,
68048,68048,CASEYS #3961,SR-3 & SR-143,Marcus,IA,527,3.299,42.819959,-95.803431,city,
68052,68052,CUBBYS #302,SR-39 & SR-175,Odebolt,IA,319,3.31566666,42.309514,-95.25005,city,
68053,68053,KJ TRAVEL CENTER,"US-20, EXIT 310",Idaho Falls,ID,825,3.40733333,43.46658,-112.03414,city,
68055,68055,Gallops,US-20,Michigan City,IN,370,3.399,41.70754,-86.89503,city,
68062,68062,FARMERS UNION OIL,US-83,Wilton,ND,390,3.899,47.170853,-100.794385,city,
68065,68065,Caseys #4450,US-160,Ulysses,KS,525,3.399,37.579174,-101.348846,city,
68067,68067,PUMP & PANTRY #2,US-30 & US-281,Grand Island,NE,330,3.30733333,40.92501,-98.34201,city,
68068,68068,ELGIN ONE STOP,SR-14 & SR-70,Elgin,NE,470,3.13733333,41.973239,-98.075082,city,
68070,68070,PAULS TRUCK STOP,US-171,Leesville,LA,690,3.449,31.144292,-93.223957,city,
68072,68072,FAMILY FARE #834 (DISCOUNT AVAILABLE),"US-131, EXIT 175",Byron Center,MI,371,3.739,42.801614,-85.713602,city,
68073,68073,BIG BATS 2,US-20,Chadron,NE,506,3.699,42.819268,-102.995331,city,
68076,68076,JENNINGS TRUCKSTOP,"I-10, EXIT 65",Jennings,LA,690,2.999,30.22011,-92.657405,city,
68079,68079,NORTH FORK TRUCK STOP,US-12/CR-103,White Pigeon,MI,465,3.579,41.792891,-85.67501,city,
68080,68080,SAMMYS TRUCK AUTO PLAZA,"I-49, EXIT 53",Bunkie,LA,730,3.399,30.949284,-92.182582,city,
68081,68081,SHELL,SR-308 & SR-654,Mathews,LA,725,3.459,29.681982,-90.494914,city,
68091,68091,ALLTOWN MARKETS,"SR-101, EXIT 2",Auburn,NH,178,3.799,42.992529,-71.344892,city,
68093,68093,MARATHON,US-223/CR-52,Adrian,MI,385,3.599,41.89755,-84.03717,city,
68095,68095,ALEXS MARKET AND GRILL,"I-75, EXIT 101",Holly,MI,342,4.699,42.790494,-83.612737,city,
68100,68100,REFINED MARKETERS,"I-96, EXIT 31A/US-131, EXIT 88",Grand Rapids,MI,344,3.739,42.96336,-85.66809,city,
68102,68102,SUNOCO,ST 17,Carlstadt,NJ,115,3.16233333,40.840298,-74.092498,city,
68107,68107,SPEEDWAY #4500,"I-35, EXIT 171/CR-11",Pine City,MN,451,3.549,45.832273,-92.982604,city,
68110,68110,CIRCLE K #4705573,SR-82,Grafton,OH,414,3.749,41.28537,-82.043098,city,
68112,68112,QUICK FUEL #3138,"I-35, EXIT 98/CR-26",Saint Paul,MN,448,3.61733333,44.94441,-93.09327,city,
68113,68113,CIRCLE K #4705571,ST 2,Holland,OH,550,3.549,41.622629,-83.725712,city,
68114,68114,BP,US-130,Burlington,NJ,230,3.14566666,40.068015,-74.845353,city,
68116,68116,Circle K #2746335,"I-35, EXIT 22",Minneapolis,MN,448,3.799,44.97997,-93.26384,city,
68122,68122,CENEX,SR-11/SR-310,Roseau,MN,449,3.499,48.826809,-95.756709,city,
68124,68124,CIRCLE K #4705587,SR-585 & SR-57,Rittman,OH,249,3.659,40.968381,-81.782599,city,
68129,68129,CULVERS HAWKINS,"US-59/I-29, EXIT 43",Saint Joseph,MO,400,3.199,39.76861,-94.84663,city,
68133,68133,CASEYS #4256,US-71/SR-175,Joplin,MO,416,3.069,37.08423,-94.51328,city,
68140,68140,CROSSROADS RATON TRUCK STOP,"I-25/US-85, EXIT 451 & US-87",Raton,NM,803,3.499,36.895187,-104.434881,city,
68147,68147,Regal Truck Stop,SR 30,New Albany,MS,435,3.249,34.485051,-89.003058,city,
68148,68148,CIRCLE K #2723389,US-49,Gulfport,MS,715,2.944,30.36742,-89.09282,city,
68151,68151,KUM & GO #0498,SR-125,Rogersville,MO,535,3.05233333,37.131047,-93.096449,city,
68154,68154,LOVES TRAVEL STOP #395,"I-57, EXIT 308",Kankakee,IL,290,3.449,41.12003,-87.86115,city,
68155,68155,SHEETZ #181,"I-80, EXIT 158 & SR-220",Bellefonte,PA,14,3.729,40.909377,-77.7642,city,
68156,68156,A PLUS MINI MARKET,"I-95, EXIT 26",Philadelphia,PA,160,3.999,39.95238,-75.16362,city,
68157,68157,RAJS MINI MART,US-1/SR-29,Morrisville,PA,230,3.899,40.212064,-74.822153,city,
68158,68158,SUNOCO,"I-78, EXIT 29A/SR-61",Shoemakersville,PA,90,3.639,40.495495,-75.960313,city,
68161,68161,KWIK FILL #390,SR-15 & TABER RD,Blossburg,PA,138,3.684,41.669771,-77.079711,city,
68165,68165,GOLDEN GATE Fallon,US-50,Fallon,NV,966,3.549,39.470254,-118.786112,city,
68167,68167,CIRCLE K #4707628,SR-90 & SR-5,Montezuma,NY,220,3.999,43.01,-76.703611,city,
68169,68169,GOLDEN GATE GOLDEN VALLEY,"US-395, EXIT 73",Reno,NV,966,3.949,39.52963,-119.8138,city,
68174,68174,MIRABITO #42,"I-81, EXIT 7",Castle Creek,NY,12,3.999,42.256805,-75.908746,city,
68177,68177,ONVO TRAVEL PLAZA - MIFFLINVILLE,"I-80, EXIT 242/CR-339",Mifflinville,PA,138,3.36566666,41.023473,-76.292396,city,
68178,68178,CIRCLE K #2723748,"I-20, EXIT 48",Pearl,MS,760,3.389,32.27459,-90.13203,city,
68179,68179,WEST PAK A POK,SR-8,Houston,MS,655,3.399,33.902554,-88.967005,city,
68180,68180,One9 #1374,"I-81, EXIT 143, SR-924",Hazleton,PA,200,3.86233333,40.95842,-75.97465,city,
68185,68185,CITGO,US-22/SR-72,Jonestown,PA,70,3.749,40.43607,-76.503842,city,
68188,68188,ONVO TRAVEL PLAZA - GIBSON,"I-81, EXIT 219 & SR-848",New Milford,PA,200,3.589,41.866409,-75.717113,city,
68189,68189,EAGLE EXXON,US-27/SR-29,Dayton,TN,285,3.399,35.500186,-85.013455,city,
68191,68191,MARTIN GENERAL STORE # 207,SR-865/I-99 EXIT 41,Altoona,PA,14,3.539,40.51868,-78.39474,city,
68196,68196,CATDADDY MARKET,SR-33,Tazewell,TN,405,3.299,36.471012,-83.555219,city,
68211,68211,CEFCO #2005,"I-40, EXIT 73",Amarillo,TX,585,2.869,35.222,-101.8313,city,
68212,68212,CIRCLE K #2723415,"I-26, EXIT 16",Spartanburg,SC,210,3.099,34.94957,-81.93205,city,
68213,68213,CADOO MILLS,"I-30/US-67, EXIT 87 & FM-1903",Caddo Mills,TX,253,2.80066666,33.068267,-96.239093,city,
68215,68215,COWBOY TRAVEL PLAZA,"I-10, EXIT 833",Hamshire,TX,610,2.899,29.866769,-94.318739,city,
68217,68217,CIRCLE K #2723881,US-701 & US-501,Conway,SC,46,3.184,33.836,-79.04781,city,
68225,68225,OASIS TRUCK STOP,US-60 & US-83,Canadian,TX,585,3.299,35.885906,-100.353875,city,
68227,68227,QUARLES #4914,"I-64 EXIT 297, US-13",Chesapeake,VA,130,3.52566666,36.81904,-76.27494,city,
68234,68234,CIRCLE K #2723705,"I-81, EXIT 80 & SR-121",Wytheville,VA,65,3.26566666,36.940669,-81.094082,city,
68235,68235,JOLLEY #113,"I-91, EXIT 28",Derby,VT,39,3.539,44.950182,-72.137555,city,
68236,68236,TEX BEST #506,"I-35, EXIT 84",Dilley,TX,747,3.099,28.678201,-99.174684,city,
68243,68243,PILOT EXPRESS #1173,"I-5, EXIT 135",Tacoma,WA,977,4.599,47.25288,-122.44429,city,
68245,68245,STRIPES #40705,US-77/SR-374,Combes,TX,665,2.91233333,26.248333,-97.733611,city,
68253,68253,KENT KWIK #262,"CR-18/I-20, EXIT 80",Monahans,TX,710,2.859,31.581294,-102.900273,city,
68256,68256,EXTRA MILE TRUCK STOP,I-30 EXIT 208,Hooks,TX,723,2.81733333,33.477542,-94.269188,city,
68257,68257,LOVES TRAVEL STOP #292,"I-55, EXIT 220",Dwight,IL,290,3.449,41.088701,-88.415884,city,
68258,68258,CIRCLE K #2741536,SR-83/CR-1015,Weslaco,TX,639,3.03566666,26.15952,-97.99084,city,
68260,68260,ALVARADO MARKET STATION,"I-35W, EXIT 26A & US-67",Alvarado,TX,637,2.844,32.439499,-97.212971,city,
68261,68261,STRIPES #2294,US-83 & FM-1120,Leakey,TX,740,2.949,29.768951,-99.747913,city,
68266,68266,FREDS FUEL AND FOOD #2,"I-57, EXIT 283 & US-24",Gilman,IL,280,3.189,40.767987,-87.993336,city,
68268,68268,SPEED SMART,"I-10, EXIT 114",Buckeye,AZ,930,3.37233333,33.37032,-112.58378,city,
68270,68270,MPC #2,US-67 & CR-A,Fredericktown,MO,574,2.99066666,37.543716,-90.310527,city,
68271,68271,PHOENIX #308,ST 210,Rocky Point,NC,245,3.619,34.434418,-77.923448,city,
68273,68273,CHISUM TRAVEL CENTER,US-70/US-54,Tularosa,NM,640,2.999,33.065049,-106.010789,city,
68274,68274,CEFCO #6,SR-6 & SR-7,Marlin,TX,765,2.999,31.303592,-96.888942,city,
68276,68276,KWIK STAR #895,US-18/US-63 EXIT 204,New Hampton,IA,565,3.449,43.056015,-92.313136,city,
68277,68277,WHITE OAK STATION #15,US-65,Harrison,AR,735,3.599,36.241707,-93.106162,city,
68279,68279,MACS MARKET #101,ST 22A,Fair Haven,VT,12,3.599,43.62345,-73.270068,city,
68282,68282,SUNSTOP #612,US-84,Andalusia,AL,720,3.48566666,31.297142,-86.490468,city,
68290,68290,WALTON TRUCK STOP,US-78/SR-10 & SR-83,Monroe,GA,16,3.999,33.808141,-83.707221,city,
68292,68292,GAS N GO,US-280/US-19,Americus,GA,10,3.299,32.07239,-84.23269,city,
68294,68294,BP,"I-74, EXIT 51",Galesburg,IL,270,3.499,40.94782,-90.37124,city,
68298,68298,MR FUEL #719,"I-80, EXIT 6",Gary,IN,365,3.56566666,41.59337,-87.34643,city,
68301,68301,LOVES TRAVEL STOP #463,I-10 EXIT 604,Seguin,TX,740,3.179,29.56884,-97.96473,city,
68302,68302,FLYING J #493,I-95 EXIT 77,Saint George,SC,42,3.519,33.184532,-80.573246,city,
68303,68303,KWIK TRIP #351,SR-13 & SR-64,Medford,WI,295,3.40066666,45.151185,-90.350306,city,
68306,68306,BIG D #018,SR-387 & SR-59,Gillette,WY,790,3.459,44.29109,-105.50222,city,
68307,68307,EXPRESSWAY LUVERNE,"I-90, EXIT 12",Luverne,MN,432,3.239,43.661366,-96.221562,city,
68308,68308,PINECONE TRAVEL PLAZA,"I-94, EXIT 267",Johnson Creek,WI,420,3.219,43.075051,-88.783602,city,
68311,68311,SUN DO KWIK SHOP,SR-242,Evergreen,NC,63,3.159,34.375234,-78.884638,city,
68314,68314,Refuel #313,US-183 & SR-29,Liberty Hill,TX,595,2.909,30.662953,-97.931598,city,
68315,68315,SHELL,"I-40, EXIT 200 & SR-99",Seminole,OK,483,2.859,35.224444,-96.670278,city,
68316,68316,CIRCLE K #2723622,"I-75, EXIT 345",Ringgold,GA,285,3.07566666,34.92052,-85.154908,city,
68318,68318,NINOS TRUCK PLAZA,"I-10, EXIT 151",Port Allen,LA,600,3.039,30.471983,-91.254088,city,
68319,68319,HOLIDAY STATIONSTORE #2746484,US-61 & US-10,Hastings,MN,448,3.569,44.7433,-92.85243,city,
68321,68321,Big's #304,"I-35, EXIT 141",Moore,TX,740,2.999,29.035377,-98.987403,city,
68323,68323,TRAINER MART,"I-10, EXIT 593",Marion,TX,740,2.999,29.56835,-98.151709,city,
68328,68328,TONKAWA TRAVEL CENTER,"I-35, EXIT 214 & US-60",Tonkawa,OK,500,3.099,36.68062,-97.30634,city,
68330,68330,SHREES TRUCK STOP,"I-90, EXIT 149 & SR-281",George,WA,920,3.724,47.079167,-119.854722,city,
68332,68332,CIRCLE K #2701526,"I-40, EXIT 208",Colfax,NC,65,2.95733333,36.100272,-80.010276,city,
68333,68333,GO MART FOOD STORE #106,US-250/US-219/SR-92/SR-55,Elkins,WV,44,3.499,38.925304,-79.847115,city,
68335,68335,PILOT #481,"I-75, EXIT 20",Mc Donald,TN,285,3.599,35.086902,-84.989198,city,
68337,68337,SPEEDWAY #1426,US-30 & SR-51,Merrillville,IN,290,3.88566666,41.48281,-87.33281,city,
68339,68339,LOVES TRAVEL STOP #464,"I-10, EXIT 523 & US-87",Comfort,TX,740,3.21233333,29.979072,-98.843772,city,
68343,68343,HUTCH'S #119,I-40 EXIT 40,Elk City,OK,483,2.969,35.410359,-99.421086,city,
68347,68347,ENERGY EXPRESS TRAVEL CENTER,I-70 EXIT 247,Saint Louis,MO,540,2.909,38.634616,-90.191313,city,
68348,68348,HOT SPOT #6007,"I-85, EXIT 80",Spartanburg,SC,210,3.089,34.94957,-81.93205,city,
68349,68349,SAPP BROS TRAVEL CENTER,"US-75, EXIT 116",Le Mars,IA,527,3.269,42.79623,-96.170386,city,
68350,68350,JOAQUIN QUICK STOP,US-84,Joaquin,TX,618,3.43233333,31.943989,-94.060833,city,
68354,68354,LEERJAK TRAVEL CENTER,US-60,Ellsinore,MO,275,3.409,36.945263,-90.74853,city,
68359,68359,LOVES TRAVEL STOP #466,"I-78, EXIT 65",Jasper,AL,615,3.55566666,33.871672,-87.249144,city,
68360,68360,A PLUS MINI MARKET,"I-95, EXIT 19",Philadelphia,PA,160,4.049,39.95238,-75.16362,city,
68361,68361,DUCK THRU FOOD STORE #34,US-158 & US-17,Elizabeth City,NC,130,3.499,36.2946,-76.25105,city,
68362,68362,RUTTERS #5,US-30 & SR-997,Fayetteville,PA,70,3.859,39.906543,-77.53096,city,
68364,68364,Maplefields,"I-89, EXIT 19",Saint Albans,VT,39,3.539,44.811138,-73.089025,city,
68365,68365,7-ELEVEN #36834,SR-72,Abbeville,SC,30,3.619,34.18186,-82.378452,city,
68366,68366,MARATHON,US-68/SR-80,Russellville,KY,460,3.199,36.853074,-86.888708,city,
68367,68367,LOVES TRAVEL STOP #447,"I-10 E, EXIT 0",Anthony,TX,640,3.449,31.990718,-106.597625,city,
68368,68368,AKAL TRAVEL CENTER,I-80 EX 360,Waco,NE,413,2.799,40.919826,-97.453352,city,
68369,68369,WORKMANS TRAVEL CENTER,"I-40 EXIT, 35 & SR-23",Ozark,AR,735,3.29733333,35.524645,-93.837423,city,
68370,68370,GULF EXPRESS DIESEL AND GAS,"I-295, EXIT 4 & SR-14",Johnston,RI,175,3.799,41.82186,-71.50675,city,
68372,68372,SPEEDWAY #8062,SR-26/CR-00,Kokomo,IN,375,3.799,40.48643,-86.1336,city,
68375,68375,PILOT #491,"I-81, EXIT 251 & US-11",Harrisonburg,VA,185,3.659,38.44957,-78.86892,city,
68377,68377,PILOT #4568,I-20 EXIT 11,Graniteville,SC,135,3.39233333,33.563016,-81.814686,city,
68378,68378,PILOT TRAVEL CENTERS #596,I-69 EXIT 196,Smiths Creek,MI,342,3.959,42.922072,-82.574516,city,
68381,68381,Fast Stop Travel Centers #2241,US-26 S & SR-39,Blackfoot,ID,825,3.999,43.194327,-112.361545,city,
68382,68382,QUIKTRIP #766,US-29 & SR-316,Dacula,GA,18,3.32066666,33.988611,-83.898056,city,
68383,68383,AYERCO 32,US-61 & SR-P,Canton,MO,494,3.01566666,40.143695,-91.547987,city,
68386,68386,KWIK TRIP #884,US-45 & SR-22,Clintonville,WI,582,3.559,44.636442,-88.742999,city,
68389,68389,WEBERS OF PLYMOUTH,SR-57 N/CR-PP E,Plymouth,WI,582,3.499,43.75258,-87.977906,city,
68394,68394,CHEVRON,"I-84, EXIT 343/CR-104",Ogden,UT,835,3.44233333,41.223,-111.97383,city,
68396,68396,TOOT N TOTUM #44,SR-287 E/CR-335 N,Amarillo,TX,585,3.04233333,35.222,-101.8313,city,
68403,68403,RUTTERS #16,"I-83, EXIT 10 & SR-214",York,PA,70,4.199,39.9626,-76.72774,city,
68405,68405,PILOT TRAVEL CENTER #1028,"I-45, EXIT 178/US-79 N",Buffalo,TX,765,3.549,31.457151,-96.058516,city,
68406,68406,TOOT N TOTUM #114,US-385/US-54,Dalhart,TX,585,3.199,36.073183,-102.517658,city,
68411,68411,PAWNEE TRAVEL PLAZA,US-412 & SR-18,Pawnee,OK,560,3.044,36.336197,-96.79227,city,
68416,68416,STRIPES 7FLEET #42515,US-87 N,Lamesa,TX,710,3.099,32.736677,-101.956914,city,
68417,68417,7-ELEVEN #42072,"I-20, EXIT 599/SR-281",Longview,TX,766,3.20733333,32.5007,-94.74049,city,
68419,68419,ROAD RANGERS #270,"I-35, EXIT 114/SR-462",Moore,TX,740,3.169,29.035377,-98.987403,city,
68420,68420,SHELBINA Phillips 66,US-36 & SR-15,Shelbina,MO,494,3.099,39.694718,-92.03706,city,
68421,68421,STRIPES,US-77,Refugio,TX,625,3.074,28.316944,-97.276665,city,
68423,68423,GOLDEN GATE TRUCKSTOP,"I-80, EXIT 106 & SR-398",Lovelock,NV,966,3.649,40.1819,-118.468915,city,
68424,68424,MAVERICK TRAVEL CENTER,"I-20, EXIT 386/US-281",Santo,TX,637,3.099,32.597935,-98.179675,city,
68428,68428,STRIPES #40519,US-90/CR-1023,Uvalde,TX,740,3.359,29.20968,-99.78617,city,
68432,68432,PAPA ROCK,US-79/SR-76,Clarksville,TN,460,3.199,36.52977,-87.35945,city,
68434,68434,Circle K #2741789,"I-30, EXIT 98 & US-270",Malvern,AR,695,3.439,34.355715,-92.829162,city,
68440,68440,EXPRESS GAS,"I-40, EXIT 2A/US-51",Memphis,TN,435,2.979,35.14953,-90.04898,city,
68441,68441,QUIKTRIP #1106,US-76,Anderson,SC,30,2.959,34.50344,-82.65013,city,
68444,68444,Sunoco,US-30,Roebling,NJ,160,3.159,40.115352,-74.777224,city,
68446,68446,J J OIL #07,US-160,Ulysses,KS,525,3.399,37.579174,-101.348846,city,
68447,68447,JUMPIN JACKS 419,SR-161,Rockport,IN,487,3.999,37.885803,-87.07701,city,
68451,68451,CASEYS #3439,US-63,Lime Springs,IA,433,3.56566666,43.45563,-92.273324,city,
68453,68453,Marathon,US-82/US-27,Cuthbert,GA,10,3.699,31.771111,-84.789444,city,
68458,68458,SPEEDWAY #6278,"I-96, EXIT 16",Coopersville,MI,456,3.549,43.06013,-85.951722,city,
68462,68462,CHEVRON,SR-24 & SR-660,Houma,LA,623,3.099,29.59577,-90.71953,city,
68463,68463,SPANISH LAKE TRUCK AND CASINO PLAZA,SR-182,New Iberia,LA,730,3.329,30.00354,-91.81873,city,
68465,68465,LOVES TRAVEL STOP #470,"I-75, EXIT 451",Jasper,FL,10,3.32733333,30.502914,-82.932186,city,
68466,68466,KWIK TRIP #462,SR-11 & SR-83,Burlington,WI,444,3.274,42.666034,-88.274886,city,
68468,68468,SHELL,SR-193/SR-163 & CR-26,Theodore,AL,715,3.039,30.544374,-88.180748,city,
68469,68469,8 MILE STORE,"US-64/I-40, EXIT 127",Conway,AR,695,3.399,35.0887,-92.4421,city,
68471,68471,B LINE SHELL,SR-710,Jupiter,FL,140,3.95733333,26.93422,-80.09421,city,
68476,68476,CREEK TRAVEL PLAZA,"I-65, EXIT 54",Atmore,AL,715,3.13566666,31.057245,-87.487347,city,
68480,68480,KUM & GO #0414,US-212/SR-265,Springdale,AR,645,3.14233333,36.18674,-94.12881,city,
68493,68493,FAST TRACK 427,"I-10, EXIT 225/US-19",Lamont,FL,20,3.739,30.365341,-83.900266,city,
68494,68494,LOVES TRAVEL STOPS #469,"I-85, EXIT 15 & US-1",South Hill,VA,180,3.949,36.712388,-78.153388,city,
68497,68497,JACKSONS FOOD STORE #30,"I-86, EXIT 61",Pocatello,ID,825,3.459,42.8713,-112.44553,city,
68499,68499,DUBOIS TRAVEL STOP,I-15 & MAIN,Dubois,ID,825,4.299,44.185769,-112.325852,city,
68506,68506,WARRIOR RIDGE,US-22 & SR-3035,Ashland,PA,14,3.699,40.773231,-76.342972,city,
68511,68511,PWI #675,I-10/US-85/US-180 EXIT 155 & SR-227,Vado,NM,640,2.949,32.115,-106.663333,city,
68512,68512,BP,US-29/SR-154,Palmetto,GA,18,3.249,33.524195,-84.678999,city,
68518,68518,CHEVRON,SR-243,Gordon,GA,85,3.359,32.909212,-83.320416,city,
68520,68520,SPEED GAS,SR-56,Rosenhayn,NJ,150,3.459,39.478056,-75.131667,city,
68522,68522,MINIT MART #600632,"I-474, EXIT 9 & SR-29",Pekin,IL,368,3.739,40.56754,-89.64066,city,
68524,68524,Coastal Fuel,US-421,Wilmington,NC,245,3.399,34.22573,-77.94471,city,
68531,68531,CASEYS #2845,"SR-150, I-380, EXIT 41",Urbana,IA,380,3.449,42.224167,-91.874167,city,
68533,68533,MACH ONE FOOD SHOP #17,US-45/US-50,Flora,IL,510,3.899,38.670337,-88.49186,city,
68534,68534,BG FOOD MART,US-31,Bowling Green,KY,460,3.05733333,36.99032,-86.4436,city,
68535,68535,CASEYS #3295,SR-35 & SR-27,Prairie Du Chien,WI,420,3.499,43.042649,-91.119305,city,
68541,68541,DUCK THRU #3,SR-11 & SR-561,Ahoskie,NC,130,3.56233333,36.295737,-76.996632,city,
68542,68542,EXCELL FUELS,SR-5,Buffalo,NY,38,3.999,42.88645,-78.87837,city,
68549,68549,GOOD 2 GO #212,US-310/SR 789,Lovell,WY,780,3.657,44.833637,-108.414107,city,
68552,68552,HUCKS FOOD & FUEL #368,"US-41, EXIT 44/SR-281",Madisonville,KY,340,3.399,37.3281,-87.49889,city,
68556,68556,MONICARLO FUEL STOP,US-61 & SR-54,Garyville,LA,623,3.199,30.05352,-90.620113,city,
68559,68559,KUM & GO #0779,"I-35, EXIT 92 & US-136",Bethany,MO,320,2.95566666,40.260055,-94.018863,city,
68562,68562,CHEVRON,SR-3235,Galliano,LA,725,3.499,29.431125,-90.298054,city,
68572,68572,FOOD N FUN #17,US-90 & SR-83 & CR-605,New Iberia,LA,730,3.067,30.00354,-91.81873,city,
68574,68574,SPRING STREET SERVICE STATION,US-1/US-9,Elizabeth,NJ,115,3.099,40.66399,-74.2107,city,
68581,68581,CHEVRON #308195,"I-82, EXIT 58/US-12 & SR-223",Granger,WA,977,4.414,46.348045,-120.181848,city,
68588,68588,SHELL,"US-202, EXIT 16",Orange,MA,175,3.649,42.591231,-72.305867,city,
68592,68592,Sprint Food #742,US-25/SR-121,North Augusta,SC,135,3.159,33.5018,-81.96512,city,
68593,68593,ONE9 #1285,"I-20, EXIT 386 & US-281",Santo,TX,575,2.924,32.597935,-98.179675,city,
68594,68594,CIRCLE K #2723796,SR-S-8-33 & SR-S-8-119,Charleston,SC,42,3.199,32.77657,-79.93092,city,
68595,68595,SUPER LUCKY LOUIES,US-190/SR-1,Port Allen,LA,600,3.03233333,30.471983,-91.254088,city,
68596,68596,FLASH MARKET SHELL,US-63,Koshkonong,MO,418,3.499,36.605553,-91.630411,city,
68598,68598,7-ELEVEN #41032,US-84 & US-259,Mount Enterprise,TX,618,3.349,31.9125,-94.623505,city,
68602,68602,NEW DIXIE MART #19,"I-95, EXIT150",Whitakers,NC,205,3.339,36.075797,-77.716743,city,
68606,68606,SAMS MART #95,SR-49,Harrisburg,NC,46,3.799,35.324731,-80.659401,city,
68613,68613,SHEETZ #236,SR-441 & SR-772,Marietta,PA,70,3.389,40.066442,-76.564527,city,
68618,68618,MINER TOWNE MART,206 R-11,Shullsburg,WI,335,3.399,42.57856,-90.226619,city,
68621,68621,CIRCLE K #2723367,"I-77, EXIT 8 & SR-148",Fancy Gap,VA,65,3.29066666,36.663972,-80.69075,city,
68622,68622,PILOT #474,"I-79, EXIT 67 & SR-19",Sutton,WV,44,3.86566666,38.673855,-80.681072,city,
68623,68623,FLYING J TRAVEL PLAZA #304,"I-469, EXIT 19 & US-30",New Haven,IN,370,3.859,41.0706,-85.01441,city,
68624,68624,PILOT #586,"I-10, EXIT 69 & SR-63",Moss Point,MS,715,3.459,30.411389,-88.534444,city,
68625,68625,FLYING J #470 HUDSON,"I-94, EXIT 10 & US-65",Roberts,WI,450,3.559,44.987356,-92.559773,city,
68626,68626,BECKS EXPRESS MART #14,SR-26,Princeton,IL,270,3.249,41.362934,-89.427017,city,
68630,68630,DOWNSTREAM Q STORE,US-166/US-400,Joplin,MO,277,3.199,37.08423,-94.51328,city,
68642,68642,EXXON SANDY RIDGE MART,"I-40/US-421, EXIT 208",Colfax,NC,65,3.099,36.100272,-80.010276,city,
68643,68643,SHELL,"I-95, EXIT 58 & US-13",Wade,NC,63,3.199,35.160559,-78.724929,city,
68644,68644,SUPERPUMPER #32,US-2,Minot,ND,452,3.599,48.23251,-101.29627,city,
68650,68650,MARATHON,"I-75, EXIT 8",Cincinnati,OH,300,3.899,39.12711,-84.51439,city,
68653,68653,KWIK TRIP #679,"I-43, EXIT 128 & SR-42",Sheboygan,WI,444,3.21566666,43.75083,-87.71453,city,
68656,68656,TA Express Williston,US-2 & US-85,Williston,ND,807,3.44733333,48.14697,-103.61797,city,
68659,68659,KWIK TRIP #659,"US-52, EXIT 56 & CR-22",Rochester,MN,515,3.549,44.02163,-92.4699,city,
68663,68663,LOVES TRAVEL STOP #474,US-85/US-2 & CR-6,Williston,ND,273,3.519,48.14697,-103.61797,city,
68665,68665,BIG D 14,"I-90, EXIT 46/US-14/SR-79",Piedmont,SD,506,3.13733333,44.228744,-103.368818,city,
68671,68671,CASEYS #2969,US-81 & RD F,Fairmont,NE,350,3.28233333,40.6404,-97.58729,city,
68672,68672,24 NORTH MOBIL,"I-495, EXIT 7A & SR-24, EXIT 14B",Bridgewater,MA,175,3.699,41.977341,-70.97234,city,
68674,68674,TEXACO,US-290 & SR-696,Elgin,TX,595,3.099,30.323136,-97.373748,city,
68684,68684,Rebecca Plantation Truck Plaza,"US-90, EXIT 200 & SR-311",Schriever,LA,623,2.999,29.712276,-90.851341,city,
68685,68685,QUICK FUEL #2403,"I-29/I-35/SR-71, EXIT 5B",Kansas City,MO,400,3.344,39.09973,-94.57857,city,
68689,68689,CHEVRON,"I-10, EXIT 59 & SR-395",Roanoke,LA,690,3.609,30.318167,-92.686973,city,
68690,68690,MARATHON,US-30 & SR-30,Mansfield,OH,315,3.499,40.75839,-82.51545,city,
68691,68691,BYRNE DAIRY #43,"I-81, EXIT 36 & SR-13",Pulaski,NY,220,4.099,43.55617,-76.125231,city,
68692,68692,DANDY MINI MART #57,SR-14,Horseheads,NY,190,3.899,42.180493,-76.834539,city,
68693,68693,SUPER STOPS,SR-70 & SR-308,Belle Rose,LA,623,3.499,30.025955,-91.044351,city,
68696,68696,STRIPES #40800,FM-351 & US-181,Beeville,TX,625,3.01566666,28.422246,-97.761571,city,
68697,68697,STRIPES #40915,"I-35, EXIT 8 & SR-20 & FM-1472",Laredo,TX,693,2.979,27.50641,-99.50754,city,
68698,68698,GAS N WASH,"I-80, EXIT 145 & SR-84",Mokena,IL,365,3.499,41.52614,-87.88922,city,
68699,68699,ORGANIC CONNECTION MOBIL,SR-997,Homestead,FL,95,3.344,25.46872,-80.47756,city,
68701,68701,SPEEDWAY #1421,US-45 & CR-74,Frankfort,IL,293,3.364,41.49587,-87.84866,city,
68702,68702,QUIKTRIP #1120,"I-85, EXIT 90 & SR-105",Gaffney,SC,210,3.19066666,35.061508,-81.649061,city,
68708,68708,LOVES TRAVEL STOP #476,"I-80, EXIT 292 & SR-130",Davenport,IA,270,3.86233333,41.52364,-90.57764,city,
68716,68716,ALLTOWN MARKETS #833,I-95 EXIT 41,Milford,CT,100,3.599,41.22232,-73.0565,city,
68722,68722,Pilot #140,US-40/US-191,Roosevelt,UT,835,3.759,40.310229,-110.010782,city,
68730,68730,KENT KWIK #315,SR-158 & FM-1788,Midland,TX,710,3.43733333,31.99735,-102.07791,city,
68734,68734,LOVES TRAVEL STOP #478,"I-15, EXIT 113",Idaho Falls,ID,825,3.75566666,43.46658,-112.03414,city,
68737,68737,KWIK TRIP #691,"I-39, EXIT 161",Stevens Point,WI,395,3.559,44.52358,-89.57456,city,
68738,68738,CASEYS #2316,US-136/SR-5 & SR-5,Unionville,MO,320,3.214,40.481464,-92.995094,city,
68740,68740,Certified Oil #400352,US-20 & SR-510 & SR-101,Clyde,OH,550,3.379,41.302397,-82.991849,city,
68741,68741,COUNTY LINE TRUCK STOP,SR-22,Dickinson,ND,273,3.53233333,46.87918,-102.78962,city,
68742,68742,ARTESIA #401,SR-82 & SR-285,Artesia,NM,593,3.439,32.838355,-104.407401,city,
68796,68796,MR FUEL #731,"I-70, EXIT 123 & SR-3",Spiceland,IN,375,3.699,39.827078,-85.445043,city,
68797,68797,SPEEDWAY #1412,SR-43,Frankfort,IL,293,3.359,41.49587,-87.84866,city,
68798,68798,PILOT DEALER #1179,SR-189,Nogales,AZ,980,4.249,31.34038,-110.93425,city,
68799,68799,SHELL FOOD MART # 25,"I-20, EXIT 77 & SR-13",Morton,MS,705,3.199,32.436105,-89.551222,city,
68801,68801,7-ELEVEN #40574,US-281,Blanco,TX,740,3.399,30.087359,-98.410663,city,
68803,68803,SHELL,"I-45, EXIT 152",Madisonville,TX,670,3.18233333,30.953335,-95.909094,city,
68806,68806,SHELL,US-90,Westwego,LA,725,3.06566666,29.914386,-90.181305,city,
68808,68808,SPEEDWAY #4574,US-701,Loris,SC,245,3.269,34.055756,-78.916096,city,
68813,68813,SPEEDWAY #8741,"I-96, EXIT 86 & SR-100",Eagle,MI,406,3.789,42.826306,-84.758971,city,
68814,68814,TA HOLBROOK,"I-40/US-180, EXIT 283",Holbrook,AZ,580,3.65566666,34.908451,-110.143412,city,
68815,68815,LOVES TRAVEL STOPS #471,"I-35, EXIT 127 & FM-471",Natalia,TX,740,3.246,29.211669,-98.855158,city,
68821,68821,Joe's Kwik Mart #473,CR-139,Lancaster,NY,38,3.729,42.901681,-78.663085,city,
68822,68822,CASEYS #3919,"I-35/US-50, EXIT 148 & SR-131",Lebo,KS,400,3.089,38.416085,-95.822174,city,
68823,68823,FRIENDS FOOD MART,SR-13,Mansfield,OH,249,4.199,40.75839,-82.51545,city,
68824,68824,EXPRESSWAY,SR-60 & CR-9,Heron Lake,MN,425,3.299,43.79788,-95.326736,city,
68825,68825,ALLTOWN MARKETS #832,"I-95, EXIT 40",Milford,CT,100,3.599,41.22232,-73.0565,city,
68826,68826,HIGHWAY SERVICE,US-44,Seekonk,MA,175,3.319,41.837835,-71.322406,city,
68828,68828,CIRCLE K #2721540,US-78 & SR-15,New Albany,MS,435,3.759,34.485051,-89.003058,city,
68831,68831,KWIK TRIP #896,SR-65 & CR-J,Minneapolis,MN,451,3.599,44.97997,-93.26384,city,
68835,68835,SPEEDWAY #7954,US-258/SR-24,Richlands,NC,205,3.324,34.862426,-77.586305,city,
68836,68836,Corner Market #160,US-60,Pampa,TX,585,3.399,35.53616,-100.95987,city,
68839,68839,CHOCTAW TRAVEL PLAZA #641,US-69/SR-43,Stringtown,OK,560,3.159,34.467597,-96.000245,city,
68840,68840,LOVES TRAVEL STOP #475,"I-20/US-84, EXIT 242 & FM-142",Sweetwater,TX,575,3.189,32.472589,-100.397908,city,
68841,68841,PILOT TRAVEL CENTERS #575,"I-95, EXIT 1",Saint Marys,GA,75,3.599,30.773467,-81.565211,city,
68843,68843,PILOT #467,"I-37, EXIT 125",San Antonio,TX,740,3.399,29.42412,-98.49363,city,
68844,68844,FLYING J #553,"I-10, EXIT 259",Fort Stockton,TX,710,3.659,30.890785,-102.879942,city,
68845,68845,PILOT TRAVEL CENTER #4651,"I-95, EXIT 4",Skippers,VA,180,3.799,36.579685,-77.543663,city,
68847,68847,CIRCLE K #2741553,US-190/US-183 & US-281,Lampasas,TX,595,2.759,31.067957,-98.183361,city,
68848,68848,CIRCLE K #2741328,"I-35, EXIT 328 & FM-2063",Hewitt,TX,765,2.86566666,31.458166,-97.196556,city,
68849,68849,Circle K #2706632,US-80/SR-8 & CR-480,Selma,AL,720,3.699,32.40736,-87.0211,city,
68850,68850,SPRINT MART #67,US-84/US-425,Vidalia,LA,730,3.08233333,31.578222,-91.469471,city,
68856,68856,KWIK N EZ #1,"I-40, EXIT 265",Checotah,OK,645,2.909,35.435786,-95.535038,city,
68860,68860,PETRO STOP #394,"I-35, EXIT 101 & FM-140",Pearsall,TX,740,3.53566666,28.892317,-99.094361,city,
68861,68861,KWIK TRIP #733,SR-76/SR-44,Caledonia,MN,515,3.49066666,43.622079,-91.483657,city,
68864,68864,QUICK FUEL #3190,"I-75, EXIT 68",Dayton,OH,317,3.67733333,39.75895,-84.19161,city,
68865,68865,QUICK FUEL #3192,"I-275, EXIT 42B & SR-747",Cincinnati,OH,300,3.25233333,39.12711,-84.51439,city,
68868,68868,PUMP & PANTRY #14,SR-92/SR-2,Broken Bow,NE,330,3.299,41.412586,-99.635452,city,
68869,68869,PUMP & PANTRY #4,SR-2 & SR-11,Cairo,NE,330,3.32733333,41.000183,-98.616538,city,
68873,68873,ONVO TRAVEL PLAZA - MOUNTAIN COBB,"I-84, EXIT 8",Lake Ariel,PA,200,3.58566666,41.439476,-75.431257,city,
68874,68874,QUIKTRIP #492,"I-10, EXIT 114 & SR-85",Buckeye,AZ,930,3.369,33.37032,-112.58378,city,
68875,68875,SHEETZ #512,"I-40, EXIT 203 & SR-66",Kernersville,NC,65,2.844,36.11986,-80.07365,city,
68882,68882,CAPITAL FUELS MYTON,US-40/191,Myton,UT,835,3.50233333,40.194049,-110.048056,city,
68883,68883,CBH TRAVEL CENTER,US-85,Belle Fourche,SD,506,3.299,44.672281,-103.839601,city,
68885,68885,FLYING J #488,"I-35, EXIT 69",Cotulla,TX,693,3.599,28.439837,-99.232818,city,
68886,68886,BEBO'S,SR-38,Kentwood,LA,600,3.01566666,30.889215,-90.472829,city,
68888,68888,Express Lane,"US-80, EXIT 33 & US-6/SR-78",Annawan,IL,270,3.349,41.398022,-89.912949,city,
68890,68890,Circle K #2741795,"I-430, EXIT 12 & SR-100",Maumelle,AR,695,3.18566666,34.86676,-92.40432,city,
68891,68891,LOVES TRAVEL STOP #480,I-40 EXIT 364,Lenoir City,TN,405,3.439,35.810391,-84.266501,city,
68892,68892,OLIVE EXXON,US-31,Holland,MI,371,3.799,42.78752,-86.10893,city,
68893,68893,J & H FAMILY STORE,"I-96, EXIT 52 & SR-50",Lowell,MI,371,3.789,42.95497,-85.365305,city,
68894,68894,ROCKFORD MOBIL MART,"US-131, EXIT 97",Rockford,MI,344,3.449,43.115217,-85.513606,city,
68895,68895,J & H FAMILY STORE #103,"I-196, EXIT 62",Hudsonville,MI,344,3.399,42.874805,-85.8751,city,
68897,68897,TA CARYVILLE,"I-75, EXIT 141",Pioneer,TN,405,3.00733333,36.469465,-84.290672,city,
68899,68899,XTRAMART,SR-9,Westborough,MA,175,3.649,42.283,-71.6015,city,
68900,68900,DUCK THRU #41,US-17/SR-37,Hertford,NC,130,3.599,36.177058,-76.424299,city,
68901,68901,SPEEDWAY #1224,"SR-741 & I-71, EXIT 25",Mason,OH,300,3.159,39.36006,-84.30994,city,
68902,68902,CASEYS #3062,SR-281 & SR-160,Medicine Lodge,KS,357,3.114,37.284452,-98.584785,city,
68903,68903,BIG D KWIK SHOP,SR-59,Gillette,WY,836,3.379,44.29109,-105.50222,city,
68907,68907,QUIKTRIP #943,"I-35E, EXIT 405 & US-77",Waxahachie,TX,630,2.89566666,32.38653,-96.84833,city,
68908,68908,SPEEDWAY #1804,"I-270, EXIT 32 & I-71, EXIT 116",Columbus,OH,315,3.69233333,39.96118,-82.99879,city,
68912,68912,Chisholm Corner #13,"SR-19 & I-35, EXIT 72",Pauls Valley,OK,569,3.089,34.738506,-97.219501,city,
68913,68913,CASEYS #3263,"I-90, EXIT 43 & SR-60",Worthington,MN,530,3.14233333,43.628626,-95.605907,city,
68915,68915,PUMP & PANTRY #53,US-20,Jackson,NE,527,3.41233333,42.452877,-96.574335,city,
68916,68916,YESWAY #1075,"I-20, EXIT 278",Tye,TX,575,2.87566666,32.447728,-99.868434,city,
68919,68919,GULF MART 5150,"I-90 E, MM 117",Natick,MA,34,4.06566666,42.28343,-71.3495,city,
68921,68921,GAS N GO,US-341/SR-7 & SR-96/SR-49,Fort Valley,GA,85,3.18233333,32.54956,-83.888727,city,
68923,68923,STRIPES 7FLEET #42509,US-67 & SR-137,Big Lake,TX,612,3.599,31.240592,-101.478776,city,
68924,68924,KWIK TRIP #326,"I-90, EXIT 171 & US-51 & US-14",Janesville,WI,420,3.374,42.68279,-89.01872,city,
68925,68925,KWIK TRIP #874,"I-35, EXIT 132 & US-8",Chisago City,MN,448,3.32733333,45.361144,-92.892134,city,
68926,68926,KWIK TRIP #872,SR-26,Jefferson,WI,420,3.38233333,43.000557,-88.807765,city,
68927,68927,MARATHON,US-19 & SR-80,Rosedale,VA,185,3.749,36.973981,-81.888793,city,
68928,68928,PILOT TRAVEL CENTER #475,"I-40, EXIT 196 & SR-41",Moriarty,NM,580,3.244,34.988878,-106.060871,city,
68929,68929,SPEEDWAY #6953,"I-74/US-311, EXIT 65",High Point,NC,65,3.529,35.95569,-80.00532,city,
68930,68930,PILOT #4569,"I-95, EXIT 5",Hardeeville,SC,195,3.37566666,32.263512,-81.066865,city,
68933,68933,RUTTERS #23,US-30 & SR-462,Mountville,PA,70,3.979,40.042742,-76.427694,city,
68935,68935,JACKSONS FOOD STORES #144,I-84 & SR-55,Nampa,ID,785,3.899,43.54072,-116.56346,city,
68936,68936,AMOCO,US-421/SR-11 & SR-53,Burgaw,NC,245,3.599,34.548679,-77.940317,city,
68937,68937,LANTZ CORNERS MINI MART #255,US-6 & US-219,Kane,PA,240,3.71566666,41.661861,-78.797778,city,
68938,68938,TOOT N TOTUM #23,SR-136/207 & SR-152,Borger,TX,585,3.01566666,35.664299,-101.403245,city,
68941,68941,ALLTOWN MARKETS #2743,"US-3, EXIT 28",North Billerica,MA,178,3.68233333,42.575694,-71.290217,city,
68946,68946,FLYING J #97,"I-75, EXIT 64",Vandalia,OH,317,3.35233333,39.89061,-84.19883,city,
68947,68947,PILOT TRAVEL CENTER #593,"I-10, EXIT 268",Tucson,AZ,980,3.30233333,32.22174,-110.92648,city,
68949,68949,JOES KWIK MARTS #475,US-15 & SR-20,Orange,VA,180,3.33233333,38.233937,-78.091224,city,
68950,68950,KWIK TRIP #608,US-52 & SR-30,Chatfield,MN,515,3.48233333,43.836201,-92.157351,city,
68951,68951,KWIK TRIP #313,US-10 & SR-73,Neillsville,WI,395,3.339,44.549429,-90.611197,city,
68952,68952,MAVERIK COUNTRY STORE #425,"I-84, EXIT 376, US-30/US-95",Fruitland,ID,785,3.36566666,44.002658,-116.914259,city,
68956,68956,SPEEDWAY #4533,"US-18/US-12, EXIT 146",Madison,WI,448,3.599,43.07305,-89.40123,city,
68957,68957,TA EXPRESS #6259,US-85/SR-200,Alexander,ND,273,3.52566666,47.843517,-103.63961,city,
68959,68959,SPEEDWAY #5215,"I-70, EXIT 66 & SR-54",South Vienna,OH,315,3.159,39.94732,-83.615704,city,
68960,68960,MAVERIK COUNTRY STORE #484,"I-15/84, EXIT 343 & SR-126",Ogden,UT,835,3.39233333,41.223,-111.97383,city,
68964,68964,JIFFY TRIP #201,US-64/SR-58,Cherokee,OK,337,3.269,36.756376,-98.359375,city,
68969,68969,MAVERIK COUNTRY STORE #474,"I-80, EXIT 115, CR-154",Salt Lake City,UT,835,3.389,40.76078,-111.89105,city,
68971,68971,FLYING J #580,"I-20, EXIT 121",Odessa,TX,710,3.56566666,31.84568,-102.36764,city,
68972,68972,SUNOCO CLARA BARTON PLAZA #7005,NJTP MM 5 SB,Penns Grove,NJ,115,3.899,39.717938,-75.465623,city,
68974,68974,STRIPES #40801,US-181 & SR-123 & CR-347,Karnes City,TX,625,3.174,28.882757,-97.90707,city,
68976,68976,MAVERIK COUNTRY STORE #453,"I-80, EXIT 223 & SR-305",Battle Mountain,NV,835,3.389,40.621985,-116.955439,city,
68977,68977,MAVERIK COUNTRY STORE #444,US-491 & US-666,Monticello,UT,835,3.489,37.921709,-109.315289,city,
68978,68978,MAVERIK COUNTRY STORE #287,"I-84, EXIT 36 & US-30",Nampa,ID,785,3.38566666,43.54072,-116.56346,city,
68979,68979,MAVERIK COUNTRY STORE #478,"I-40, EXIT 286 & SR-77",Holbrook,AZ,930,3.224,34.908451,-110.143412,city,
68981,68981,PETRO-CARD 24 #910450,US-63 & US-36,Macon,MO,494,3.239,39.748089,-92.462163,city,
68982,68982,SHELL,US-23,Grand Blanc,MI,342,3.799,42.928163,-83.626414,city,
68985,68985,LOVES TRAVEL STOP #500,"I-35, EXIT 106",Eagleville,MO,320,3.789,40.491197,-93.995058,city,
68987,68987,STRIPES #40535,I-35,Cotulla,TX,625,3.339,28.439837,-99.232818,city,
68988,68988,7-ELEVEN #40547,US-281 & SR-29,Burnet,TX,740,2.95733333,30.776597,-98.26424,city,
68989,68989,QUARLES #4907,SR-166,Norfolk,VA,130,3.809,36.84681,-76.28522,city,
68990,68990,LOVES TRAVEL STOP #490,"I-24, EXIT 158",Jasper,TN,285,3.25233333,35.066603,-85.614737,city,
68991,68991,LOVES TRAVEL STOPS #514,"I-90/US-395, EXIT 221 & SR-261",Ritzville,WA,970,3.989,47.131528,-118.395812,city,
68992,68992,SHORT STOP #24,US-24,Saint Marys,KS,553,2.96733333,39.198674,-96.068277,city,
68993,68993,SHORT STOP #22,SR-15,Clay Center,KS,316,2.97233333,39.384354,-97.127793,city,
68994,68994,SHORT STOP #25,US-36 & SR-15,Washington,KS,316,2.90233333,39.82234,-97.048368,city,
68995,68995,ALLTOWN MARKETS #839,"I-95, EXIT 10",Darien,CT,100,3.83233333,41.07871,-73.46929,city,
68996,68996,BLU / DRIVEN FUELS,"I-15, EXIT 113",Idaho Falls,ID,825,3.479,43.46658,-112.03414,city,
69002,69002,KWIK TRIP #863,US-10,Stevens Point,WI,395,3.584,44.52358,-89.57456,city,
69004,69004,Maplefields,HWY 9 N & ROUTE 22,Ticonderoga,NY,39,3.749,43.846302,-73.442592,city,
69005,69005,SPEEDWAY #1017,"I-70, EXIT 186 & SR-285",Lore City,OH,315,3.23233333,40.045854,-81.447853,city,
69006,69006,PILOT #449,"I-70, EXIT 208",Belmont,OH,165,3.539,40.03202,-81.006564,city,
69007,69007,SPEEDWAY #7136,US-41 & US-70,Nashville,TN,460,3.24233333,36.16589,-86.78444,city,
69008,69008,SPEEDWAY #7137,SR-42 & SR-111,Cookeville,TN,460,3.07733333,36.16284,-85.50164,city,
69009,69009,PILOT #1140,US-287,Rhome,TX,630,3.17566666,33.054045,-97.481688,city,
69010,69010,PILOT TRAVEL CENTER #1023,US-69 & US-59/SR-287,Lufkin,TX,610,3.659,31.33824,-94.7291,city,
69013,69013,SPEEDWAY #7124,US-231/SR-10,Lebanon,TN,460,3.024,36.20811,-86.2911,city,
69014,69014,SPEEDWAY #4100,"I-94, EXIT 308 & US-41",Milwaukee,WI,448,3.599,43.0389,-87.90647,city,
69015,69015,Joe's Kwik Mart,"I-75, EXIT 7 & US-11 & US-64",Chattanooga,TN,285,3.149,35.04563,-85.30968,city,
69016,69016,SPEEDWAY #7606,"I-75, EXIT 25",Corbin,KY,405,3.519,36.934429,-84.10208,city,
69017,69017,SHELL,US-71 & SR-511,Bossier City,LA,745,2.999,32.51599,-93.73212,city,
69021,69021,SWEET CRUDE TRAVEL CENTER,HWY 85 & SR 200,Grassy Butte,ND,273,3.64066666,47.443072,-103.294433,city,
69027,69027,SPINX #134 (DISCOUNT AVAILABLE),SR-55 & 418,Simpsonville,SC,30,3.06566666,34.73706,-82.25428,city,
69028,69028,LOVES TRAVEL STOP #427,"I-75, EXIT 51",Dayton,OH,317,3.319,39.75895,-84.19161,city,
69029,69029,LOVES TRAVEL STOP #461,"I-70, EXIT 246A",Saint Louis,MO,540,3.114,38.634616,-90.191313,city,
69030,69030,LOVES TRAVEL STOP #424,"I-20, EXIT 51",Lexington,SC,135,3.40733333,33.98154,-81.23621,city,
69031,69031,LOVES TRAVEL STOPS #492,"I-20, EXIT 42 & US-285",Pecos,TX,710,3.452,31.414384,-103.508129,city,
69036,69036,REFUEL #1038,US-15 & SR-151,Hartsville,SC,46,3.36566666,34.375616,-80.084237,city,
69037,69037,CIRCLE K #2723192,US-64 & US-421,Siler City,NC,177,2.949,35.735392,-79.456624,city,
69038,69038,REFUEL #1028,US-421/US-52 & US-15,Society Hill,SC,63,3.399,34.451161,-79.886494,city,
69041,69041,SPEEDWAY #7960,US-258/US-13,Farmville,NC,205,2.899,35.580606,-77.579303,city,
69042,69042,Joes Kwik Mart #7012,US-17/701,Georgetown,SC,205,2.999,33.430776,-79.323459,city,
69043,69043,KWIK TRIP #204,"US-51, EXIT 188",Wausau,WI,395,3.33233333,44.95914,-89.63012,city,
69045,69045,TA BRUNSWICK #6258,"I-95, EXIT 29",Brunswick,GA,75,3.46066666,31.14995,-81.49149,city,
69046,69046,SPEEDWAY #6303,"I-96, EXIT 4 & US-31",Muskegon,MI,456,3.319,43.23418,-86.24839,city,
69047,69047,SPEEDWAY #7461,I-294 & SR-50/SR-31,Alsip,IL,293,3.219,41.66892,-87.73866,city,
69048,69048,QUICK FUEL #2104,"I-74, EXIT 11",Indianapolis,IN,375,3.66233333,39.76838,-86.15804,city,
69049,69049,CIRCLE K #2741787,"I-440, EXIT 7 & US-165",North Little Rock,AR,695,3.369,34.76954,-92.26709,city,
69051,69051,PILOT TRAVEL CENTER #1225,"I-64, EXIT 23 & SR-4",Mascoutah,IL,540,3.859,38.490278,-89.793056,city,
69052,69052,PILOT DEALER #1193,US-93,Wikieup,AZ,930,3.869,34.703333,-113.610556,city,
69053,69053,PILOT DEALER #1192,US-60,Wittmann,AZ,930,4.899,33.726425,-112.446578,city,
69055,69055,PILOT TRAVEL CENTER #1058,US-301 & SR-200,Waldo,FL,140,3.799,29.787096,-82.160791,city,
69057,69057,MACH ONE FOOD SHOP #18,US-45/SR-15,Fairfield,IL,340,3.744,38.378214,-88.359323,city,
69058,69058,FOOD N FUEL,SR-53,Joliet,IL,365,3.549,41.52519,-88.0834,city,
69059,69059,LOVES TRAVEL STOP #530,"I-20, EXIT 147",Moody,AL,615,3.17566666,33.584132,-86.51557,city,
69061,69061,SPINX #125 (DISCOUNT AVAILABLE),US-25 & SR-331,Piedmont,SC,30,3.06566666,34.724433,-82.470216,city,
69064,69064,DUCK THRU #7,US-258,Rich Square,NC,130,3.699,36.277256,-77.296947,city,
69067,69067,AP FUEL STOP,"I-75, EXIT 120",Lima,OH,411,3.08066666,40.74255,-84.10523,city,
69069,69069,SPINX #179 (DISCOUNT AVAILABLE),SR-291,Greenville,SC,210,3.799,34.85262,-82.39401,city,
69073,69073,LOVES TRAVEL CENTER #518,"I-15, EXIT 260 & SR-77",Springville,UT,835,3.749,40.16523,-111.61075,city,
69076,69076,A PLUS MINI MARKET,"I-95, MM 82",Aberdeen,MD,22,3.83233333,39.50956,-76.16412,city,
69077,69077,FLYING J #554,"I-37, EXIT 56",George West,TX,740,3.199,28.320388,-98.116159,city,
69078,69078,PILOT #559,"I-20, EXIT 178",Big Spring,TX,612,3.659,32.2504,-101.47874,city,
69079,69079,Circle K #2746432,SR-2,Stanley,ND,452,3.549,48.319189,-102.392802,city,
69084,69084,TIGER MART #79,SR-287 & FM-664,Waxahachie,TX,630,2.849,32.38653,-96.84833,city,
69085,69085,FATDOGS OGALLALA,"US-80, EXIT 126 & US-26/SR-61",Ogallala,NE,475,3.014,41.127505,-101.710742,city,
69088,69088,SPEEDWAY #3478,US-9 & SR-184,Perth Amboy,NJ,115,3.419,40.50677,-74.26542,city,
69091,69091,SPEEDWAY #6670,US-36/SR-67,Indianapolis,IN,375,3.229,39.76838,-86.15804,city,
69095,69095,JACKSONS FOOD STORE #23,"SR-395, EXIT 78",Reno,NV,966,3.999,39.52963,-119.8138,city,
69096,69096,SPEEDWAY #2907,US-62 & SR-18,Hermitage,PA,165,3.93733333,41.23339,-80.44868,city,
69097,69097,CIRCLE K #2741192,"I-30, EXIT 42B & SR-180",Dallas,TX,630,2.899,32.78306,-96.80667,city,
69098,69098,CIRCLE K #2741318,SR-285 & CR-160,Dripping Springs,TX,595,3.049,30.226768,-98.102947,city,
69099,69099,LOVES TRAVEL STOP #523,"I-10, EXIT 92",Rayne,LA,600,3.149,30.204508,-92.248592,city,
69100,69100,DADS NORTH YELLOWSTONE,US-26,Idaho Falls,ID,825,3.599,43.46658,-112.03414,city,
69101,69101,BROMPTON VALERO,"I-20, EXIT 147 WEST",Moody,AL,615,3.12233333,33.584132,-86.51557,city,
69102,69102,CIRCLE K #4701445,"I-57, EXIT 250 & US-36",Rantoul,IL,280,3.699,40.310742,-88.146179,city,
69103,69103,LOVES TRAVEL STOP #539,US-385 & FM-1910,Andrews,TX,710,3.689,32.320125,-102.540926,city,
69104,69104,QUIKTRIP #970,SR-12 & SR-180,Dallas,TX,630,2.97566666,32.78306,-96.80667,city,
69106,69106,SPINX #201,"I-185, EXIT 1A, I-385, EXIT 30",Simpsonville,SC,30,2.96566666,34.73706,-82.25428,city,
69109,69109,SHEETZ #497,"I-99, EXIT 15 & US-220 (BUSINESS)",Claysburg,PA,14,3.644,40.329243,-78.479658,city,
69110,69110,SHEETZ #498,US-22/US-119,Blairsville,PA,165,3.52733333,40.441262,-79.253329,city,
69112,69112,LOVES TRAVEL STOP #529,"I-39, EXIT 54",Oglesby,IL,290,3.489,41.292768,-89.055341,city,
69115,69115,BP,"I-90, EXIT 387/CR-151",Hartford,SD,530,2.97733333,43.615472,-96.950052,city,
69117,69117,SPEEDWAY #6395,US-24 & SR-64,Waterville,OH,550,3.699,41.502248,-83.733142,city,
69119,69119,CIRCLE K #2741217,"I-24, EXIT 242 & US-550/SR-24",Bernalillo,NM,580,3.52566666,35.328506,-106.530873,city,
69122,69122,DOUBLE QUICK #61,US-82,Leland,MS,655,3.299,33.410025,-90.892801,city,
69123,69123,LATTA TRAVEL STOP,SR-1,Ada,OK,569,3.10733333,34.77453,-96.67834,city,
69124,69124,LOVES TRAVEL STOP #467,"I-95, EXIT 131 & SR-68",Fort Pierce,FL,95,3.50566666,27.44671,-80.32561,city,
69125,69125,TA BROOKLYN,"I-80, EXIT 197",Brooklyn,IA,380,3.819,41.732147,-92.428462,city,
69127,69127,TALL TIMBERS TRUCK STOP,"I-55, EXIT 46 & SR-16",Amite,LA,600,2.999,30.718208,-90.570493,city,
69128,69128,BEACON & BRIDGE #34,"US-127, EXIT 194 & SR-55",Houghton Lake,MI,260,3.399,44.341327,-84.742175,city,
69132,69132,PILOT #1001,US-67 & SR-137,Big Lake,TX,710,4.059,31.240592,-101.478776,city,
69133,69133,PILOT TRAVEL CENTERS #557,US-180 & US-62,Hobbs,NM,593,3.729,32.70261,-103.13604,city,
69134,69134,LOVES TRAVEL STOP #486,"I-40 & US-270, EXIT 166",Choctaw,OK,483,3.33733333,35.471758,-97.272564,city,
69135,69135,SPEEDWAY #8013,"I-70, EXIT 21",Brookville,OH,317,3.34066666,39.841393,-84.416464,city,
69137,69137,CIRCLE K #2741564,"I-35/US-77, EXIT 338B",Waco,TX,765,2.889,31.54933,-97.14667,city,
69139,69139,CIRCLE K #2741545,SR-72 & US-87,Cuero,TX,747,3.099,29.090969,-97.281247,city,
69141,69141,LOVES TRAVEL STOP #558,US-283 & US-400/US-56,Dodge City,KS,570,3.789,37.7528,-100.01708,city,
69142,69142,LOVES TRAVEL STOP #517,"I-70, EXIT 26 & US-50/6",Grand Junction,CO,800,3.989,39.06387,-108.55065,city,
69143,69143,MACH 1 #21,US-45 & SR-34,Harrisburg,IL,510,3.689,37.725661,-88.54404,city,
69144,69144,STRIPES 7FLEET #42530,SR-71 & SR-16,Llano,TX,740,3.23233333,30.722533,-98.652727,city,
69145,69145,SPEEDWAY #9561,"I-77, EXIT 132",Ripley,WV,44,3.499,38.809042,-81.701987,city,
69146,69146,DRUMS FUEL STOP,I-80 EXIT 262,Drums,PA,200,3.569,41.025525,-75.97676,city,
69149,69149,BLU STATION- LAMAR AVE,"I-240, EXIT 30",Memphis,TN,435,2.969,35.14953,-90.04898,city,
69150,69150,BLU STATION,"I-70, EXIT 66 & SR-267",Plainfield,IN,375,3.479,39.70421,-86.39944,city,
69151,69151,PILOT TRAVEL CENTER #592,"I-70, EXIT 26 & US-50",Grand Junction,CO,800,3.999,39.06387,-108.55065,city,
69152,69152,LOVES TRAVEL STOP #557,"US-64/167, EXIT 44 & SR-367",Searcy,AR,695,3.36233333,35.25064,-91.73625,city,
69153,69153,Pilot Travel Center #1550,"I-65, EXIT 304 & SR-69/CR-437",Cullman,AL,615,3.859,34.17482,-86.84361,city,
69155,69155,PILOT TRAVEL CENTERS #1004,"I-35, EXIT 214 & US-60",Tonkawa,OK,500,3.59566666,36.68062,-97.30634,city,
69156,69156,BLU STATION,"I-55, EXIT 5A",Memphis,TN,435,2.969,35.14953,-90.04898,city,
69159,69159,EXXON,US-15 & SR-49,Lawrenceville,PA,32,3.699,41.978266,-77.11355,city,
69162,69162,Shell,US-20 & SR-15,Goshen,IN,370,3.549,41.58227,-85.83444,city,
69163,69163,CUBBYS #406,"I-229, EXIT 9 & SR-115",Sioux Falls,SD,530,3.099,43.54997,-96.70033,city,
69164,69164,CIRCLE K #2741557,US-190 & SR-195 & SR-3470,Killeen,TX,765,2.76233333,31.11712,-97.7278,city,
69165,69165,EL TIPI QUICK STOP,US-283 & SR-15,Shattuck,OK,337,3.23233333,36.288922,-99.879303,city,
69167,69167,HOBO TRUCK STOP 2,US-50/400 & US-83,Garden City,KS,525,3.399,37.97169,-100.87266,city,
69168,69168,STRIPES 7FLEET #42470,I-20 EXIT 324 & CR-134,Cisco,TX,575,3.12733333,32.380043,-98.986507,city,
69169,69169,LAMBOS #5,"I-57, EXIT 212 & SR-36/CR-950",Tuscola,IL,280,3.229,39.799509,-88.281585,city,
69170,69170,SPEEDWAY #9381,US-50 & SR-14,Parkersburg,WV,430,3.464,39.26674,-81.56151,city,
69171,69171,KWIK STAR #215,US-61,Davenport,IA,270,3.649,41.52364,-90.57764,city,
69172,69172,KWIK TRIP #210,"US-53, EXIT 90",Eau Claire,WI,295,3.40733333,44.81135,-91.49849,city,
69173,69173,KWIK TRIP #231,US-61 & SR-310,Boscobel,WI,335,3.474,43.139327,-90.706101,city,
69174,69174,KWIK TRIP #860,SR-17,Rhinelander,WI,395,3.45233333,45.646718,-89.409285,city,
69175,69175,KWIK TRIP #854,US-212 & CR-33,Norwood Young America,MN,453,3.674,44.766786,-93.930067,city,
69176,69176,FLYING J TRAVEL PLAZA #1015- TOWN PUMP,SR-200/SR-16 & CR-123,Sidney,MT,780,3.384,47.713017,-104.163445,city,
69177,69177,LOVES TRAVEL STOP #426,"I-80, EXIT 34",Shelby,IA,433,3.649,41.533898,-95.446888,city,
69178,69178,LOVES TRAVEL STOP #495,"I-75, EXIT 143 & CR-78",North Fort Myers,FL,225,3.789,26.66729,-81.88009,city,
69182,69182,XtraMart #1513,"I-87, EXIT 10 & US-9",Clifton Park,NY,12,3.899,42.86563,-73.77095,city,
69183,69183,SPEEDWAY #7611,"I-71, EXIT 65 & SR-435",Jeffersonville,OH,315,3.229,39.65896,-83.56873,city,
69185,69185,LOVES TRAVEL STOPS #560,US-258 & US-58,Franklin,VA,130,3.889,36.678625,-76.939108,city,
69186,69186,LOVES TRAVEL STOP #551,US-20 & CR-127,Angola,IN,465,3.889,41.656321,-85.019803,city,
69187,69187,LOVES TRAVEL STOP #559,US-82 & US-49,Indianola,MS,655,3.31566666,33.449075,-90.654144,city,
69188,69188,PILOT TRAVEL CENTER #1013-TOWN PUMP,"I-90, EXIT 298",Belgrade,MT,786,3.63066666,45.780126,-111.143927,city,
69189,69189,LOVES TRAVEL STOP #542,"I-10, EXIT 261/US-67 & I-10 BUS",Fort Stockton,TX,710,3.649,30.890785,-102.879942,city,
69190,69190,LOVES TRAVEL STOP #561,"I-10, EXIT 70 & US-90 & SR-285",Defuniak Springs,FL,20,3.609,30.751783,-86.138006,city,
69193,69193,Certified Oil #400305,SR-2 & SR-7,New Martinsville,WV,317,3.31733333,39.658798,-80.856541,city,
69194,69194,CHESAPEAKE HOUSE SUNOCO,"I-95, EXIT 97",North East,MD,243,3.83233333,39.604535,-75.953805,city,
69200,69200,BECKS EXPRESS MART #22,"I-55, EXIT 126",Lincoln,IL,280,3.299,40.14508,-89.368376,city,
69201,69201,CASEYS #3654,SR-210,Brainerd,MN,522,3.44566666,46.357219,-94.201873,city,
69203,69203,SPEEDWAY #1414,US-45,Mokena,IL,293,3.339,41.52614,-87.88922,city,
69207,69207,CIRCLE K #2705988,"I-10, EXIT 209A & US-90/SR-10",Tallahassee,FL,20,3.619,30.43826,-84.28073,city,
69211,69211,KWIK TRIP #213,"I-35/US-61, EXIT 139 & CR-19",Stacy,MN,451,3.37733333,45.398056,-92.987222,city,
69213,69213,Circle K #2741498,SR-72 & SR-16,Tilden,TX,747,3.199,28.419755,-98.569322,city,
69214,69214,MAVERIK #5031,"I-70, EXIT 90 & US-24",Rifle,CO,800,3.46233333,39.549073,-107.789804,city,
69215,69215,GASWAY,US-1,North Brunswick,NJ,115,3.159,40.453767,-74.482285,city,
69217,69217,Circle K #4705624,"I-76, EXIT 2 & US-224",Seville,OH,249,3.06566666,41.022731,-81.856199,city,
69218,69218,DANDY MINI MART #58,"I-86, EXIT 41 & US-17/15",Campbell,NY,32,3.949,42.238569,-77.206619,city,
69220,69220,CIRCLE K #2705097,"I-275, EXIT 2 & US-41",Palmetto,FL,225,3.699,27.521111,-82.5725,city,
69221,69221,PILOT TRAVEL CENTER #483,"I-80, EXIT 112 & SR-47",Morris,IL,290,3.799,41.367233,-88.417769,city,
69222,69222,PILOT TRAVEL CENTERS #1003,US-287 & US-283,Childress,TX,585,3.799,34.428124,-100.21017,city,
69223,69223,LOVES TRAVEL STOP #566,"US-231/CR-53, EXIT 12",Ozark,AL,20,3.989,31.439069,-85.643629,city,
69226,69226,STRIPES #40812,US-77,Odem,TX,625,3.199,27.940306,-97.583752,city,
69228,69228,QUIKTRIP #993,"I-20, EXIT 501 & SR-34",Terrell,TX,630,2.87066666,32.73596,-96.27526,city,
69229,69229,SPEEDWAY #7154,"I-40, EXIT 87 & US-70",Jackson,TN,460,3.399,35.61452,-88.81395,city,
69230,69230,JOES KWIK MARTS #6013,SR-16 & SR-73,Denver,NC,46,3.189,35.483677,-80.989785,city,
69233,69233,PILOT TRAVEL CENTER #597,US-23 & US-50,Chillicothe,OH,315,3.799,39.33312,-82.9824,city,
69234,69234,KWIK TRIP #220,US-53/SR-194,Duluth,MN,334,3.499,46.78327,-92.10658,city,
69235,69235,KWIK TRIP #203,US-2 & SR-35,Superior,WI,334,3.339,46.72077,-92.10408,city,
69236,69236,KWIK TRIP #225,SR-54/SR-55,Seymour,WI,582,3.39066666,44.509096,-88.317243,city,
69237,69237,KWIK TRIP #239,"I-43, EXIT 50 & SR-164",Big Bend,WI,444,3.33233333,42.888463,-88.212182,city,
69238,69238,KWIK TRIP #242,"US-41, EXIT 97",Fond Du Lac,WI,444,3.34066666,43.775,-88.43883,city,
69239,69239,LOVES TRAVEL STOP #580,SR-20/157 & SR-133,Tuscumbia,AL,615,3.849,34.687432,-87.683259,city,
69245,69245,SPEEDWAY #7946,SR-24,Newport,NC,205,3.699,34.755076,-76.906945,city,
69250,69250,MAVERIK #5150,"I-25, EXIT 278 & SR-1",Wellington,CO,800,3.199,40.725525,-105.031844,city,
69252,69252,SPEEDWAY #6977,SR-96,Youngsville,NC,205,2.95233333,36.007782,-78.441198,city,
69255,69255,THE LANDING,US-82,Greenwood,MS,655,3.199,33.51623,-90.17953,city,
69257,69257,CATARINA ONE STOP,US-83,Catarina,TX,693,3.024,28.345278,-99.613056,city,
69258,69258,TEX-BEST #525,"I-37, EXIT 109 & SR-97",Pleasanton,TX,740,3.099,28.992368,-98.483061,city,
69259,69259,SPEEDWAY #7162,US-74/SR-311,Cleveland,TN,285,3.449,35.15952,-84.87661,city,
69261,69261,THORNTONS #314,SR-83,Bensenville,IL,290,3.449,41.95503,-87.94007,city,
69263,69263,LOVES TRAVEL STOP #564,US-82 & SR-50 & SR-12,Columbus,MS,615,3.249,33.49567,-88.42726,city,
69288,69288,KWIK STAR #207,"US-61, EXIT 311B & US-30",De Witt,IA,270,3.624,41.826726,-90.523735,city,
69289,69289,KWIK TRIP #224,"I-35, EXIT 254",Duluth,MN,334,3.499,46.78327,-92.10658,city,
69290,69290,LOVES TRAVEL STOP #587,"I-41/US-45, EXIT 97",Fond Du Lac,WI,444,3.44566666,43.775,-88.43883,city,
69291,69291,LOVES TRAVEL STOP #581,"I-70, EXIT 56 & US-89",Salina,UT,835,3.70566666,38.956028,-111.881072,city,
69294,69294,KWIK TRIP #317,"I-90, EXIT 28 & SR-16",Sparta,WI,515,3.24233333,43.954045,-90.814566,city,
69296,69296,KWIK TRIP #234,"I-35, EXIT 239",Cloquet,MN,334,3.319,46.726041,-92.45282,city,
69297,69297,KWIK TRIP #241,"US-51, EXIT 208 & SR-64",Merrill,WI,395,3.40733333,45.180924,-89.690696,city,
69299,69299,SPEEDWAY #7912,US-421/SR-16,Wilkesboro,NC,65,3.134,36.135857,-81.157292,city,
69300,69300,SPEEDWAY #8262,SR-306 & SR-55,Grantsboro,NC,205,3.44066666,35.122186,-76.884387,city,
69301,69301,SPEEDWAY #6969,US-264 & SR-99,Belhaven,NC,205,3.19733333,35.520493,-76.623574,city,
69305,69305,ROAD RANGER #268,"I-64, EXIT 130 & SR-1",Grayville,IL,340,3.799,38.262707,-88.003539,city,
69306,69306,PILOT TRAVEL CENTER #500,"I-75, EXIT 460 & SR-6",Jasper,FL,10,3.369,30.502914,-82.932186,city,
69307,69307,LOVES TRAVEL STOP #578,I-55 EXIT 30 & SR-140,Hamel,IL,540,3.499,38.878433,-89.872678,city,
69308,69308,LOVES TRAVEL STOP #535,SR-283,Middletown,PA,70,3.759,40.204086,-76.733127,city,
69309,69309,PILOT TRAVEL CENTER #1012,"US-218, EXIT 42B & US-34",Mount Pleasant,IA,270,3.56566666,40.964573,-91.561427,city,
69310,69310,PILOT TRAVEL CENTER #1006,"I-10, EXIT 456 & US-377",Junction,TX,740,3.599,30.47544,-99.74731,city,
69311,69311,GOLDEN GATE TRUCKSTOP HAWTHORNE,US-95/SR-362,Hawthorne,NV,966,4.079,38.534658,-118.641143,city,
69312,69312,ONVO TRAVEL PLAZA - DUNCANNON,US-11/15,Duncannon,PA,70,3.55233333,40.408678,-77.047254,city,
69313,69313,PETERSONS DIESEL FUELING,"I-5, EXIT 156",Seattle,WA,962,4.399,47.60621,-122.33207,city,
69314,69314,Circle K #4706799,"I-55, EXIT 283 & SR-43",Bridgeview,IL,291,3.919,41.75003,-87.80422,city,
69315,69315,ROAD RANGER #269,"I-70, EXIT 147 & SR-1",Marshall,IL,510,3.309,39.421999,-87.692261,city,
69318,69318,FUEL ONE,US-9 & SR-35,Avenel,NJ,115,3.37233333,40.58038,-74.28515,city,
69319,69319,SPEEDWAY #8190,US-117/13 BYP S,Goldsboro,NC,205,3.599,35.38488,-77.99277,city,
69321,69321,CIRCLE K #2741546,US-90,Gonzales,TX,747,2.87566666,29.50857,-97.449456,city,
69322,69322,SHELL SERVICE STATION,"I-10, EXIT 828 & SR-73",Winnie,TX,610,3.23233333,29.815676,-94.339499,city,
69324,69324,CIRCLE K #4707006,"I-95, EXIT 302 & US-1",Houlton,ME,170,3.899,46.11885,-67.863014,city,
69330,69330,KWIK TRIP #292,"I-43, EXIT 183",Green Bay,WI,582,3.39066666,44.51916,-88.01983,city,
69333,69333,SPEEDWAY #3578,"US-131, EXIT 64",Wayland,MI,456,3.599,42.664268,-85.619112,city,
69336,69336,SPEEDWAY #7148,"I-40, EXIT 232 & SR-109",Lebanon,TN,460,2.92233333,36.20811,-86.2911,city,
69338,69338,SPEEDWAY #6139,US-30 & SR-13,Pierceton,IN,465,3.729,41.212406,-85.706119,city,
69339,69339,SPEEDWAY #9383,"I-75, EXIT 29 & SR-63",Monroe,OH,300,3.20233333,39.441285,-84.365196,city,
69341,69341,CIRCLE K #2741067,"I-410/US-281, EXIT 41",San Antonio,TX,740,2.899,29.42412,-98.49363,city,
69342,69342,WARREN OIL,"I-90, EXIT 3 & US-41 & SR-912",Hammond,IN,365,3.439,41.58337,-87.50004,city,
69344,69344,CIRCLE K #2741078,SR-97 & SR-123,Stockdale,TX,747,3.079,29.231907,-97.935082,city,
69345,69345,RUTTERS #20,"I-76, EXIT 247 & I-283, EXIT 1A",Middletown,PA,70,3.82233333,40.204086,-76.733127,city,
69346,69346,D AND C FUEL SALES,US-6 & CR-4019,Tunkhannock,PA,200,3.699,41.550687,-75.941043,city,
69353,69353,SPEEDWAY #2910,"I-79, EXIT 55",Pittsburgh,PA,165,3.909,40.44062,-79.99589,city,
69354,69354,CIRCLE K #4702411,US-36,Danville,IN,375,3.789,39.762815,-86.534254,city,
69362,69362,HART MARATHON,US-31,Hart,MI,456,3.474,43.70676,-86.314152,city,
69365,69365,Circle K #4703911,SR-109 & SR-52,Portland,TN,460,2.959,36.567306,-86.505923,city,
69369,69369,SPEEDWAY #2912,SR-65,Baden,PA,165,3.91233333,40.641595,-80.198471,city,
69374,69374,7-ELEVEN #40558,SR-6 & CR-185,Woodway,TX,765,2.98566666,31.505074,-97.231062,city,
69377,69377,CIRCLE K #4705628,SR-21 & SR-585,Barberton,OH,249,3.58233333,41.01283,-81.60512,city,
69379,69379,Kum & Go #0535,US-6 & US-65,Des Moines,IA,320,2.98733333,41.60054,-93.60911,city,
69380,69380,CASEYS #2967,SR-43 & SR-2,Bennet,NE,413,3.229,40.63822,-96.5134,city,
69384,69384,KWIK TRIP #209,"US-41, EXIT 148 & SR-55",Kaukauna,WI,582,3.369,44.27804,-88.27205,city,
69390,69390,MINIT MART #600625,"I-57, EXIT 283 & US-24",Gilman,IL,280,3.444,40.767987,-87.993336,city,
69392,69392,LOVES TRAVEL STOP #600,"I-69, EXIT 214",Pendleton,IN,457,3.57566666,39.979237,-85.794614,city,
69393,69393,LOVES TRAVEL STOP #594,US-35 & SR-850,Bidwell,OH,315,3.849,38.927647,-82.270092,city,
69394,69394,SPEEDWAY #3424,"I-75, EXIT 73 & SR-55",Troy,OH,411,3.13566666,40.0395,-84.20328,city,
69395,69395,SPEEDWAY #3766,US-52,Indianapolis,IN,375,3.599,39.76838,-86.15804,city,
69396,69396,SPEEDWAY #7158,"I-40, EXIT 320 & SR-98",Crossville,TN,460,3.07233333,35.944041,-85.017171,city,
69397,69397,SPEEDWAY #7163,"I-40/US-412, EXIT 85",Jackson,TN,460,3.349,35.61452,-88.81395,city,
69398,69398,SPEEDWAY #7114,"I-75, EXIT 4, SR-153, EXIT 1 & US-64/US-11",Chattanooga,TN,285,3.08233333,35.04563,-85.30968,city,
69399,69399,SPEEDWAY #7147,"I-75, EXIT 49 & SR-30",Athens,TN,285,3.349,35.457389,-84.604261,city,
69400,69400,CASEYS #4411,US-641 & SR-58,Benton,KY,490,3.199,36.880649,-88.354773,city,
69401,69401,CASEYS #3205,"I-29, EXIT 47 & US-275/SR-92",Council Bluffs,IA,319,3.599,41.26194,-95.86083,city,
69402,69402,SHELL,"I-71, EXIT 151 & SR-95",Mount Gilead,OH,315,3.759,40.538371,-82.806235,city,
69403,69403,SHORTYS ONE STOP,US-83/12/SR-20,Selby,SD,248,3.089,45.478587,-100.054067,city,
69405,69405,FLYING J #551,"I-20, EXIT 330 & SR-206",Cisco,TX,575,3.14233333,32.380043,-98.986507,city,
69407,69407,Cenex,US-14/CR-812 & US-83,Blunt,SD,571,3.1015,44.502572,-99.946278,city,
69410,69410,LOVES TRAVEL STOP #602,"I-90, EXIT 67B",Box Elder,SD,506,3.989,44.119858,-103.068237,city,
69412,69412,CIRCLE K #4705724,US-127 & CR-144,Paulding,OH,411,3.699,41.141016,-84.572227,city,
69413,69413,ASAP GENERAL STORE #300,"I-40, EXIT 66 & US-183",Clinton,OK,483,3.149,35.511543,-98.979533,city,
69414,69414,FLEX MARKET,"I-65 EXIT20, US-31 W EXIT 4",Bowling Green,KY,460,2.999,36.99032,-86.4436,city,
69416,69416,CIRCLE K #2740541,HWY 90,Roans Prairie,TX,670,3.07233333,30.486944,-95.986667,city,
69417,69417,LOVLEN FOODS,US-58 & SR-615,Drewryville,VA,130,3.049,36.685433,-77.359098,city,
69421,69421,CIRCLE K #2741257,"I-10, EXIT 19B",El Paso,TX,640,2.91566666,31.75872,-106.48693,city,
69423,69423,FAST MARKET #4574,SR-375 & CR-258,El Paso,TX,640,2.90566666,31.75872,-106.48693,city,
69425,69425,5R TRAVEL CENTER,"I-10, US HWY 180, EXIT 82A",Deming,NM,640,3.049,32.231808,-107.746559,city,
69426,69426,LOVES TRAVEL STOP #553,"I-40 E, EXIT 163",Williams,AZ,930,3.59566666,35.249842,-112.190623,city,
69434,69434,CIRCLE K #2741559,US-281 & SR-29,Burnet,TX,595,2.91566666,30.776597,-98.26424,city,
69436,69436,CIRCLE K #2741077,SR-97 & CR-433,Pleasanton,TX,747,2.949,28.992368,-98.483061,city,
69437,69437,CountryMark,SR-66,Evansville,IN,340,3.699,37.97476,-87.55585,city,
69438,69438,LOVES TRAVEL STOP #585,"I-49/US-71, EXIT 27 & SR-86",Neosho,MO,277,3.39733333,36.870634,-94.386218,city,
69439,69439,LOVES TRAVEL STOP #608,"I-135, EXIT 60 & US-56",Mcpherson,KS,570,3.324,38.373732,-97.654989,city,
69440,69440,LOVES TRAVEL STOP #592,US-24 & SR-101,Woodburn,IN,370,3.849,41.136102,-84.892871,city,
69441,69441,LOVES TRAVEL STOP #610,"I-20, EXIT 307 & US-283",Baird,TX,575,3.10733333,32.391557,-99.37766,city,
69442,69442,Eagle #51,US-83 & FM-1917,Carrizo Springs,TX,740,3.279,28.52779,-99.863513,city,
69446,69446,SUPER SAVE #4,SR-33 & SR-15,Farmerville,LA,719,3.479,32.753378,-92.317955,city,
69448,69448,STRIPES #42525,"I-27/US-87, EXIT 2",Lubbock,TX,700,2.95733333,33.57786,-101.85517,city,
69451,69451,LOVES TRAVEL STOP #603,I-95 EXIT 366 AT PECAN PARK RD,Jacksonville,FL,75,3.399,30.33218,-81.65565,city,
69452,69452,DANDY MINI MART #5,HWY 6,Towanda,PA,32,3.999,41.763758,-76.464527,city,
69453,69453,7-ELEVEN #41033,US-69,Woodville,TX,610,3.149,30.775133,-94.425494,city,
69454,69454,SPEEDWAY #6092,"I-65, EXIT 76A & US-31",Taylorsville,IN,375,3.35733333,39.295833,-85.950833,city,
69455,69455,SPEEDWAY #4214,"I-45, EXIT 46 & US-100",Milwaukee,WI,448,3.36566666,43.0389,-87.90647,city,
69458,69458,PEOSTA KWIK STOP,"US-20, EXIT 308",Peosta,IA,335,3.489,42.443535,-90.809372,city,
69459,69459,LOVES TRAVEL STOP #583,"I-64, EXIT 27 & SR-161",New Baden,IL,540,3.849,38.531485,-89.692232,city,
69462,69462,LOVES TRAVEL STOP #619,"I-59, EXIT 29 & SR-26",Poplarville,MS,725,3.17566666,30.852362,-89.564751,city,
69465,69465,MAVERIK COUNTRY STORE #476,US-59,Gillette,WY,790,3.36566666,44.29109,-105.50222,city,
69467,69467,CIRCLE K #2741547,US-181,Floresville,TX,740,2.99566666,29.169338,-98.193589,city,
69468,69468,TOOT N TOTUM #100,US-83,Perryton,TX,585,2.999,36.374825,-100.815558,city,
69469,69469,QUIKTRIP #1110,"I-85, EXIT 60 & US-101",Greer,SC,210,3.08566666,34.93873,-82.22706,city,
69471,69471,Circle K #2741501,"I-37, EXIT 3A",Corpus Christi,TX,625,3.104,27.80058,-97.39638,city,
69474,69474,LOVES TRAVEL STOP #577,"I-85, EXIT 22",Shorter,AL,720,3.22066666,32.383585,-85.91616,city,
69475,69475,GUTHRIE TRAVEL CENTER,I-35 EXT 138C,Guthrie,OK,483,2.96566666,35.832955,-97.435995,city,
69477,69477,LOVES TRAVEL STOP #621,US-36 & SR-110,Bevier,MO,310,3.439,39.749707,-92.561925,city,
69480,69480,VAN HOOK TRAVEL CENTER,US-23,New Town,ND,452,3.56233333,47.977154,-102.485793,city,
69483,69483,LOVES TRAVEL STOP #607,"US-63, EXIT 40 & SR-463",Jonesboro,AR,435,3.439,35.8423,-90.70428,city,
69484,69484,KWIK TRIP #774,SR-13,Adams,WI,395,3.274,43.896688,-89.821869,city,
69485,69485,7-ELEVEN #41036,US-96,San Augustine,TX,618,3.159,31.515173,-94.132581,city,
69486,69486,DUCK THRU FOOD STORE #42,SR-186 & SR-305,Seaboard,NC,130,3.299,36.488552,-77.411306,city,
69487,69487,CIRCLE K #2742034,"I-35, EXIT 176",Schertz,TX,740,2.794,29.55217,-98.26973,city,
69489,69489,SPRINT FOODS #728,SR-38,Bennettsville,SC,63,3.399,34.625501,-79.689826,city,
69492,69492,GOOD 2 GO #418,"I-15, EXIT 273 & US-54 & US-91",Mona,UT,835,3.429,39.838165,-111.848001,city,
69494,69494,TMI FUEL STOP,SR 1,Port Allen,LA,600,3.06566666,30.471983,-91.254088,city,
69495,69495,QUIKTRIP #72,US-69 & US-62,Muskogee,OK,560,3.03233333,35.74788,-95.36969,city,
69496,69496,LOVES TRAVEL STOP #601,"I-70, EXIT 115 & SR-109",Knightstown,IN,375,3.949,39.806029,-85.526148,city,
69497,69497,MACH ONE FOOD SHOP #10,"I-70 & EXIT 129, SR-49",Casey,IL,510,3.299,39.301716,-87.991306,city,
69499,69499,HANKS TRUCK STOP,US-39 & US-30,Hanna,IN,457,3.499,41.408767,-86.775922,city,
69500,69500,ROAD RANGER #271,"I-20, EXIT 108",Odessa,TX,710,3.51566666,31.84568,-102.36764,city,
69501,69501,VALLEY COUNTRY STORE,"I-84, EXIT 16B & SR-79",Jerome,ID,787,3.43233333,42.71784,-114.501244,city,
69504,69504,KWIK TRIP #245,SR-42,Plainview,MN,515,3.624,44.16373,-92.162125,city,
69505,69505,KWIK TRIP #282,"I-43, EXIT 43 & SR-83",Mukwonago,WI,444,3.33733333,42.882054,-88.345116,city,
69506,69506,KWIK TRIP #290,"I-94/US-41, EXIT 321",Oak Creek,WI,444,3.719,42.88585,-87.86314,city,
69508,69508,KWIK TRIP #777,SR-49 & CR-F,Berlin,WI,582,3.42566666,43.976936,-88.949009,city,
69510,69510,CLARK #3121,SR-46 & SR-24,Caro,MI,260,3.399,43.483272,-83.383469,city,
69512,69512,LOVES TRAVEL STOP #589,"I-27/US-87, EXIT 8 & FM-2641",Lubbock,TX,700,3.33233333,33.57786,-101.85517,city,
69513,69513,KWIK TRIP #885,WI-29 EXIT 132,Abbotsford,WI,395,3.45233333,44.964057,-90.299438,city,
69514,69514,Flying J #1033,"I-20, EXIT 138 & SR-158",Midland,TX,710,3.56566666,31.99735,-102.07791,city,
69520,69520,SPEEDWAY #2908,SR-51,Perryopolis,PA,165,3.91566666,40.085724,-79.754384,city,
69521,69521,CASEYS #3319,"US-30, EXIT 158",Nevada,IA,320,2.989,42.018983,-93.446219,city,
69522,69522,FUEL EXPRESSO 17,"I-35 & EXIT 187, SR-68",Ottawa,KS,400,3.17233333,38.614247,-95.274519,city,
69524,69524,CONCORD XTRAMART,"I-93, EXIT 17 & US-4",Concord,NH,178,3.659,43.20814,-71.53757,city,
69525,69525,DILLEY TRUCK STOP,"I-35 & EXIT 85, FM 117",Dilley,TX,740,3.06566666,28.678201,-99.174684,city,
69526,69526,STRIPES 7FLEET #42469,"I-20, US-80 EXIT 15A",Santo,TX,575,2.91733333,32.597935,-98.179675,city,
69527,69527,Exxon,"I-96, EXIT 129",Fowlerville,MI,406,3.749,42.661438,-84.072085,city,
69528,69528,KWIK STAR #283,"I-380/US-218/SR-27, EXIT 13",Cedar Rapids,IA,380,3.53233333,42.00833,-91.64407,city,
69530,69530,CIRCLE K #2741030,"I-35, EXIT 160",San Antonio,TX,740,2.999,29.42412,-98.49363,city,
69531,69531,Kwik Star#223,"I-35, EXIT 194 & US-18/SR-122",Clear Lake,IA,433,3.079,43.140607,-93.384978,city,
69532,69532,JACKSONS FOOD STORE #147,"I-84, EXIT 27/US-20 & SR-19",Caldwell,ID,785,3.579,43.66294,-116.68736,city,
69534,69534,CAIRO TRAVEL CENTER,US-84/SR-38,Cairo,GA,20,3.424,30.9517,-84.2048,city,
69536,69536,7-ELEVEN #40802,US-87,Nixon,TX,740,3.079,29.301649,-97.752898,city,
69541,69541,PILOT #1027,US-385 & CR-E,Vega,TX,585,3.30566666,35.373212,-102.356572,city,
69542,69542,PILOT TRAVEL CENTER #1030,"I-57, EXIT 353",Alsip,IL,290,3.459,41.66892,-87.73866,city,
69545,69545,LOVES TRAVEL STOP #628,"I-35E, EXIT 386 & FM-1134",Italy,TX,630,3.10233333,32.178508,-96.88229,city,
69546,69546,KWIK TRIP #186,"I-35, EXIT 183",Hinckley,MN,334,3.35233333,46.018876,-92.899333,city,
69547,69547,KWIK TRIP #297,"US-10, WI-441",Menasha,WI,582,3.49066666,44.20221,-88.4465,city,
69549,69549,KWIK TRIP #178,"I-494, EXIT 64B & SR-156",South Saint Paul,MN,451,3.60733333,44.89274,-93.03494,city,
69550,69550,KWIK TRIP #273,"I-35, EXIT 251B & SR-23",Duluth,MN,334,3.499,46.78327,-92.10658,city,
69553,69553,SPEEDWAY #2120,US-30,Oswego,IL,293,3.259,41.68281,-88.35146,city,
69554,69554,SPEEDWAY #8047,"I-70, EXIT 104 & SR-9",Greenfield,IN,375,3.599,39.78504,-85.76942,city,
69558,69558,CIRCLE K #2741070,FM-1560,San Antonio,TX,740,2.914,29.42412,-98.49363,city,
69559,69559,CASEYS #3424,"I-35, EXIT 26 & SR-30",Ellendale,MN,433,3.499,43.882591,-93.319492,city,
69560,69560,LOVES TRAVEL STOP #614,"I-40, EXIT 149",Albuquerque,NM,580,3.52066666,35.08449,-106.65114,city,
69561,69561,SPEEDWAY #7156,"I-40/75, EXIT 374 & SR-131",Knoxville,TN,405,3.26566666,35.96064,-83.92074,city,
69562,69562,SPEEDWAY #8796,"I-496, EXIT 11",Lansing,MI,406,3.699,42.73253,-84.55553,city,
69563,69563,SPEEDWAY #9651,"I-75, EXIT 104",Lexington,KY,410,3.149,37.98869,-84.47772,city,
69564,69564,SPEEDWAY #7106,"I-40, EXIT 280 & SR-56",Baxter,TN,460,3.06566666,36.124917,-85.637766,city,
69565,69565,PILOT #1021,"I-196, EXIT 49",Holland,MI,406,4.049,42.78752,-86.10893,city,
69566,69566,PILOT TRAVEL CENTER #1024,"I-80, EXIT 132B & SR-53",Joliet,IL,290,3.799,41.52519,-88.0834,city,
69567,69567,KWIK TRIP #166,"I-35, EXIT 214",Moose Lake,MN,334,3.319,46.44724,-92.746648,city,
69568,69568,KWIK TRIP #295,SR-26 & SR-59,Milton,WI,420,3.399,42.779087,-88.953087,city,
69570,69570,CENEX CONVENIENCE,SR-34 & CR-21,Detroit Lakes,MN,341,3.499,46.834877,-95.800606,city,
69572,69572,AC & T GARLAND GROH,I-81 EXIT 7B,Hagerstown,MD,70,3.559,39.64176,-77.71999,city,
69573,69573,AC & T Falling Waters,"I-81, EXIT 23",Falling Waters,WV,70,3.849,39.586473,-77.885152,city,
69574,69574,LOVES TRAVEL STOP #622,"I-94, EXIT 45 & CR-B",Menomonie,WI,450,3.579,44.87552,-91.91934,city,
69575,69575,LOVES TRAVEL STOP #537,"I-68, EXIT 46 & US-220/SR-144",Cumberland,MD,14,4.249,39.65287,-78.76252,city,
69576,69576,PILOT #498,US-69/75 & SR-7,Atoka,OK,253,3.499,34.34451,-96.141827,city,
69580,69580,GORES TRAVEL PLAZA,US-270/SR-3,Seiling,OK,483,3.149,36.127823,-98.88746,city,
69581,69581,BYRNE DAIRY #22,"I-81, EXIT 15 & US-20",La Fayette,NY,220,4.299,42.890959,-76.106116,city,
69584,69584,LOVES TRAVEL STOP #648,US-70,Valliant,OK,253,3.099,34.009056,-95.068625,city,
69585,69585,LOVES TRAVEL STOP #618,"I-75, EXIT 136 & SR-32",Sadieville,KY,300,3.139,38.390816,-84.538424,city,
69587,69587,LAMBOS #3,"I-57, EXIT 190A & SR-16",Mattoon,IL,280,3.399,39.48309,-88.37283,city,
69588,69588,FUEL CITY,"I-30, EXIT 52B & US-80",Mesquite,TX,630,2.96566666,32.7668,-96.59916,city,
69589,69589,LOVES TRAVEL STOP #604,I-35 EXIT 157 & SR-33,Guthrie,OK,483,3.319,35.832955,-97.435995,city,
69590,69590,LOVES TRAVEL STOP #654,US-81,Union City,OK,483,3.37566666,35.391333,-97.93979,city,
69591,69591,REBEL PLUS #841,"I-75, EXIT 116 & CR-865",Bonita Springs,FL,225,3.539,26.33981,-81.7787,city,
69592,69592,SPEEDWAY #6131,"I-465, EXIT 49",Indianapolis,IN,375,3.799,39.76838,-86.15804,city,
69594,69594,SPEEDWAY #8480,US-30 & CR-36,Plainfield,IL,293,3.309,41.62697,-88.20395,city,
69595,69595,SPEEDWAY #7176,US-31/SR-6,Columbia,TN,460,3.359,35.61507,-87.03528,city,
69596,69596,SPEEDWAY #4250,SR-72,Des Plaines,IL,293,3.394,42.03336,-87.8834,city,
69597,69597,SPEEDWAY #2918,US-119,Uniontown,PA,165,3.91566666,39.889733,-79.728216,city,
69598,69598,SPEEDWAY #8133,SR-237,Berea,OH,305,3.499,41.36616,-81.8543,city,
69599,69599,One9 SPEEDWAY #2917,SR-48 & SR-130,Monroeville,PA,165,3.99233333,40.42118,-79.7881,city,
69601,69601,LOVES TRAVEL STOP #638,US-54,Texhoma,OK,585,3.509,36.52529,-101.839351,city,
69605,69605,CASEYS #3305,SR-23 & SR-47,Ogilvie,MN,333,3.371,45.847632,-93.435921,city,
69607,69607,PANOLA PINES PLAZA,I-59,Carthage,TX,618,3.139,32.154379,-94.352721,city,
69608,69608,STRIPES,FM 1924,Mission,TX,639,3.099,26.21591,-98.32529,city,
69611,69611,CUBBYS #2104,CR-131,Shelby,NE,313,3.399,41.243544,-97.429536,city,
69612,69612,ROAD RANGER #272,"I-35, EXIT 39 & SR-44",Encinal,TX,693,3.539,28.051329,-99.340902,city,
69614,69614,RUTTERS #36,US-15 & SR-234,York Springs,PA,70,4.299,40.00839,-77.106136,city,
69615,69615,LOVES TRAVEL STOP #631,US-275/SR-64,Valley,NE,270,3.34566666,41.318581,-96.346288,city,
69616,69616,FLYING J #552,"I-71, EXIT 32 & SR-350",Lebanon,OH,407,3.399,39.43534,-84.20299,city,
69618,69618,LOVES TRAVEL STOP #656,US-50/400,Holcomb,KS,525,3.729,37.993105,-100.989323,city,
69621,69621,Circle K #2741096,"I-10/US-90, EXIT 591 & FM-1518",Converse,TX,740,2.93566666,29.51801,-98.31612,city,
69625,69625,RUTTERS #34,US-30 & SR-23,Leola,PA,70,4.199,40.096448,-76.192109,city,
69626,69626,CASEYS #2860,US-160 & FM-6070,West Plains,MO,535,3.419,36.728418,-91.871681,city,
69627,69627,STRIPES #40601,US-83 & FM-2360,Rio Grande City,TX,639,2.99566666,26.394194,-98.810444,city,
69629,69629,SWANTON MOBIL,"I-89, EXIT 21 & SR-78",Swanton,VT,39,3.539,44.916754,-73.121124,city,
69630,69630,MANSFIELD TRAVEL PLAZA,SR-175 & SR-509,Mansfield,LA,745,3.019,32.023863,-93.698045,city,
69632,69632,Circle K #2709300,US-72/SR-2,Huntsville,AL,460,2.97733333,34.7304,-86.58594,city,
69633,69633,ONE9 EXPRESS FUEL,"I-10, EXIT 42 & FM-1110",Clint,TX,640,2.80233333,31.549418,-106.20383,city,
69636,69636,PETRO WILMINGTON,"I-55, EXIT 240",Wilmington,IL,290,3.474,41.298063,-88.130083,city,
69637,69637,PILOT TRAVEL CENTER #1041,SR-64 & CR-23,Carol Stream,IL,290,3.779,41.91253,-88.13479,city,
69643,69643,Tex-Best #524,SR-44 E,Alice,TX,625,2.899,27.75225,-98.06972,city,
69646,69646,Arco dba One9 #1258,"I-10, EXIT 19",Quartzsite,AZ,930,3.369,33.5675,-114.2731,city,
69647,69647,SPEEDWAY #6207,SR-25,Batavia,IL,293,3.649,41.85003,-88.31257,city,
69648,69648,BP-GIANT OIL #440,"I-71, EXIT 204 & SR-83",Burbank,OH,249,3.23233333,40.963725,-81.995753,city,
69649,69649,SPEEDWAY #2921,"I-80, EXIT 29 & SR-8",Harrisville,PA,573,3.434,41.163087,-79.979639,city,
69651,69651,LOVES TRAVEL STOP #074,SR-19 & SR-76,Lindsay,OK,483,3.09066666,34.821116,-97.599788,city,
69652,69652,LOVES TRAVEL STOP #633,US-30,Plymouth,IN,365,3.849,41.333897,-86.324087,city,
69653,69653,LOVES TRAVEL STOP #644,"I-70, EXIT 437 & US-385",Burlington,CO,800,3.889,39.310649,-102.258281,city,
69654,69654,LOVES TRAVEL STOP #636,US-169,Nowata,OK,500,3.399,36.694565,-95.640421,city,
69657,69657,JIFFY MART,US-7 & SR-22A,Ferrisburgh,VT,39,3.599,44.212822,-73.258575,city,
69658,69658,Missouri Travel,"I-29, EXIT 75 & US-30",Missouri Valley,IA,319,3.424,41.564399,-95.891346,city,
69659,69659,QUIKTRIP #1092,"I-77, EXIT 77 & US-21/SR-5",Rock Hill,SC,46,3.134,34.92487,-81.02508,city,
69662,69662,STRIPES 7FLEET #42472,US-377,Brownwood,TX,575,2.96233333,31.70932,-98.99116,city,
69663,69663,STRIPES #2484,SR-480 & FM-1021,Eagle Pass,TX,740,3.199,28.70914,-100.49952,city,
69664,69664,7-ELEVEN #40544,US-281,Lampasas,TX,765,2.91566666,31.067957,-98.183361,city,
69666,69666,7-ELEVEN #40587,SR-21 & FM-150,Maxwell,TX,595,3.15233333,29.878628,-97.852852,city,
69668,69668,LOVES TRAVEL STOP #643,"I-55/57, EXIT 66A & US-60",Sikeston,MO,490,3.549,36.87672,-89.58786,city,
69669,69669,LOVES TRAVEL STOP #623,"I-20/SR-349, EXIT 131",Midland,TX,710,3.55566666,31.99735,-102.07791,city,
69670,69670,LOVES TRAVEL STOP #611,"I-90, EXIT B3 & SR-22",Canaan,NY,12,3.984,42.413168,-73.415889,city,
69671,69671,LOVES TRAVEL STOP #655,US-83 & SR-96,Scott City,KS,525,3.63733333,38.47994,-100.899331,city,
69672,69672,STRIPES 7FLEET #42507,US-285,Pecos,TX,710,3.379,31.414384,-103.508129,city,
69673,69673,QUIKTRIP #1863,"SEC HWY 114, I-35",Roanoke,TX,630,2.97566666,32.98639,-97.205346,city,
69674,69674,WEIGLES #64,"I-75, EXIT 122 & SR-61",Clinton,TN,405,2.99566666,36.08688,-84.189735,city,
69676,69676,SPEEDWAY #8495,"US-19/SR-400, EXIT 12",Alpharetta,GA,18,3.349,34.07538,-84.29409,city,
69679,69679,LOVES TRAVEL STOP #627,US-27 & SR-54,Davenport,FL,140,3.55233333,28.22,-81.6205,city,
69680,69680,PILOT TRAVEL CENTER #1042,I-55 EXIT 283,Bridgeview,IL,290,3.799,41.75003,-87.80422,city,
69681,69681,PILOT TRAVEL CENTER #1549,"I-20, EXIT168 & SR-77",Lincoln,AL,615,3.154,33.605913,-86.111152,city,
69682,69682,PILOT #1577,"I-75, EXIT 141 & SR-63",Pioneer,TN,405,3.02566666,36.469465,-84.290672,city,
69683,69683,GOOD TO GO #88,"I-55, EXIT 283",Chicago,IL,291,3.619,41.85003,-87.65005,city,
69684,69684,KWIK TRIP #140,"SR-29, EXIT 177",Schofield,WI,395,3.424,44.906407,-89.581789,city,
69686,69686,CASEYS #3472,SR-125 & SR-78,Virginia,IL,368,3.759,39.945475,-90.212681,city,
69687,69687,CASEYS #3470,US-421 & SR-16,Monon,IN,375,3.779,40.861176,-86.863537,city,
69688,69688,CASEYS #3431,US-150 & SR-54,Farmer City,IL,368,3.339,40.244689,-88.663385,city,
69693,69693,MAVERIK COUNTRY STORE #527,"US-89, EXIT 405",Ogden,UT,835,3.439,41.223,-111.97383,city,
69694,69694,MAVERIK COUNTRY STORE #533,US-91 & SR-101,Wellsville,UT,835,3.444,41.634302,-111.931676,city,
69695,69695,MAVERIK COUNTRY STORE #488,"I-15/US-89, EXIT 288",Draper,UT,835,3.44566666,40.52467,-111.86382,city,
69696,69696,MAVERIK COUNTRY STORE #531,"I-80/15, EXIT 305D",Logan,UT,835,3.43066666,41.73549,-111.83439,city,
69698,69698,KUM & GO #0891,I-44 (EASTBOUND),Vinita,OK,560,3.059,36.633353,-95.138164,city,
69699,69699,CIRCLE K #2741552,"SR-969, SR-130, EXIT 444",Austin,TX,595,2.93233333,30.26715,-97.74306,city,
69701,69701,PUMP & PANTRY #48,US-30 & SR-25,Fremont,NE,486,3.319,41.43333,-96.49808,city,
69702,69702,SPEEDWAY #7159,"I-40/SR-66, EXIT 412",Dandridge,TN,405,3.259,36.001798,-83.404435,city,
69703,69703,CIRCLE K #2741831,"I-35, EXIT 8B & SR-20",Laredo,TX,693,2.90233333,27.50641,-99.50754,city,
69707,69707,SUPER S TRAVEL PLAZA,"I-49, EXIT 241",Ida,LA,745,3.059,32.993393,-93.902186,city,
69708,69708,TA Express #289,US-59,Nacogdoches,TX,618,3.139,31.60351,-94.65549,city,
69709,69709,LOVES TRAVEL STOP #626,US-287,Dumas,TX,585,3.41566666,35.86559,-101.97324,city,
69710,69710,LOVES TRAVEL STOP #625,"I-80, EXIT 59 & SR-17J",Sidney,NE,475,3.47233333,41.142778,-102.9775,city,
69711,69711,PILOT TRAVEL CENTER #1047,"I-295, EXIT 25",Jacksonville,FL,75,3.3715,30.33218,-81.65565,city,
69712,69712,LOVES TRAVEL STOP #650,"I-84/US-30, EXIT 159",Boardman,OR,935,3.52233333,45.827165,-119.72057,city,
69713,69713,EAGLE #56,"I-45, Exit 189",Teague,TX,765,3.48233333,31.632772,-96.27778,city,
69715,69715,CASEYS #2712,SR-8/SR-14,Superior,NE,413,3.36233333,40.031537,-98.077872,city,
69719,69719,SHEETZ #033,"I-99/US-220, EXIT 41 & SR-865",Altoona,PA,14,3.529,40.51868,-78.39474,city,
69720,69720,PILOT TRAVEL CENTER #1046,US-27 & SR-80,South Bay,FL,176,3.799,26.670126,-80.731214,city,
69721,69721,MFA,US-36,Brookfield,MO,276,3.249,39.784612,-93.071948,city,
69723,69723,SPEEDWAY #5036,I-90 & US-20,Hampshire,IL,293,3.369,42.080748,-88.517033,city,
69727,69727,PETRO-CARD 24 #910880,SR-6/13,Gallatin,MO,276,3.299,39.902486,-93.978748,city,
69729,69729,MFA OIL,US-63 & HWY E,Queen City,MO,494,3.249,40.415175,-92.566263,city,
69731,69731,PETRO-CARD 24 #910561,"I-49, EXIT 102A",Nevada,MO,277,3.349,37.840853,-94.357127,city,
69732,69732,PETRO-CARD 24 #911043,US-65,Sedalia,MO,392,3.249,38.70446,-93.22826,city,
69735,69735,PETRO-CARD 24 #910200,US-65 & BUS US-36,Chillicothe,MO,276,3.289,39.796569,-93.550887,city,
69740,69740,LOVES TRAVEL STOP #613,"I-81, EXIT 24 & SR-80",Meadowview,VA,185,3.599,36.761175,-81.851205,city,
69741,69741,LOVES TRAVEL STOP #659,"I-10, EXIT 133B",Tolleson,AZ,930,3.569,33.434686,-112.277444,city,
69742,69742,LOVES TRAVEL STOP #630,US-412/64,Enid,OK,337,3.78733333,36.39559,-97.87839,city,
69743,69743,LOVES TRAVEL STOP #647,US-81,Belleville,KS,523,3.81566666,39.824054,-97.629016,city,
69744,69744,LOVES TRAVEL STOP #632,US-54 & US-83,Liberal,KS,585,3.66566666,37.04308,-100.921,city,
69745,69745,PILOT #1070,"I-40/US-54, EXIT 277 & US-84",Santa Rosa,NM,580,3.46233333,34.933276,-104.682155,city,
69746,69746,Maverik Country Store #5014,I-80 E EXIT 110 & HWY169,De Soto,IA,320,3.099,41.533285,-94.027582,city,
69747,69747,SUNOCO,I-69 & YS HWY 30,Fort Wayne,IN,370,3.604,41.1306,-85.12886,city,
69748,69748,SUNOCO,SR-930 E,Fort Wayne,IN,370,3.59733333,41.1306,-85.12886,city,
69750,69750,CIRCLE K #2704041,"I-35, EXIT 183",New Braunfels,TX,740,2.859,29.703,-98.12445,city,
69751,69751,MFA,CR-37,Purdy,MO,416,3.349,36.806917,-93.916376,city,
69755,69755,PILOT #1082,"I-526, EXIT 19",Charleston,SC,42,3.41566666,32.77657,-79.93092,city,
69758,69758,MAVERIK COUNTRY STORE #537,I-215 EXIT 21,Salt Lake City,UT,835,3.38233333,40.76078,-111.89105,city,
69764,69764,MAVERIK COUNTRY STORE #538,I-15 & SR-99,Fillmore,UT,835,3.38733333,38.980539,-112.331321,city,
69765,69765,7-ELEVEN #40509,I-90/80 EB,Howe,IN,465,3.899,41.728594,-85.472746,city,
69766,69766,Marathon,"I-75, EXIT 99 & SR-119",Anna,OH,411,3.029,40.405105,-84.210344,city,
69770,69770,SASSYS TRUCK STOP,"I-86, EXIT 23 & US-219",Limestone,NY,240,3.159,42.063945,-78.631979,city,
69772,69772,CIRCLE K #2741825,"I-410, EXIT 2 & FM-2536",San Antonio,TX,740,3.099,29.42412,-98.49363,city,
69780,69780,Bolingbrook Mart,"I-55, EXIT 269",Bolingbrook,IL,293,3.639,41.69864,-88.0684,city,
69782,69782,BYRNE DAIRY #14,SR-414 & SR-318,Waterloo,NY,190,3.999,42.904515,-76.875498,city,
69783,69783,SHEETZ #603,"I-78 US-22, EXIT 13 & SR-501",Bethel,PA,208,3.32733333,40.480834,-76.274209,city,
69784,69784,KWIK TRIP #158,US-10 & SR-23,Saint Cloud,MN,451,3.27733333,45.5608,-94.16249,city,
69785,69785,LOVES TRAVEL STOP #662,US-287 & SR-285,Quanah,TX,585,3.849,34.29555,-99.749438,city,
69786,69786,LOVES TRAVEL STOP #671,"I-55, EXIT 63 & US-61",Blytheville,AR,275,3.45566666,35.934482,-89.922497,city,
69787,69787,LOVES TRAVEL STOP #616,"I-49, EXIT 158",Harrisonville,MO,400,3.429,38.64193,-94.32852,city,
69788,69788,LOVES TRAVEL STOP #612,"SR-370, EXIT 9 & SR-141",Bridgeton,MO,540,3.12066666,38.750627,-90.416101,city,
69789,69789,LOVES TRAVEL STOP #620,US-301 & SR-20,Hawthorne,FL,140,3.789,29.573998,-82.105625,city,
69790,69790,LOVES TRAVEL STOP #641,I-155/US-412 EXIT 13 & SR-78,Dyersburg,TN,275,3.40233333,36.03452,-89.38563,city,
69791,69791,PILOT #1083,US-287 & US-54,Stratford,TX,585,3.499,36.33349,-101.988568,city,
69792,69792,FLYING J #1061,"I-44, EXIT 72",Springfield,MO,416,3.38233333,37.21533,-93.29824,city,
69797,69797,KWIK TRIP #149,US-10,Saint Cloud,MN,451,3.21066666,45.5608,-94.16249,city,
69798,69798,LOVES TRAVEL STOP #060,US-36 & US-283,Norton,KS,525,3.109,39.840706,-99.887832,city,
69799,69799,MAVERIK COUNTRY STORE #387,"I-40, EXIT 253",Winslow,AZ,930,3.23566666,35.16078,-110.511382,city,
69800,69800,MAVERIK COUNTRY STORE #502,US-385 & SR-2,Alliance,NE,795,3.259,42.114943,-102.888045,city,
69801,69801,MAVERIK COUNTRY STORE #409,"I-580, EXIT 41 & SR-531",Carson City,NV,966,3.589,39.1638,-119.7674,city,
69803,69803,THORNTONS #319,"I-55, EXIT 248 & US-6",Channahon,IL,399,3.274,41.434664,-88.213786,city,
69804,69804,KWIK TRIP #184,"I-94, EXIT 293",Pewaukee,WI,444,3.449,43.078777,-88.272922,city,
69809,69809,KWIK TRIP #162,"I-94, EXIT 202",Elk River,MN,451,3.29733333,45.30385,-93.56718,city,
69811,69811,Chisholm Corner #16,US-81 & SR-7,Marlow,OK,569,3.01566666,34.638681,-97.940955,city,
69813,69813,SHEETZ #608,"I-81, EXIT 24 & CR-696",Shippensburg,PA,70,3.28566666,40.051359,-77.519477,city,
69814,69814,Allsup's #2454,US-87 & SR-163,Sterling City,TX,612,3.224,31.835063,-101.001729,city,
69815,69815,CENEX ZIP TRIP #75,"I-94/US-12, EXIT 138 & US-59",Miles City,MT,780,3.49733333,46.407459,-105.833193,city,
69816,69816,STRIPES #42503,"I-27, EXIT 1",Lubbock,TX,700,2.95066666,33.57786,-101.85517,city,
69817,69817,LOVES TRAVEL STOP #639,"I-20, EXIT 96",Lake,MS,705,3.16233333,32.345909,-89.341354,city,
69818,69818,LOVES TRAVEL STOP #675,US-75,Okmulgee,OK,560,3.21733333,35.628805,-95.96967,city,
69819,69819,FLYING J TRAVEL PLAZA #1086,SR-18 & SR-5,Marion,IN,457,3.569,40.55837,-85.65914,city,
69820,69820,CUBBYS #304,SR-7,Manson,IA,319,3.299,42.528503,-94.530386,city,
69821,69821,FUEL CITY HALTOM CITY,"I-35W, EXIT 52B & TX-121",Haltom City,TX,630,2.96566666,32.79957,-97.26918,city,
69823,69823,LOVES TRAVEL STOP #664,US-41,Terre Haute,IN,375,3.949,39.4667,-87.41391,city,
69824,69824,LOVES TRAVEL STOP #663,US-190 & LA-103,Port Barre,LA,730,3.124,30.547788,-91.928576,city,
69825,69825,KWIK TRIP #154,MN-15,Sauk Rapids,MN,451,3.30233333,45.604032,-94.159088,city,
69826,69826,LOVES TRAVEL STOP #629,I-65 EXIT 108 & SR-76,White House,TN,460,3.159,36.460048,-86.670524,city,
69827,69827,KWIK TRIP #164,US-12/SR-29,Menomonie,WI,295,3.499,44.87552,-91.91934,city,
69830,69830,RUTTERS #69,"I-78/US-22, EXIT 29 & SR-61",Hamburg,PA,208,3.86566666,40.548799,-75.987361,city,
69832,69832,LOVES TRAVEL STOP #595,"I-10, EXIT 28 & SR-49",Gulfport,MS,733,3.144,30.36742,-89.09282,city,
69833,69833,LOVES TRAVEL STOP #658,US-412,Watts,OK,416,3.34733333,36.115216,-94.634472,city,
69835,69835,LOVES TRAVEL STOP #653,US-287,Eads,CO,800,3.47566666,38.444141,-102.50536,city,
69837,69837,LOVES TRAVEL STOP #606,"I-94, EXIT 73B & US-6",South Holland,IL,290,3.469,41.60087,-87.60699,city,
69840,69840,KUM & GO #0370,"I-80, EXIT 439 & SR-370",Gretna,NE,486,2.92066666,41.134458,-96.245837,city,
69842,69842,KUM & GO #0863,"I-44, EXIT 215 & SR-97",Sapulpa,OK,560,3.23233333,35.9987,-96.11417,city,
69845,69845,Maverik Country Store #5013,US-40 & SR-13,Craig,CO,800,3.459,40.522351,-107.561458,city,
69847,69847,KWIK STAR #145,US-52,Guttenberg,IA,335,3.599,42.759443,-91.119015,city,
69848,69848,KWIK TRIP #173,SR-17,Rhinelander,WI,395,3.45233333,45.646718,-89.409285,city,
69850,69850,KUM & GO #0539,"I-80 E, & SR-415 EXIT 135",Des Moines,IA,320,3.07233333,41.60054,-93.60911,city,
69851,69851,SPEEDWAY #3995,I-90,Belvidere,IL,293,3.849,42.26391,-88.84427,city,
69852,69852,KWIK TRIP #141,SR-61,Two Harbors,MN,334,3.499,47.039364,-91.678264,city,
69854,69854,LOVES TRAVEL STOP #637,"I-39, EXIT 115 & CR-CS",Poynette,WI,420,3.789,43.401342,-89.418857,city,
69855,69855,LOVES TRAVEL STOP #670,US-18,Floyd,IA,433,3.649,43.143049,-92.723988,city,
69856,69856,LOVES TRAVEL STOP #657,"I-77, EXIT 5 & SR-48",Cayce,SC,46,3.39733333,33.962567,-81.067084,city,
69858,69858,TEX-BEST #528,US-181,Elmendorf,TX,740,2.89233333,29.230793,-98.371982,city,
69859,69859,BIG BOSS TRAVEL PLAZA,I-12 EXIT 22,Livingston,LA,600,3.16566666,30.474107,-90.767339,city,
69861,69861,HUCKS FOOD & FUEL #379,"I-57, EXIT 53",Marion,IL,340,2.999,37.73061,-88.93313,city,
69862,69862,CASEYS #3503,US-69/SR-52,Pleasanton,KS,400,3.199,38.182285,-94.70567,city,
69863,69863,GOLDEN GATE,I-80 EXIT 352A & US-93,Wells,NV,835,3.41566666,41.129798,-114.532752,city,
69865,69865,7-ELEVEN #40036,SR-33 & SR-632,Lanexa,VA,180,3.659,37.419391,-76.902684,city,
69870,69870,CIRCLE K #4705720,"I-280, EXIT 7 & SR-2",Oregon,OH,550,3.609,41.64366,-83.48688,city,
69871,69871,CIRCLE K #2741595,SR-71 & FM-1209,Bastrop,TX,595,2.954,30.13883,-97.292101,city,
69873,69873,KWIK TRIP #142,"US-10, EXIT 186 & SR-13",Marshfield,WI,395,3.479,44.66885,-90.1718,city,
69874,69874,LOVES TRAVEL STOP #687,"I-72, EXIT 64 & US-67",Jacksonville,IL,540,3.539,39.73394,-90.22901,city,
69875,69875,LOVES TRAVEL STOP #680,US-81,Norfolk,NE,470,3.31566666,42.02834,-97.417,city,
69876,69876,LOVES TRAVEL STOP #684,"I-35, EXIT 133 & SR-175",Ellsworth,IA,433,3.689,42.30086,-93.548979,city,
69877,69877,LOVES TRAVEL STOP #669,US-61 & SR-19,New London,MO,345,3.23566666,39.591672,-91.39599,city,
69878,69878,SPEEDWAY #7412,SR-83 & SR-19,Bensenville,IL,293,3.379,41.95503,-87.94007,city,
69879,69879,SPEEDWAY #3700,I-70 EXIT 77,Indianapolis,IN,375,3.319,39.76838,-86.15804,city,
69880,69880,Speedway #6809,"I-290, EXIT 13A",Franklin Park,IL,293,3.354,41.93531,-87.86562,city,
69881,69881,KWIK TRIP #458,SR-55,Buffalo,MN,451,3.549,45.17191,-93.87469,city,
69882,69882,SPEEDWAY #7103,US-43,Lawrenceburg,TN,460,3.574,35.250668,-87.352582,city,
69884,69884,AKAL TRAVEL CENTER,"I-40, EXIT 267 & SR-379",Santa Rosa,NM,721,2.879,34.933276,-104.682155,city,
69885,69885,BELL STORES #146,SR-43 & SR-183,Malvern,OH,249,3.579,40.684532,-81.18378,city,
69886,69886,LOVES TRAVEL STOP #676,SR-50,Syracuse,NE,413,3.444,40.661386,-96.182407,city,
69887,69887,CIRCLE K #2701869,SR-21 & SR-307,Savannah,GA,195,3.11566666,32.08354,-81.09983,city,
69888,69888,OASIS STOP N GO #17,US-30,Twin Falls,ID,787,3.699,42.56297,-114.46087,city,
69892,69892,MAVERIK COUNTRY STORE #547,US-26,Casper,WY,790,3.18566666,42.86663,-106.31308,city,
69893,69893,DOMINO EXPRESS #24,US-412/US-270/US-183/SR-3 & SR-15,Woodward,OK,337,2.999,36.426784,-99.402016,city,
69894,69894,Circle K #2746446,US-2,Williston,ND,452,4.04233333,48.14697,-103.61797,city,
69895,69895,Shell,"I-80, EXIT 122",Minooka,IL,290,3.199,41.461516,-88.278596,city,
69900,69900,LOVES TRAVEL STOP #605,"I-70, EXIT 59 & SR-41",Springfield,OH,315,3.479,39.92423,-83.80882,city,
69901,69901,KWIK TRIP #638,SR-42,Two Rivers,WI,582,3.39066666,44.166008,-87.585504,city,
69902,69902,MAVERIK COUNTRY STORE #441,"I-182/US-12, EXIT 9",Pasco,WA,925,4.279,46.23958,-119.10057,city,
69903,69903,LOVES TRAVEL STOP #642,US-60 & US-385,Hereford,TX,585,3.41566666,34.81521,-102.39932,city,
69904,69904,LOVES TRAVEL STOP #695,US-54/400,Cunningham,KS,570,3.65733333,37.666149,-98.39297,city,
69905,69905,KWIK TRIP #105,"I-41, EXIT 157",De Pere,WI,582,3.35233333,44.44888,-88.06038,city,
69906,69906,LOVES TRAVEL STOP #692,US-169 & SR-39,Chanute,KS,570,3.27566666,37.674928,-95.456962,city,
69907,69907,STRIPES #41023,SR-358 & FM-665,Corpus Christi,TX,625,3.07066666,27.80058,-97.39638,city,
69908,69908,LOVES TRAVEL STOP #685,"I-74, EXIT 51",Knoxville,IL,270,3.889,40.910672,-90.287116,city,
69912,69912,AMPM,"I-10, EXIT 140",Phoenix,AZ,930,3.28233333,33.44838,-112.07404,city,
69913,69913,ROSS FUEL CENTER,US-60/US-67,Poplar Bluff,MO,275,3.49066666,36.757,-90.39289,city,
69914,69914,PETRO COLUMBIA,"I-77, EXIT 5 & SR-48",Columbia,SC,46,3.41233333,34.00071,-81.03481,city,
69915,69915,PETES #16,"I-49/US-71, EXIT 120 & CR-B",Rich Hill,MO,277,3.149,38.09438,-94.363454,city,
69921,69921,LOVES TRAVEL STOP #688,"I-70, EXIT 119 & SR-130",Greenup,IL,510,3.389,39.239454,-88.144502,city,
69922,69922,LOVES TRAVEL STOP #686,"I-84/I-15, EXIT 363",Brigham City,UT,835,3.75566666,41.51021,-112.0155,city,
69923,69923,Circle K #2741821,FM 471 & SR 211,San Antonio,TX,740,3.03233333,29.42412,-98.49363,city,
69926,69926,TONKAWA TRADING POST,"I-35, EXIT 214 & US-60",Tonkawa,OK,500,2.999,36.68062,-97.30634,city,
69927,69927,LOVES TRAVEL STOP #682,"I-81, EXIT 10A",Hagerstown,MD,22,3.949,39.64176,-77.71999,city,
69928,69928,KUM & GO #1837,SR-51,Broken Arrow,OK,560,3.05233333,36.0526,-95.79082,city,
69929,69929,PETES #14,US-69/SR 7,Fort Scott,KS,307,3.199,37.834159,-94.704221,city,
69930,69930,CONCORDE TRAVEL CENTER,"I-65, EXIT 219 & CR-42",Jemison,AL,720,3.299,32.980539,-86.718052,city,
69931,69931,SHELL,"I-565, EXIT 7 & CR-127",Madison,AL,615,3.349,34.69926,-86.74833,city,
69932,69932,CIRCLE K #2741847,SR-16,San Antonio,TX,740,3.07233333,29.42412,-98.49363,city,
69933,69933,Flyers #3202,"I-17, EXIT 201",Phoenix,AZ,930,3.369,33.44838,-112.07404,city,
69934,69934,KWIK TRIP #135,SR-35 N,Superior,WI,334,3.499,46.72077,-92.10408,city,
69935,69935,KWIK TRIP #586,"I-41, EXIT 45",Butler,WI,444,3.474,43.105405,-88.071043,city,
69936,69936,LOVES TRAVEL STOP #683,US-27,Moore Haven,FL,176,3.789,26.832749,-81.218776,city,
69937,69937,MAVERIK COUNTRY STORE #385,"I-15, EXIT 119",Idaho Falls,ID,825,3.42566666,43.46658,-112.03414,city,
69938,69938,MAVERIK COUNTRY STORE #388,US-60 & SR-77,Show Low,AZ,930,3.229,34.060117,-110.054633,city,
69939,69939,MAVERIK COUNTRY STORE #377,"I-15, EXIT 244 & US-6",Santaquin,UT,835,3.40233333,39.980356,-111.793819,city,
69940,69940,SAPP BROS TRAVEL CENTER,"I-49, EXIT 157",Harrisonville,MO,400,3.40233333,38.64193,-94.32852,city,
69941,69941,QUIKTRIP #949,"I-20 E, EXIT 406",Weatherford,TX,630,2.91733333,32.7593,-97.79725,city,
69943,69943,ASAP GENERAL STORE #313,US-81,Duncan,OK,483,3.13233333,34.5023,-97.95781,city,
69944,69944,TRUCK WORLD,"I-76, EXIT 57",North Jackson,OH,573,3.259,41.088044,-80.86225,city,
69945,69945,BP,"I-465, EXIT 49",Indianapolis,IN,375,3.799,39.76838,-86.15804,city,
69946,69946,KUM & GO #0119,"I-35, EXIT 214 & SR-105",Northwood,IA,433,3.11566666,43.450604,-93.241943,city,
69947,69947,THORNTONS #607,I-24 EXIT 62 & SR-171,Antioch,TN,460,2.899,36.06,-86.672222,city,
69948,69948,CIRCLE T,US-190/SR-21,Bryan,TX,670,3.459,30.67436,-96.36996,city,
69949,69949,THE CROSSING TRAVEL MARK,US-83 & SR-153,Winters,TX,575,3.04066666,31.962028,-99.955114,city,
69952,69952,HUTCH'S #120,"I-40, EXIT 25",Sayre,OK,483,2.984,35.304722,-99.642928,city,
69954,69954,Exxon,"I-80, EXIT 27A & US-46",Budd Lake,NJ,79,3.119,40.873108,-74.742552,city,
69955,69955,QUIKTRIP #1044,"I-85, EXIT 63 & SR-2180",Kannapolis,NC,46,3.154,35.48736,-80.62173,city,
69957,69957,LOVES TRAVE STOP #698,"I-75/SR-401, EXIT 153",Macon,GA,85,3.369,32.84069,-83.6324,city,
69958,69958,LOVES TRAVEL STOP #693,US-30/23 & SR-199,Upper Sandusky,OH,411,3.889,40.824876,-83.297711,city,
69959,69959,BISCUIT HILL TRAVEL PLAZA,"I-40, EXIT 192",Shawnee,OK,483,2.909,35.32729,-96.9253,city,
69960,69960,PILOT CENTER #1014- TOWN PUMP,"I-94, EXIT 213 & SR-16",Glendive,MT,807,3.419,47.100813,-104.728716,city,
69962,69962,LUFKIN TRAVEL PLAZA,US-59 & CR-819,Lufkin,TX,618,2.81566666,31.33824,-94.7291,city,
69963,69963,7 CLANS RED ROCK GASINO,US-177,Red Rock,OK,500,3.089,36.474754,-97.164021,city,
69964,69964,SHEETZ #621,"I-77 & US-70, Exit 49A",Statesville,NC,46,2.849,35.78264,-80.8873,city,
69969,69969,USA GAS,SR-47,Newfield,NJ,150,3.169,39.555257,-75.027558,city,
69974,69974,LOVES TRAVEL STOP #672,US-77BUS & FM-1945,Sinton,TX,625,3.149,28.033895,-97.519582,city,
69975,69975,LOVES TRAVEL STOP #703,US-50,South Hutchinson,KS,570,3.30066666,38.007306,-97.90814,city,
69976,69976,KWIK TRIP #583,"I-94, EXIT 89 & SR-23",Wisconsin Dells,WI,420,3.23733333,43.650789,-89.76652,city,
69977,69977,KWIK TRIP #855,US-12,Baraboo,WI,420,3.11566666,43.482531,-89.746168,city,
69978,69978,LOVES TRAVEL STOP #678,US-271,Paris,TX,630,3.36566666,33.66094,-95.55551,city,
69979,69979,LOVES TRAVEL STOP #681,"I-82/US-12, EXIT 80",Prosser,WA,925,4.589,46.223183,-119.771014,city,
69980,69980,RUTTERS #70,SR-896 & SR-741,Strasburg,PA,208,4.199,39.970075,-76.184824,city,
69981,69981,RANCHLAND GAS STATION,US-82,Benjamin,TX,770,3.299,33.583889,-99.791944,city,
69982,69982,RUTTERS #68,US-422 & SR-934,Annville,PA,70,4.299,40.345608,-76.544676,city,
69983,69983,MICKEY MART #57,US-250,Strasburg,OH,249,3.49233333,40.60028,-81.536646,city,
69986,69986,YESWAY #1061,US-180 & SR-137,Lamesa,TX,612,3.099,32.736677,-101.956914,city,
69987,69987,LOVES TRAVEL STOP #679,"I-90, EXIT 495 & SR-47",Hardin,MT,780,3.704,45.749843,-107.607457,city,
69988,69988,LOVES TRAVEL STOP #640,"I-43, EXIT 120 & CR-OK",Sheboygan,WI,444,3.289,43.75083,-87.71453,city,
69989,69989,LOVES TRAVEL STOP #677,US-45A,West Point,MS,615,3.259,33.626496,-88.68226,city,
69990,69990,LOVES TRAVEL STOP #691,US-50/93 & US-6,Ely,NV,910,3.649,39.309356,-114.878011,city,
69991,69991,WA SHE SHU TRAVEL PLAZA,US-395,Gardnerville,NV,966,3.699,38.898268,-119.726902,city,
69992,69992,KWIK TRIP #120,SR-15 & CR-4,Saint Cloud,MN,451,3.27733333,45.5608,-94.16249,city,
69993,69993,CEFCO #99,US-290,Giddings,TX,595,3.159,30.177725,-96.93322,city,
69995,69995,PILOT EXPRESS #1178,"I-10, EXIT 273",Tucson,AZ,980,3.219,32.22174,-110.92648,city,
69996,69996,YESWAY #1078,US-83 & SR-153,Winters,TX,575,2.999,31.962028,-99.955114,city,
69998,69998,CASEYS #3604,US-75,Hinton,IA,527,3.299,42.604046,-96.305033,city,
69999,69999,RUTTERS #71,"I-99, EXIT 28 & US-22",Duncansville,PA,14,4.099,40.426228,-78.43833,city,
70001,70001,LOVES TRAVEL STOP #690,US-23,Circleville,OH,315,3.789,39.598836,-82.929966,city,
70002,70002,LOVES TRAVEL STOP #699,US-49,Magee,MS,620,3.60733333,31.849513,-89.750325,city,
70003,70003,SPEEDWAY #2926,SR-837,Clairton,PA,165,3.92566666,40.298917,-79.910096,city,
70004,70004,SPEEDWAY #7775,US-23 & CR-192,Delaware,OH,315,3.619,40.29867,-83.06797,city,
70007,70007,FLYING J TRAVEL PLAZA #1096,"I-95, EXIT 201 & CR-524",Cocoa,FL,143,3.699,28.38612,-80.742,city,
70008,70008,Amigo's,"I-10, EXIT 661 & FM-609",Flatonia,TX,610,3.08233333,29.709493,-97.098685,city,
70009,70009,KWIK TRIP #661,SR-69 & BUS-11,Monroe,WI,420,3.36233333,42.599076,-89.6403,city,
70010,70010,Kwik Star #567,US-65 & SR-3,Hampton,IA,565,3.504,42.740531,-93.210954,city,
70011,70011,KWIK TRIP #279,"US-63, EXIT 59",Rochester,MN,515,3.549,44.02163,-92.4699,city,
70012,70012,MAVERIK COUNTRY STORE #549,"I-70, EXIT 283",Aurora,CO,800,3.18566666,39.72943,-104.83192,city,
70014,70014,PETRO-CARD 24 #919141,SR-179,Jamestown,MO,310,3.479,38.779292,-92.480651,city,
70016,70016,CASEYS #2743,SR-43/SR-2 & SR-66A,Palmyra,NE,413,3.199,40.704964,-96.399903,city,
70017,70017,PACIFIC PRIDE,I-79 & US-19,Morgantown,WV,430,3.459,39.62953,-79.9559,city,
70019,70019,QUICKLEES #1,"I-390, EXIT 9 & SR-15",Avon,NY,190,3.999,42.903034,-77.727398,city,
70022,70022,SHEETZ #583,US-322 & SR-655,Reedsville,PA,14,3.41566666,40.672189,-77.611589,city,
70024,70024,KWIK TRIP #827,"I-41, EXIT 167",Green Bay,WI,582,3.499,44.51916,-88.01983,city,
70025,70025,SPEEDWAY #6245,SR-43,Carrollton,OH,249,3.559,40.578663,-81.081789,city,
70026,70026,SPEEDWAY #8883,I-80 EXIT 73,Peru,IL,293,3.174,41.333021,-89.126478,city,
70027,70027,SPEEDWAY #8851,SR-31,South Elgin,IL,293,3.609,41.99419,-88.2923,city,
70028,70028,LOVES TRAVEL STOP #697,"US-321, EXIT 37",Newton,NC,46,3.689,35.649766,-81.242546,city,
70029,70029,LOVES TRAVEL STOP #696,"I-10, EXIT 843",Beaumont,TX,610,3.294,30.08605,-94.10185,city,
70030,70030,SPEEDWAY #3991,"I-80 E, & I-94 E",Gary,IN,290,3.71233333,41.59337,-87.34643,city,
70031,70031,SPEEDWAY #8020,US-30,Upper Sandusky,OH,550,3.799,40.824876,-83.297711,city,
70032,70032,Kwik Star #569,US-20,Waterloo,IA,565,3.574,42.49276,-92.34296,city,
70033,70033,KWIK TRIP #111,SR-36 & CR-15,Stillwater,MN,448,3.54066666,45.05636,-92.80604,city,
70034,70034,SPEEDWAY #8799,I-55 EXIT 282A & SR-171,Bedford Park,IL,293,3.599,41.759444,-87.786667,city,
70035,70035,SPEEDWAY #8064,"I-55, EXIT 178 & SR-43",West Lafayette,IN,375,3.58233333,40.42587,-86.90807,city,
70036,70036,Speedway #3994,SR-38 & CR-21,West Chicago,IL,293,3.599,41.88475,-88.20396,city,
70037,70037,SPEEDWAY #8738,"I-70, EXIT 23 & SR-59",Brazil,IN,375,3.699,39.521041,-87.127767,city,
70038,70038,SPEEDWAY #1830,US-31,Grand Haven,MI,456,3.899,43.037838,-86.191227,city,
70039,70039,TEX-BEST #527,SR-162 & SR-16,Jourdanton,TX,747,2.92066666,28.902985,-98.544037,city,
70040,70040,TEX BEST #503,"I-35, EXIT 215 & CR-210",Kyle,TX,595,2.80566666,29.98911,-97.87723,city,
70041,70041,LOVES TRAVEL STOP #705,"I-64/SR-33, EXIT 211 & SR-609",Providence Forge,VA,180,3.889,37.425907,-77.071117,city,
70042,70042,Kwik Star #103,US-65,Iowa Falls,IA,565,3.374,42.513756,-93.270943,city,
70043,70043,KWIK TRIP #571,"I-35, EXIT 235 & SR-210",Carlton,MN,515,3.319,46.6484,-92.470984,city,
70044,70044,Thorntons #325,"I-94, EXIT 73B & US-6",South Holland,IL,365,3.699,41.60087,-87.60699,city,
70049,70049,KWIK STAR #581,"I-380, EXIT 17",Cedar Rapids,IA,380,3.54066666,42.00833,-91.64407,city,
70050,70050,KWIK TRIP #124,US-51,De Forest,WI,420,3.23566666,43.235748,-89.329652,city,
70053,70053,KWIK TRIP #964,"US-12, EXIT 250 & CR-M",Middleton,WI,420,3.529,43.09722,-89.50429,city,
70054,70054,KWIK TRIP #976,CR-241 & CR-ZZ,Oak Creek,WI,444,3.579,42.88585,-87.86314,city,
70058,70058,KWIK TRIP #590,CR-4 & CR-22,Rochester,MN,515,3.624,44.02163,-92.4699,city,
70059,70059,KWIK TRIP #118,US-2 & LAKESHORE DRIVE,Ashland,WI,334,3.699,46.577948,-90.876712,city,
70062,70062,KWIK TRIP #970,SR-164 & SR-59,Waukesha,WI,444,3.53233333,43.01168,-88.23148,city,
70063,70063,QUICK FUEL #2206,US-41,Marietta,GA,18,3.519,33.9526,-84.54993,city,
70066,70066,KWIK TRIP #957,US-18 & CR-PD,Madison,WI,420,3.604,43.07305,-89.40123,city,
70067,70067,KWIK TRIP #240,"I-94, EXIT 115 & CR-A",Black River Falls,WI,395,3.31233333,44.292101,-90.847952,city,
70068,70068,LOVES TRAVEL STOP #712,"I-44, EXIT 107",Newcastle,OK,483,3.42566666,35.245269,-97.621573,city,
70069,70069,CASEYS #3486,"I-49, EXIT 159",Harrisonville,MO,400,3.229,38.64193,-94.32852,city,
70074,70074,CASEYS #3430,US-71 & US-136/SR-46,Maryville,MO,400,3.13733333,40.343399,-94.873479,city,
70075,70075,KWIK TRIP #815,US-63 & SR-48,Cumberland,WI,295,3.624,45.5403,-92.029709,city,
70076,70076,PETRO-CARD 24 #910681,SR-32,Salem,MO,392,3.099,37.616952,-91.525809,city,
70078,70078,KWIK TRIP #573,I-94 & CR-EE,Eau Claire,WI,295,3.399,44.81135,-91.49849,city,
70079,70079,PILOT #1118,US-60,Clovis,NM,593,4.079,34.4048,-103.20523,city,
70080,70080,FLYING J TRAVEL PLAZA #1117,SR-25,Rochester,IN,370,3.859,41.065493,-86.231007,city,
70081,70081,PILOT EXPRESS #1032,SR-7,Steubenville,OH,249,3.629,40.36979,-80.63396,city,
70082,70082,KWIK TRIP #588,US-51 & SR-70,Woodruff,WI,395,3.09566666,45.918583,-89.69545,city,
70083,70083,KWIK TRIP #596,US-14,Black Earth,WI,420,3.444,43.132213,-89.738974,city,
70084,70084,SPEEDWAY #4440,SR-131,Waukegan,IL,293,3.724,42.36363,-87.84479,city,
70085,70085,Pilot Travel Center #1114,SR-83,Bensenville,IL,290,3.559,41.95503,-87.94007,city,
70087,70087,PILOT EXPRESS #1098,"I-95, EXIT 14",Newark,NJ,105,3.999,40.73566,-74.17237,city,
70088,70088,KWIK TRIP #138,SR-13,Park Falls,WI,395,3.14733333,45.936345,-90.424648,city,
70090,70090,SPEEDWAY #7111,"I-40, EXIT 143 & SR-13",Hurricane Mills,TN,460,3.03233333,35.974859,-87.767129,city,
70091,70091,SPEEDWAY #7503,I-70 & I-57 EXIT 159,Effingham,IL,293,3.249,39.121727,-88.561105,city,
70093,70093,LOVES TRAVEL STOP #694,US-45/SR-5 & SR-57,Ramer,TN,435,3.46233333,35.064181,-88.601733,city,
70095,70095,LOVES TRAVEL STOP #713,US-380 & FM-1304,Bridgeport,TX,630,2.949,33.187027,-97.78098,city,
70096,70096,LOVES TRAVEL STOP #661,US-65 & SR-81,Pine Bluff,AR,695,3.319,34.22843,-92.0032,city,
70097,70097,KWIK TRIP #112,SR-32 & SR-23,Sheboygan Falls,WI,444,3.29233333,43.726598,-87.824228,city,
70098,70098,KWIK TRIP #110,US-2,Ashland,WI,334,3.699,46.577948,-90.876712,city,
70099,70099,QUIKTRIP #1883,"I-35, EXIT 497 & US-82",Gainesville,TX,253,2.97566666,33.62594,-97.13335,city,
70100,70100,LOVES TRAVEL STOP #718,"I-65, EXIT 158",Hope Hull,AL,720,3.26566666,32.224256,-86.393189,city,
70104,70104,LOVES TRAVEL STOP #649,"I-76/US-6, EXIT 89",Brush,CO,800,4.089,40.260255,-103.62788,city,
70105,70105,LOVES TRAVEL STOP #708,"I-75, EXIT 314 & CR-48",Bushnell,FL,225,3.29566666,28.661062,-82.155297,city,
70106,70106,LOVES TRAVEL STOPS #719,"I-35, EXIT 308",Troy,TX,765,3.163,31.175855,-97.285205,city,
70107,70107,LOVES TRAVEL STOP #711,"I-71, EXIT 165 & SR-97",Bellville,OH,315,3.709,40.613604,-82.517516,city,
70108,70108,RICKY ROCKETS FUEL CENTER,SR-50 & SR-83,Midlothian,IL,291,3.149,41.634106,-87.732418,city,
70111,70111,KWIK TRIP #557,"I-39, EXIT 126 & CR-V",De Forest,WI,420,3.31066666,43.235748,-89.329652,city,
70117,70117,RUTTERS #72,"I-81, EXIT 16 & US-30",Saint Thomas,PA,70,4.399,39.924052,-77.7908,city,
70118,70118,SPEEDWAY #7118,US-41,Smyrna,TN,460,3.01566666,35.98284,-86.5186,city,
70122,70122,Circle K #2709301,SR-67,Decatur,AL,615,3.899,34.60593,-86.98334,city,
70124,70124,TA Express Lamar,US-50/385,Lamar,CO,525,3.439,38.084136,-102.619195,city,
70125,70125,SPEEDWAY #7391,I-76 EXIT 232,North Lima,OH,305,3.699,40.964866,-80.654911,city,
70126,70126,SPEEDWAY #3535,"I-71,EXIT 165 & SR-97",Bellville,OH,315,3.599,40.613604,-82.517516,city,
70127,70127,SPEEDWAY #2929,"US-22, US-119",New Alexandria,PA,165,3.97233333,40.398112,-79.396594,city,
70128,70128,CIRCLE K #4703913,"I-40 E, EXIT 87",Jackson,TN,460,3.349,35.61452,-88.81395,city,
70130,70130,SIDE TRACK,SR-57,Wrightsville,GA,85,3.31566666,32.721866,-82.726206,city,
70131,70131,THORNTONS #323,SR-64,Lombard,IL,290,3.299,41.88003,-88.00784,city,
70135,70135,KUM & GO #1455,"I-44, EXIT 130",Lebanon,MO,535,3.09233333,37.685049,-92.655029,city,
70136,70136,FUEL CITY SAGINAW,CR-156,Fort Worth,TX,630,2.96566666,32.72541,-97.32085,city,
70137,70137,RUTTERS #8,"I-83, EXIT 14 & SR-182",York,PA,70,4.199,39.9626,-76.72774,city,
70140,70140,CASEYS #3593,SR-7 & US-50,North Vernon,IN,375,3.59233333,39.001763,-85.627216,city,
70142,70142,ONVO TRAVEL PLAZA - AVIS,"US-220, EXIT 118",Avis,PA,138,3.539,41.184722,-77.314167,city,
70143,70143,KWIK TRIP #104,"I-94, HWY-24, EXIT 178",Clearwater,MN,448,3.27733333,45.387694,-94.045246,city,
70144,70144,LOVES TRAVEL STOP #635,"I-49, EXIT 24 & SR-282",Alma,AR,645,3.459,35.500043,-94.207337,city,
70145,70145,MAVERIK COUNTRY STORE #578,US-26 & US-91,Idaho Falls,ID,825,3.40233333,43.46658,-112.03414,city,
70146,70146,MAVERIK COUNTRY STORE #567,"I-90, EXIT 291A",Spokane,WA,970,3.984,47.65966,-117.42908,city,
70150,70150,LOVES TRAVEL STOP #704,"I-29, EXIT 35B & US-34",Pacific Junction,IA,319,3.789,41.027123,-95.804645,city,
70151,70151,LOVES TRAVEL STOP #721,"I-45, EXIT 246 & FM-1183",Ennis,TX,630,3.03566666,32.32931,-96.62527,city,
70154,70154,Stinker,"US-34, CR-56",Kersey,CO,800,3.499,40.396305,-104.528768,city,
70155,70155,MARATHON,"US-24, I-96 EXIT 179",Redford,MI,549,4.999,42.38337,-83.2966,city,
70156,70156,MAVERIK COUNTRY STORE #348,"US-91, SR-130",Cedar City,UT,791,3.45233333,37.67748,-113.06189,city,
70157,70157,LOVES TRAVEL STOP #702,US-63,Waterloo,IA,565,3.769,42.49276,-92.34296,city,
70158,70158,FLYING J #1068,"I-26, EXIT 194 & SR-16",Summerville,SC,42,3.509,33.0185,-80.17565,city,
70159,70159,LOVES TRAVEL STOP #717,US-460 & SR-156,Disputanta,VA,180,3.56233333,37.148268,-77.273172,city,
70160,70160,COMMON CENTS #212,I-90 & SR-337,Sheridan,WY,836,3.56066666,44.79719,-106.95618,city,
70162,70162,PILOT #1049,US-58,Suffolk,VA,130,3.899,36.72836,-76.58496,city,
70163,70163,KWIK TRIP #598,SR-23,Paynesville,MN,451,3.399,45.398798,-94.715709,city,
70164,70164,ONVO TRAVEL PLAZA - BLAKESLEE,I-80 EXIT 284,Blakeslee,PA,200,3.56566666,41.048502,-75.534309,city,
70168,70168,KWIK TRIP #575,CR-75,Saint Joseph,MN,451,3.30233333,45.565124,-94.336688,city,
70169,70169,ROCKING Oil,SR-21,Caldwell,TX,670,3.099,30.529819,-96.714292,city,
70170,70170,LOVES TRAVEL STOP #716,SR-3005,Elizabethtown,KY,460,3.599,37.69395,-85.85913,city,
70171,70171,CITGO HERITAGE RIDGE,US-151 & SR-26,Waupun,WI,582,3.14733333,43.632441,-88.737253,city,
70172,70172,MACH 1 #3,I-57 & SR-14,Benton,IL,540,3.489,37.99998,-88.922659,city,
70174,70174,LOVES TRAVEL STOP #701,"I-69, EXIT 176",Capac,MI,342,3.949,43.019976,-82.925188,city,
70176,70176,MAVERIK COUNTRY STORE #565,I-84,Boise,ID,785,3.39566666,43.6135,-116.20345,city,
70177,70177,MAVERIK COUNTRY STORE #497,US-160 & SR-145,Cortez,CO,614,3.41566666,37.354949,-108.583726,city,
70179,70179,WORKMANS TRAVEL CENTER,"I-49, EXIT 78 & SR-264",Lowell,AR,645,3.40233333,36.243318,-94.082725,city,
70180,70180,Gulf,SR-83,Bensenville,IL,297,3.079,41.95503,-87.94007,city,
70181,70181,CIRCLE K #2723778,US-501 & SR-78/CR-1303,Sanford,NC,177,3.049,35.47988,-79.1803,city,
70182,70182,SHELL,US-169,Blue Earth,MN,425,3.299,43.639426,-94.092379,city,
70183,70183,PILOT # 1134,US-285 & CR-652,Orla,TX,593,3.759,31.825,-103.908333,city,
70185,70185,PILOT # 1147,SR-302,Kermit,TX,710,3.25566666,31.85496,-103.091269,city,
70187,70187,PILOT # 1146,I-20 & SR-17,Pecos,TX,710,3.46566666,31.414384,-103.508129,city,
70188,70188,KUM & GO #0890,I-44 (WESTBOUND),Vinita,OK,560,3.059,36.633353,-95.138164,city,
70189,70189,HUDSON IRVING 24,SR-3A,Hudson,NH,34,3.799,42.769038,-71.412144,city,
70190,70190,LOVES TRAVEL STOP #726,I-25 EXIT 191,Belen,NM,580,3.52233333,34.645562,-106.761215,city,
70191,70191,LOVES TRAVEL STOP #734,"I-44, EXIT 5 & US-70",Randlett,OK,770,3.12066666,34.174045,-98.459974,city,
70192,70192,LOVES TRAVEL STOP #720,"I-49, EXIT 94 & SR-1",Boyce,LA,730,3.174,31.321601,-92.686681,city,
70207,70207,PILOT TRAVEL CENTERS #1344,I-20 EXIT 425,Fort Worth,TX,630,2.909,32.72541,-97.32085,city,
70208,70208,GOLDEN GATE PETRO,SR-648,Sparks,NV,966,3.98566666,39.53491,-119.75269,city,
70209,70209,PUMP N PETES #42,"I-49, EXIT 66 & CR-K",Jasper,MO,416,3.199,37.318224,-94.273126,city,
70210,70210,CASEYS #3889,SR-29 & CR-1350,Henry,IL,368,3.349,41.111543,-89.374328,city,
70214,70214,RACETRAC #688,I-20 & SR-6,Lithia Springs,GA,18,2.97233333,33.794,-84.66049,city,
70216,70216,PILOT TRAVEL CENTER #1110,I-25 & SR-105,Monument,CO,803,3.609,39.100726,-104.85416,city,
70217,70217,MR GAS #20,I-84 EXIT 165,Jerome,ID,785,3.40733333,42.71784,-114.501244,city,
70218,70218,LOVES TRAVEL STOP #725,I-69 & SR-260,Hanson,KY,490,3.599,37.438246,-87.475135,city,
70219,70219,LOVES TRAVEL STOP #709,US-59 & SR-116,Lufkin,TX,610,3.649,31.33824,-94.7291,city,
70220,70220,LOVES TRAVEL STOP #497,"I-40, EXIT 154 & US-64",Statesville,NC,46,3.689,35.78264,-80.8873,city,
70221,70221,PILOT TRAVEL CENTER #1092,CR-70 E,Cedar Rapids,IA,380,3.779,42.00833,-91.64407,city,
70222,70222,GOOD TO GO #45,"US-52 & SR-55, SR-18",Fowler,IN,375,3.699,40.625511,-87.309019,city,
70223,70223,SPEEDWAY #8749,"I-75, EXIT 116",Flint,MI,342,3.259,43.01253,-83.68746,city,
70224,70224,GOLDEN GATE PETROLEUM,I-70 EXIT 42,Palisade,CO,810,3.549,39.103178,-108.367977,city,
70225,70225,Union 76 Pilot,US-130,Riverton,NJ,105,3.999,40.011389,-75.015278,city,
70227,70227,LOVES TRAVEL STOP #724,"I-75, EXIT 414 & US-41",Lake City,FL,225,3.339,30.0949,-82.7117,city,
70229,70229,TA EXPRESS HENDERSON #969,I-11 EXIT 15A,Henderson,NV,910,3.639,36.0397,-114.98194,city,
70232,70232,RUTTERS #73,"I-81, EXIT 8 & CR-32",Inwood,WV,70,3.659,39.370093,-78.024189,city,
70233,70233,RUDS,SR-31 & I-94 EXIT 127,New Salem,ND,390,3.499,46.851248,-101.424453,city,
70236,70236,LOVES TRAVEL STOP #733,"I-25, EXIT 347",Las Vegas,NM,580,3.489,35.594862,-105.227162,city,
70238,70238,ROAD RANGER #275,"I-10, EXIT 400 & US-277",Sonora,TX,740,3.549,30.555752,-100.630667,city,
70239,70239,GOOD 2 GO #717,"I-25, EXIT 145",Colorado Springs,CO,803,3.479,38.83388,-104.82136,city,
70240,70240,MAVERIK COUNTRY STORE #370,"I-15, EXIT 10",Saint George,UT,910,3.5415,37.10415,-113.58412,city,
70241,70241,MAVERIK COUNTRY STORE #460,SR-88,Minden,NV,966,3.52566666,39.021766,-119.731363,city,
70242,70242,ROAD RANGER #276,"I-35, EXIT 342A",Waco,TX,765,3.049,31.54933,-97.14667,city,
70243,70243,CASEYS #4415,US-68 & US-31W /SR-526,Bowling Green,KY,460,2.999,36.99032,-86.4436,city,
70245,70245,YESWAY #1168,US-287 & CR-368,Iowa Park,TX,770,2.889,33.94235,-98.674497,city,
70246,70246,7-Eleven #37565,SR-944 & SR-9,Miami,FL,95,3.249,25.77427,-80.19366,city,
70247,70247,EXXON DBA ONE9 #1416,I-20 EXIT 458,Dallas,TX,630,2.99233333,32.78306,-96.80667,city,
70249,70249,Caseys #4466,US-231 & SR-100,Scottsville,KY,460,3.31233333,36.761437,-86.192863,city,
70251,70251,Marathon,SR-42 & US-49,Hattiesburg,MS,620,3.03233333,31.32712,-89.29034,city,
70254,70254,LOVES TRAVEL STOP #732,I-70 & CR-829,Abilene,KS,523,3.76233333,38.937144,-97.20632,city,
70255,70255,J&H FAMILY STORE #152,SR-55,Cadillac,MI,344,3.409,44.250447,-85.430046,city,
70256,70256,PILOT TRAVEL CENTER #1128,SR-60,Bartow,FL,140,3.599,27.89641,-81.84314,city,
70257,70257,LOVES TRAVEL STOP #739,I-2,Donna,TX,639,3.649,26.17035,-98.05195,city,
70258,70258,CASEYS #3677,US-59 & SR-30,Slayton,MN,530,3.299,43.985596,-95.755448,city,
70262,70262,ASAP GENERAL STORE #332,US-70 & US-377,Madill,OK,569,3.01566666,34.07126,-96.787258,city,
70263,70263,ENMARKET #769,US-301,Statesboro,GA,195,3.699,32.44879,-81.78317,city,
70265,70265,Speedee Mart # 2875,I-80 & CR-238,Milford,NE,413,3.43233333,40.763153,-97.05763,city,
70266,70266,PILOT #1161,I-20,Odessa,TX,710,3.56566666,31.84568,-102.36764,city,
70267,70267,LOVES TRAVEL STOP #728,"I-5, EXIT 238 & SR-164",Albany,OR,935,3.84733333,44.63651,-123.10593,city,
70268,70268,CASEYS #3396,SR-92 & SR-149,Sigourney,IA,380,3.36233333,41.330071,-92.201888,city,
70269,70269,CASEYS #3589,"I-29, EXIT 2",North Sioux City,SD,527,3.059,42.532706,-96.50761,city,
70270,70270,CASEYS #3685,US-50/US400 & SR-25,Lakin,KS,525,3.19233333,37.938197,-101.271297,city,
70271,70271,CASEYS #1160,US-20,Plainview,NE,470,3.229,42.346701,-97.778615,city,
70273,70273,SPEEDWAY #5457,"I-264 E, EXIT 14 & SR-864 N",Louisville,KY,415,3.029,38.25424,-85.75941,city,
70274,70274,Kwik Star #920,US-18 & US-69,Garner,IA,433,3.399,43.114395,-93.594394,city,
70276,70276,STAR EXPRESS #5,US-301 & SR-648,Petersburg,VA,180,3.049,37.22793,-77.40193,city,
70277,70277,KWIK TRIP #595,SR-46,Amery,WI,448,3.56066666,45.325238,-92.361527,city,
70278,70278,KWIK TRIP #923,"I-41, EXIT 146 & CR-N",Little Chute,WI,582,3.269,44.284248,-88.311989,city,
70279,70279,KWIK TRIP #926,SR-19 & SR-21,New Prague,MN,448,3.29066666,44.540239,-93.580473,city,
70280,70280,LOVES TRAVEL STOP #668,"I-25, EXIT 250 & SR-56",Berthoud,CO,800,3.39066666,40.299333,-105.105459,city,
70281,70281,LOVES TRAVEL STOP #645,"I-75, EXIT 18",Monroe,MI,325,3.409,41.91643,-83.39771,city,
70282,70282,PLEASANT SPRINGS TRAVEL,"I-39, EXIT 147 & CR-N",Cottage Grove,WI,420,3.39066666,43.078405,-89.201692,city,
70283,70283,SPEEDWAY #3996,US-12 & SR-120,Round Lake,IL,293,3.449,42.35336,-88.09341,city,
70284,70284,ROBINSON CORINTH IRVING,"I-395 N, EXIT 3",Corinth,ME,170,3.93233333,44.983655,-69.008532,city,
70285,70285,IRVING MAINWAY,SR-16 E,Dover Foxcroft,ME,170,3.86566666,45.18774,-69.204472,city,
70286,70286,ROBINSONS IRVING,SR-7,Corinna,ME,170,3.93233333,44.926045,-69.232341,city,
70287,70287,LOVES TRAVEL STOP #710,US-31 & SR 28,Tipton,IN,457,3.84733333,40.281725,-86.043291,city,
70291,70291,LOVES TRAVEL STOP #723,"I-80, EXIT 310 & CR-322",Laramie,WY,795,3.61566666,41.31137,-105.5911,city,
70292,70292,FLYING J #1171,I-15,Mesquite,NV,910,3.70566666,36.80553,-114.06719,city,
70293,70293,KWIK TRIP #922,US-8,Cameron,WI,295,3.664,45.403836,-91.730992,city,
70295,70295,SPEEDWAY #8080,I-69 & US-20,Angola,IN,465,3.599,41.656321,-85.019803,city,
70296,70296,MAVERIK COUNTRY STORE #573,SR-68 & SR-154,Riverton,UT,835,3.13566666,40.52189,-111.9391,city,
70297,70297,KWIK STAR #509,SR-169 & BUS-20,Fort Dodge,IA,433,3.20233333,42.49747,-94.16802,city,
70298,70298,LOVES TRAVEL STOP #740,"I-95, EXIT 38 & SR-68",Yemassee,SC,42,3.419,32.642983,-80.812932,city,
70299,70299,Mr Fuel Travel Center dba Pilot Express #1149,"I-295, EXIT 41 & SR-105",Jacksonville,FL,75,3.239,30.33218,-81.65565,city,
70300,70300,PILOT DEALER #1194,I-10 & US-60,Phoenix,AZ,930,6.039,33.44838,-112.07404,city,
70301,70301,GOLDEN GATE TRUCKSTOP,I-80 & SR-535,Elko,NV,787,3.599,40.83242,-115.76312,city,
70302,70302,KWIK TRIP #117,CR-9 & CR-4,Duluth,MN,334,3.499,46.78327,-92.10658,city,
70303,70303,Kwik Star #1004,US-63,Waterloo,IA,565,3.574,42.49276,-92.34296,city,
70304,70304,Rusty Lantern,"I-95, EXIT 109A & SR-202",Augusta,ME,170,3.88733333,44.31062,-69.77949,city,
70305,70305,LOVES TRAVEL STOP #737,I-40/US-270,El Reno,OK,483,3.344,35.53227,-97.95505,city,
70306,70306,KWIK STAR #1001,US-6,Newton,IA,320,3.249,41.69971,-93.04798,city,
70307,70307,KWIK TRIP #592,"I-35, EXIT 159 & CR-1",Rush City,MN,451,3.37733333,45.684496,-92.997876,city,
70308,70308,KWIK TRIP #946,SR-32,Pulaski,WI,582,3.45733333,44.66112,-88.263447,city,
70309,70309,PILOT #1165,SR-18 & SR-128,Jal,NM,593,3.36566666,32.112816,-103.199724,city,
70310,70310,LANCASTER CONVENIENCE,US-2 & US-70,Lancaster,MA,34,3.70566666,42.450984,-71.686831,city,
70311,70311,RACING MART,SR-8,Adams,MA,215,3.699,42.622319,-73.117225,city,
70313,70313,Flyer's #3207,"SR-143, EXIT 2",Phoenix,AZ,930,3.389,33.44838,-112.07404,city,
70314,70314,CASEYS #2721,US-34,Lincoln,NE,413,3.3365,40.8,-96.66696,city,
70318,70318,LOVES TRAVEL STOP #738,"I-30/US-67, EXIT 122 & SR-19/SR-11",Sulphur Springs,TX,723,3.309,33.13845,-95.60107,city,
70319,70319,SPEEDWAY #3650,"I-76, EXIT 11 & SR-261",Wadsworth,OH,305,3.699,41.02561,-81.72985,city,
70320,70320,SPEEDWAY #7177,"I-24, EXIT 158 & SR-27",Jasper,TN,285,3.014,35.066603,-85.614737,city,
70321,70321,PILOT TRAVEL CENTER #1132,SR-171 & SR-78,Brawley,CA,900,4.829,32.97866,-115.53027,city,
70322,70322,INDIAN HILL IRVING,SR 6,Greenville,ME,170,3.86566666,45.471566,-69.584376,city,
70323,70323,LOVES TRAVEL STOP #750,I-74 EXIT 206,Oakwood,IL,280,3.489,40.116656,-87.7825,city,
70324,70324,LOVES TRAVEL STOP #729,CR-17 & US-20,Goshen,IN,465,3.72233333,41.58227,-85.83444,city,
70325,70325,KWIK STAR #927,US-169 & US-169 BUS/US-20 BUS,Fort Dodge,IA,433,3.20233333,42.49747,-94.16802,city,
70326,70326,PILOT #1207,"I-20, EXIT 79 & SR-464",Monahans,TX,710,3.46566666,31.581294,-102.900273,city,
70328,70328,Thorntons #7,US-12 & US-45,Franklin Park,IL,290,3.379,41.93531,-87.86562,city,
70329,70329,1 STOP TRAVEL PLAZA,US-14 & US-83,Pierre,SD,571,3.38233333,44.369514,-100.321057,city,
70331,70331,LOVES TRAVEL STOP #707,"I-64, EXIT 21",Covington,VA,185,3.649,37.784203,-80.003176,city,
70333,70333,KWIK STAR #932,"I-80, EXIT 143 & CR-S14",Altoona,IA,320,2.959,41.64416,-93.46466,city,
70334,70334,KWIK TRIP #1021,SR-11 & CR-E,Brodhead,WI,420,3.41566666,42.611074,-89.371409,city,
70336,70336,SPEEDWAY #3962,"I-39, EXIT 3 & SR-9",Roscoe,IL,293,3.469,42.421659,-88.99433,city,
70337,70337,LOVES TRAVEL STOP #700,I-10 EXIT 404 & SR-467,Sonora,TX,710,3.64733333,30.555752,-100.630667,city,
70338,70338,LOVES TRAVEL STOP #747,"I-75, EXIT 90",Sidney,OH,411,3.34566666,40.28422,-84.1555,city,
70340,70340,PIT STOP,SR-53 & SR-74,Joliet,IL,399,3.499,41.52519,-88.0834,city,
70341,70341,LOVES TRAVEL STOP #741,US-29,Reidsville,NC,65,3.999,36.343209,-79.664212,city,
70342,70342,AF TRUCK CENTER,"I-294, EXIT 33 & SR-64",Melrose Park,IL,293,3.459,41.90059,-87.85673,city,
70343,70343,PILOT TRAVEL CENTER #1103,"I-5, EXIT 208 & SR-530",Arlington,WA,962,4.559,48.19871,-122.12514,city,
70344,70344,KWIK TRIP #928,US-169,Princeton,MN,451,3.399,45.585115,-93.596143,city,
70345,70345,LOVES TRAVEL STOP #742,"I-196, EXIT 52",Holland,MI,406,4.089,42.78752,-86.10893,city,
70346,70346,Kwik Star #924,SR-17 & US-20 EXIT 140,Webster City,IA,433,3.20233333,42.465682,-93.826216,city,
70349,70349,WEIGELS #90,SR-139 & SR-66,Kodak,TN,405,3.199,35.972215,-83.617111,city,
70350,70350,CIRCLE K #2741859,CR-802,Brownsville,TX,665,3.029,25.90175,-97.49748,city,
70351,70351,MAVERIK COUNTRY STORE #606,US-91,Franklin,ID,825,3.579,42.030389,-111.822862,city,
70352,70352,KWIK TRIP #1019,CR-5 & SR-65,Isanti,MN,448,3.474,45.468212,-93.226565,city,
70353,70353,ASAP General Store #314,"US-62, US-81, SR-9",Chickasha,OK,483,3.13233333,35.05257,-97.93643,city,
70357,70357,Certified Oil #400489,"I-71, EXIT 104",Columbus,OH,315,3.409,39.96118,-82.99879,city,
70358,70358,FOOD N FUEL #25,SR-15 & US-12,Milbank,SD,248,3.369,45.206127,-96.62548,city,
70359,70359,PILOT DEALER #1185,"I-15, EXIT 9 3",Littlefield,AZ,910,3.699,36.866524,-113.913693,city,
70360,70360,MAVERIK COUNTRY STORE #595,"I-84, EXIT 28",Caldwell,ID,785,3.369,43.66294,-116.68736,city,
70361,70361,MAVERIK COUNTRY STORE #599,US-89 & CR-122,Thayne,WY,825,3.669,42.933026,-111.011354,city,
70366,70366,FAST STOP,US-41,Escanaba,MI,360,3.399,45.76587,-87.088985,city,
70371,70371,KENT KWIK #440,US-277,Haskell,TX,575,3.539,33.157993,-99.730923,city,
70373,70373,KWIK TRIP #791,US-45 & SR-54,New London,WI,582,3.484,44.392847,-88.755428,city,
70374,70374,LOVES TRAVEL STOP #746,I-72 & SR-121,Decatur,IL,280,3.469,39.84031,-88.9548,city,
70375,70375,QUIKTRIP #1853,US-81,Decatur,TX,630,2.899,33.235077,-97.573995,city,
70376,70376,QUIKTRIP #1935,SR-183,Dallas,TX,630,2.97566666,32.78306,-96.80667,city,
70377,70377,WEIGELS #81,I-81 & SR-32,Morristown,TN,405,3.259,36.21398,-83.29489,city,
70379,70379,SPEEDWAY #7209,US-411 & SR-20,Cartersville,GA,18,3.11566666,34.16533,-84.80231,city,
70380,70380,LOVES TRAVEL STOP #714,"I-85, EXIT 29",Charlotte,NC,46,3.52233333,35.22709,-80.84313,city,
70383,70383,SPEEDWAY #4400,I-10 & SR-59,Loxley,AL,715,3.28233333,30.617964,-87.75624,city,
70385,70385,LONGHORN EXPRESS,US-70,Ardmore,OK,253,3.009,34.17426,-97.14363,city,
70388,70388,PILOT #1205,"I-20, EXIT 80",Monahans,TX,710,3.46566666,31.581294,-102.900273,city,
70389,70389,PILOT #1145,SR-191,Midland,TX,710,3.56566666,31.99735,-102.07791,city,
70390,70390,FLYING J #1206,SR-302 & CR-313,Kermit,TX,710,3.25566666,31.85496,-103.091269,city,
70391,70391,MACH 1 #12,I-57 EXIT 65,West Frankfort,IL,510,3.249,37.897914,-88.930724,city,
70403,70403,MAVERIK COUNTRY STORE #607,"I-90, EXIT 1",Post Falls,ID,970,3.37566666,47.71796,-116.95159,city,
70404,70404,MAVERIK COUNTRY STORE #602,"I-25 EXIT, 138",Colorado Springs,CO,803,3.289,38.83388,-104.82136,city,
70405,70405,LOVES TRAVEL STOP #760,SR-18 & SR-234,Eunice,NM,593,3.329,32.439225,-103.159407,city,
70406,70406,LOVES TRAVEL STOP #754,SR-251,Rochelle,IL,520,3.799,41.928156,-89.071035,city,
70407,70407,BOLLA MARKET,"I-495, EXIT 57",Islandia,NY,83,3.599,40.790556,-73.202222,city,
70408,70408,BOLLA MARKET,"I-495, EXIT 64",Medford,NY,83,3.639,40.8176,-73.00011,city,
70409,70409,SPEEDWAY #6512,"I-196, EXIT 49 & SR-40",Holland,MI,456,3.899,42.78752,-86.10893,city,
70410,70410,SPEEDWAY #4107,I-285 & US-78,Stone Mountain,GA,18,3.529,33.794233,-84.201754,city,
70411,70411,MARATHON,SR-72,Elberton,GA,16,3.899,34.108202,-82.844765,city,
70413,70413,CASEYS #3782,US-169 & SR-2,Mount Ayr,IA,320,3.164,40.7142,-94.232146,city,
70415,70415,GARDEN TRUCK STOP,SR-55 /EXIT 35,Vineland,NJ,150,3.999,39.48623,-75.02573,city,
70416,70416,ALLSUPS CONVENIENCE STORE #2361,US-54 & US-287,Stratford,TX,585,2.95733333,36.33349,-101.988568,city,
70417,70417,CASEYS #3434,US-63,Denver,IA,565,3.499,42.673137,-92.341701,city,
70419,70419,FUEL AMERICA TRAVEL CENTER,I-35 EXIT 24,Laredo,TX,693,3.099,27.50641,-99.50754,city,
70420,70420,Circle K #2709302,SR-67,Decatur,AL,615,3.50733333,34.60593,-86.98334,city,
70421,70421,CASEYS #3581,US-62/US-67,Corning,AR,695,3.28233333,36.415532,-90.58702,city,
70422,70422,CIRCLE K #2741675,"I-10, EXIT 134",Tolleson,AZ,930,3.519,33.434686,-112.277444,city,
70423,70423,LOVES TRAVEL STOP #763,I-90 & US-20,Hampshire,IL,290,3.489,42.080748,-88.517033,city,
70424,70424,LOVES TRAVEL STOP #743,"I-75, EXIT 144A",Bridgeport,MI,260,3.389,43.355309,-83.854906,city,
70425,70425,LOVES TRAVEL STOP #731,"I-79, EXIT 105 & SR-108",Slippery Rock,PA,165,4.249,41.045412,-80.046847,city,
70426,70426,BISHOPS TRAVEL CENTER,US-27,Attapulgus,GA,20,3.699,30.748889,-84.483889,city,
70427,70427,PARKERS #64 (DISCOUNT AVAILABLE),SR-307,Savannah,GA,195,3.03233333,32.08354,-81.09983,city,
70428,70428,PARKERS #63 (DISCOUNT AVAILABLE),US-301,Jesup,GA,195,3.11566666,31.604326,-81.88706,city,
70429,70429,BP,SR-76,Adel,GA,10,2.969,31.125143,-83.421346,city,
70430,70430,SPRINT FOODS #715,I-520 & SR-56,Augusta,GA,135,3.19233333,33.47097,-81.97484,city,
70431,70431,TA EXPRESS HOLSTEIN #941,I-20 E,Holstein,IA,527,3.559,42.494779,-95.564971,city,
70432,70432,GAS N WASH,SR-43,Frankfort,IL,365,3.549,41.49587,-87.84866,city,
70433,70433,GAS N WASH,SR-126,Plainfield,IL,290,3.599,41.62697,-88.20395,city,
70434,70434,HUCKS FOOD & FUEL #371,SR-148 & SR-142,Mount Vernon,IL,340,3.099,38.31727,-88.90312,city,
70436,70436,CASEYS #3492,US-36,Marysville,KS,413,3.299,39.842827,-96.642183,city,
70437,70437,Thorntons #155,"SR-1020 N, & SR1065 E",Louisville,KY,415,2.90566666,38.25424,-85.75941,city,
70438,70438,BREAU BRIDGE TRUCKSTOP AND CASINO,SR-94,Breaux Bridge,LA,730,3.229,30.274955,-91.905899,city,
70439,70439,CHEVRON,I-20 & SR-151,Arcadia,LA,590,3.189,32.555643,-92.924529,city,
70440,70440,MOUND MINI MART,I-696,Warren,MI,325,3.699,42.49044,-83.01304,city,
70441,70441,BREAK TIME #3165,US-50 & SR-13,Warrensburg,MO,400,3.29233333,38.76279,-93.73605,city,
70442,70442,GOLDEN GATE PETRO,I-580 & US-50,Carson City,NV,966,3.599,39.1638,-119.7674,city,
70443,70443,GLUCKSTADT FLEETWAY,"I-55, EXIT 112",Madison,MS,760,3.199,32.46181,-90.11536,city,
70445,70445,CASEYS #3514,SR-1,Oakes,ND,341,3.38233333,46.128796,-98.099339,city,
70446,70446,ALLSUPS CONVENIENCE STORE #2220,US-285,Loving,NM,640,3.599,32.274034,-104.091376,city,
70447,70447,84 QUIK STOP,"I-84, EXIT 3 & US-6",New Hampton,NY,120,3.579,41.362714,-74.443483,city,
70448,70448,CIRCLE K #4707623,"I-81, EXIT 31",Brewerton,NY,220,4.089,43.225194,-76.135132,city,
70450,70450,QUEENSBURY,SR-149,Queensbury,NY,12,3.789,43.37729,-73.61317,city,
70452,70452,LOVES TRAVEL STOP #749,SR-78,Westmorland,CA,900,4.819,33.041058,-115.630723,city,
70453,70453,MARIETTA PETROLEUM,"I-35, EXIT 15 & SR-32",Marietta,OK,253,2.92233333,33.943099,-97.114801,city,
70454,70454,DANDY MINI MART #36,US-220,Monroeton,PA,200,4.03233333,41.699387,-76.500995,city,
70455,70455,RUTTERS #37,US-332/US-22 & SR-75,Mifflintown,PA,70,4.099,40.572666,-77.376119,city,
70456,70456,RUTTERS #67,SR-16 & SR-75,Mercersburg,PA,70,4.399,39.819519,-77.907259,city,
70457,70457,RUTTERS #15,"I-83, EXIT 22 & SR-4009",York,PA,70,4.199,39.9626,-76.72774,city,
70458,70458,STOP-A MINIT,US-25 & SR-418,Pelzer,SC,30,2.899,34.646063,-82.467334,city,
70459,70459,GET N GO #22,I-90 & SR-115,Sioux Falls,SD,530,2.939,43.54997,-96.70033,city,
70460,70460,ALLSUPS CONVENIENCE STORE #2371,US-87,San Angelo,TX,612,3.20566666,31.46377,-100.43704,city,
70461,70461,CIRCLE K #2741074,I-35 & FM-1103,New Braunfels,TX,740,2.844,29.703,-98.12445,city,
70463,70463,CIRCLE K #2741496,US-290,Chappell Hill,TX,670,2.999,30.183271,-96.234739,city,
70464,70464,GOLDEN GATE PETEROLEUM 24 RD,US-6,Grand Junction,CO,810,3.539,39.06387,-108.55065,city,
70466,70466,Circle K #2741925,SR-19,Trinity,TX,670,2.899,30.941951,-95.340295,city,
70467,70467,QUIKTRIP #598,"I-80, EXIT 439, SR-370",Omaha,NE,486,2.92733333,41.25626,-95.94043,city,
70468,70468,CIRCLE K #2741325,I-14 & SR-121,Belton,TX,765,2.88566666,31.05601,-97.46445,city,
70469,70469,TA EXPRESS #286,I-30 & SR-423,Mount Vernon,TX,637,3.299,33.170204,-95.218106,city,
70472,70472,SHELL/ONE9 #1304,I-820 & CR-156,Fort Worth,TX,630,2.89233333,32.72541,-97.32085,city,
70474,70474,EXXON,"I-30, EXIT 42A",Dallas,TX,630,3.499,32.78306,-96.80667,city,
70476,70476,KWIK TRIP #1037,SR-65/23,Mora,MN,451,3.394,45.895786,-93.294234,city,
70478,70478,TA Express Salina,"I-70, EXIT 56",Salina,UT,835,3.649,38.956028,-111.881072,city,
70479,70479,CROSSROADS MARKET,US-60 & SR-657,Gladstone,VA,185,3.439,37.547252,-78.850838,city,
70480,70480,BIG B TRUCK STOP,"I-90, EXIT 321",Sprague,WA,962,3.899,47.324725,-117.989684,city,
70481,70481,GOHL POST BP,"I-39, EXIT 100",Endeavor,WI,420,3.17566666,43.696305,-89.461699,city,
70482,70482,BIG D OIL #19,SR-259 & SR-387,Midwest,WY,790,3.459,43.410829,-106.266818,city,
70483,70483,BOLLA MARKET,SR-27 & CR-47,Copiague,NY,83,3.419,40.68149,-73.39984,city,
70484,70484,ALLSUPS CONVENIENCE STORE #2117,SR-18 & CR-97,Lovington,NM,700,3.104,32.951166,-103.348849,city,
70485,70485,ALLSUPS CONVENIENCE STORE #2145,SR-132,Hobbs,NM,593,3.38233333,32.70261,-103.13604,city,
70488,70488,ALLSUPS CONVENIENCE STORE #2365,US-380 & SR-214,Plains,TX,700,3.369,33.189354,-102.829367,city,
70491,70491,MFA OIL PETRO CARD 24,US-36,Hamilton,MO,276,3.24066666,39.736412,-93.990898,city,
70492,70492,KWIK TRIP #1033,US-51 EXIT 191B,Wausau,WI,395,3.454,44.95914,-89.63012,city,
70493,70493,LOVES TRAVEL STOP #759,US-63/SR-11,Hazen,AR,695,3.22566666,34.783833,-91.576699,city,
70494,70494,7-ELEVEN #37570,I-76/US-6,Commerce City,CO,800,3.639,39.80832,-104.93387,city,
70495,70495,LOVES TRAVEL STOP #689,US-65 & US-82,Lake Village,AR,695,3.269,33.327408,-91.282487,city,
70496,70496,KWIK TRIP #1015,"I-43, EXIT 171",Denmark,WI,582,3.36233333,44.359392,-87.827036,city,
70498,70498,KWIK TRIP #939,"SR-29, EXIT 101",Stanley,WI,295,3.469,44.968872,-90.938935,city,
70500,70500,STRIPES 7FLEET #42526,SR-289,Lubbock,TX,700,3.05566666,33.57786,-101.85517,city,
70501,70501,STRIPES 7FLEET #42527,SR-191 & US-349,Midland,TX,710,3.47233333,31.99735,-102.07791,city,
70502,70502,STRIPES 7FLEET #42532,SR-302 & FM-1936,Odessa,TX,710,3.099,31.84568,-102.36764,city,
70503,70503,STRIPES 7FLEET #42491,US-67 & SR-137,Big Lake,TX,710,3.549,31.240592,-101.478776,city,
70505,70505,STRIPES #42593,LOOP 289 & MLK BLVD,Lubbock,TX,700,2.96566666,33.57786,-101.85517,city,
70507,70507,ALLSUPS CONVENIENCE STORE #2154,SR-206 / US-283,Coleman,TX,575,3.159,31.828651,-99.427007,city,
70508,70508,7-ELEVEN #34715,I-294 EXIT 20,Schiller Park,IL,290,4.579,41.956304,-87.869179,city,
70509,70509,ALLSUPS CONVENIENCE STORE #2108,US-377 & US-183,Early,TX,575,2.93233333,31.741944,-98.945278,city,
70510,70510,ALLSUPS CONVENIENCE STORE #2147,SR-6 & CR-454,De Leon,TX,630,3.159,32.108742,-98.54894,city,
70516,70516,STRIPES 7FLEET #42528,"I-20, EXIT 217 & SR-139",Colorado City,TX,575,2.899,32.398736,-100.860948,city,
70527,70527,THORNTONS #164,I-65 EXIT 16 & US-31,Memphis,IN,415,3.62566666,38.464181,-85.777501,city,
70530,70530,LOVES TRAVEL STOP #767,FM-511 & SR-48,Brownsville,TX,625,3.15566666,25.90175,-97.49748,city,
70538,70538,SPEEDWAY #9329,"I-64 EXIT 43, SR 395 & 2823",Waddy,KY,410,3.149,38.105445,-85.12883,city,
70539,70539,PILOT TRAVEL CENTER #1174,"I-70/SR-1, EXIT 147",Marshall,IL,510,3.359,39.421999,-87.692261,city,
70540,70540,LOVES TRAVEL STOP #674,US-27 & SR-60,Lake Wales,FL,140,3.55233333,27.90141,-81.58591,city,
70541,70541,Kwik Star#1012,US-71 & SR-9,Spirit Lake,IA,440,3.299,43.426211,-95.112336,city,
70543,70543,ALLSUPS CONVENIENCE STORE #2078,US-60,White Deer,TX,585,2.969,35.42781,-101.173993,city,
70544,70544,ALLSUPS CONVENIENCE STORE #2100,US-87,Odonnell,TX,700,3.099,32.977331,-101.827099,city,
70545,70545,ALLSUPS CONVENIENCE STORE #2205,SR-83,Denver City,TX,700,3.36566666,32.971114,-102.831251,city,
70546,70546,ALLSUPS CONVENIENCE STORE #2370,US-287 & SR-70,Clarendon,TX,585,2.929,34.952878,-100.895157,city,
70547,70547,ALLSUPS CONVENIENCE STORE #2140,SR-114,Bridgeport,TX,630,2.899,33.187027,-97.78098,city,
70548,70548,ALLSUPS CONVENIENCE STORE #2114,US-84,Muleshoe,TX,700,3.19066666,34.219308,-102.749631,city,
70549,70549,ALLSUPS CONVENIENCE STORE #2194,214 PLAINS HIGHWAY,Denver City,TX,700,3.38233333,32.971114,-102.831251,city,
70550,70550,TEXACO #379545,US-290,Giddings,TX,595,3.399,30.177725,-96.93322,city,
70551,70551,KWIK TRIP #1047,SR-100 & SR-59,Milwaukee,WI,444,3.54066666,43.0389,-87.90647,city,
70552,70552,KWIK TRIP #941,US-2,Duluth,MN,334,3.499,46.78327,-92.10658,city,
70553,70553,KWIK TRIP #1028,US-59,Worthington,MN,425,3.16566666,43.628626,-95.605907,city,
70554,70554,HORSESHOE CONVENIENCE,SR 302 & IC 200,Mentone,TX,710,3.10733333,31.738374,-103.550316,city,
70555,70555,THORNTONS #615,I-40 EXIT 188,Kingston Springs,TN,460,2.98233333,36.095324,-87.115646,city,
70556,70556,ZIP ZONE EXPRESS,US-23,Catlettsburg,KY,255,3.699,38.379946,-82.632065,city,
70557,70557,LOVES TRAVEL STOP #727,"I-44, EXIT 283 & US-69",Big Cabin,OK,560,3.41233333,36.607931,-95.274736,city,
70558,70558,LOVES TRAVEL STOP #752,"I-43, EXIT 25 & SR-67",Elkhorn,WI,520,3.24066666,42.700928,-88.546209,city,
70559,70559,KWIK TRIP #1026,"HWY-23/ HWY-169, EXIT 23",Milaca,MN,453,3.369,45.779481,-93.645266,city,
70560,70560,PILOT DEALER #1235,"I-8, EXIT 42",Tacna,AZ,900,3.629,32.6975,-113.952778,city,
70561,70561,PILOT #1143,I-20 & SR-302,Odessa,TX,710,3.599,31.84568,-102.36764,city,
70562,70562,SPEEDWAY #7161,I-65 & US-31,Portland,TN,460,3.024,36.567306,-86.505923,city,
70563,70563,PILOT DEALER #1234,US-93 & CR-145,Willow Beach,AZ,910,3.869,35.8316,-114.4441,city,
70564,70564,SPEEDWAY #7236,"I-90/SR-2, EXIT 151",Avon,OH,305,3.659,41.45171,-82.03542,city,
70565,70565,Kwik Star #1025,SR-9/SR-4,Estherville,IA,425,3.33233333,43.401709,-94.818001,city,
70567,70567,LEDGEWOOD BP,I-80/SR-46,Ledgewood,NJ,115,3.299,40.878028,-74.655405,city,
70571,70571,LOVES TRAVEL STOP #748,"I-90, I-80 & SR-49",Edon,OH,550,3.88733333,41.584219,-84.757002,city,
70572,70572,LOVES TRAVEL STOP #745,I-94,Saint Clair,MI,342,3.949,42.825453,-82.513256,city,
70573,70573,KWIK TRIP #1038,US-12,Prairie Du Sac,WI,420,3.484,43.295631,-89.745233,city,
70574,70574,SPEEDWAY #3961,"I-55, EXIT 109",Williamsville,IL,318,3.299,39.930438,-89.534172,city,
70575,70575,SPEEDWAY #6721,SR 51,Mc Kees Rocks,PA,165,3.899,40.471742,-80.087567,city,
70576,70576,KWIK TRIP #593,"I-94, EXIT 41 & SR-25",Menomonie,WI,295,3.574,44.87552,-91.91934,city,
70577,70577,SPEEDWAY #3715,US-30,Crest Hill,IL,293,3.329,41.55475,-88.09867,city,
70578,70578,COMMON CENTS #125,"I-90/US-14, EXIT 61",Rapid City,SD,506,3.20733333,44.08054,-103.23101,city,
70579,70579,Exxon/One9 #1338,I-35 & CR-372,Jarrell,TX,765,2.88566666,30.748406,-97.600833,city,
70580,70580,LOVES TRAVEL STOP #753,I-90 EXIT 96 & SR-474,Missoula,MT,820,3.674,46.87215,-113.994,city,
70581,70581,LOVES TRAVEL STOP #773,"SR-14 & I-59/20, EXIT 40",Eutaw,AL,615,3.13733333,32.888871,-87.930297,city,
70582,70582,Kwik Star #1039,I-80 EXIT 301,Bettendorf,IA,270,3.649,41.52448,-90.51569,city,
70583,70583,LOVES TRAVEL STOP #783,US-60 & US-63,Willow Springs,MO,535,3.419,36.995812,-91.940545,city,
70584,70584,PILOT TRAVEL CENTER #1209,"I-20, EXIT 136 & SR-349",Midland,TX,710,3.56566666,31.99735,-102.07791,city,
70585,70585,PILOT TRAVEL CENTER #1211,US-385 & CR-1910,Andrews,TX,710,3.639,32.320125,-102.540926,city,
70586,70586,MAVERIK COUNTRY STORE #610,I-80,Winnemucca,NV,966,3.389,40.966418,-117.746693,city,
70587,70587,MAVERIK COUNTRY STORE #623,US-89,Gunnison,UT,835,3.419,39.154464,-111.816701,city,
70588,70588,SPEEDWAY #7217,I-70 EXIT 49,Smithton,PA,165,3.91566666,40.144267,-79.731277,city,
70590,70590,CIRCLE K #2722291,US-1 & SR-206,Saint Augustine,FL,75,3.379,29.8364,-81.2745,city,
70591,70591,SPEEDWAY #6465,"I-77, EXIT 101",Canton,OH,249,3.60733333,40.79895,-81.37845,city,
70592,70592,LOVES TRAVEL STOP #751,"I-20, EXIT 87",Elgin,SC,135,3.42566666,34.161963,-80.811292,city,
70593,70593,LOVES TRAVEL STOP #735,I-75/SR-401,Calhoun,GA,285,3.279,34.50259,-84.95105,city,
70595,70595,SPEEDWAY #6509,"I-74, EXIT 206",Oakwood,IL,280,3.299,40.116656,-87.7825,city,
70596,70596,SPEEDWAY #7208,I-85 EXIT 137,Jefferson,GA,16,3.119,34.106197,-83.570813,city,
70597,70597,SPEEDWAY #9394,SR-4 & US-25,Lexington,KY,410,3.129,37.98869,-84.47772,city,
70598,70598,SPEEDWAY #7175,US-78 & SR-175,Memphis,TN,435,3.199,35.14953,-90.04898,city,
70599,70599,Jet Food Store,US-278,Warrenton,GA,85,3.41566666,33.40914,-82.63568,city,
70600,70600,KWIK STAR #1027,US-65,Mason City,IA,433,3.264,43.15357,-93.20104,city,
70601,70601,24/7 TRAVEL STORE,I-70 EXIT 275,Abilene,KS,523,2.994,38.937144,-97.20632,city,
70603,70603,ROAD RANGER #277,"I-30, EXIT 201 & SR-8",New Boston,TX,766,3.08066666,33.462119,-94.433882,city,
70604,70604,KWIK STAR #940,US-69 & SR-9,Forest City,IA,433,3.449,43.269184,-93.635595,city,
70605,70605,SPEEDWAY #1042,"I-55 & SR-50, EXIT 286",Cicero,IL,291,3.584,41.84559,-87.75394,city,
70606,70606,SPEEDWAY #7179,"I-65 & SR-101, EXIT 38",Smiths Grove,KY,415,3.06566666,37.058104,-86.193757,city,
70607,70607,SPEEDWAY #8544,"I-55 & US-6, EXIT 24B",Channahon,IL,291,3.274,41.434664,-88.213786,city,
70608,70608,KWIK TRIP #1017,US-10/SR-47,Anoka,MN,451,3.624,45.19774,-93.38718,city,
70609,70609,JP TRAVEL PLAZA,"I-75, EXIT 205 & SR-16",Jackson,GA,18,3.159,33.282006,-83.978391,city,
70611,70611,Shell,US-6 & SR-3,Kendallville,IN,370,3.499,41.448206,-85.260874,city,
70612,70612,SHREES TRUCK STOP #2,I-90 EXIT 101,Thorp,WA,920,3.839,47.017785,-120.678557,city,
70615,70615,THORNTONS #0334,I-57 EXIT 350 & SR-83,Posen,IL,365,3.399,41.62766,-87.687213,city,
70617,70617,QUIKTRIP #224,"I-435, EXIT 57",Kansas City,MO,400,3.099,39.09973,-94.57857,city,
70618,70618,LOVES TRAVEL STOP #744,"I-270 N, EXIT 49",Lockbourne,OH,315,3.45566666,39.814236,-82.976369,city,
70619,70619,KWIK TRIP #1049,US-212 & CR-68,Glencoe,MN,448,3.524,44.778001,-94.161554,city,
70620,70620,LOVES TRAVEL STOP #779,I-30 EXIT 97,Malvern,AR,635,3.499,34.355715,-92.829162,city,
70621,70621,FRIENDLY GUS STORE #24,I-16 EXIT 53 & SR-19,Dublin,GA,85,3.399,32.54044,-82.90375,city,
70622,70622,SPEEDWAY #6781,US-422,Douglassville,PA,208,3.799,40.270876,-75.739673,city,
70623,70623,SPEEDWAY #1127,"I-55, EXIT 267 & SR-53",Bolingbrook,IL,293,3.444,41.69864,-88.0684,city,
70624,70624,KWIK STAR #929,I-74 EXIT 2,Bettendorf,IA,270,3.599,41.52448,-90.51569,city,
70625,70625,BROWNVILLE IRVING,SR-11,Brownville,ME,170,3.93233333,45.341229,-69.042331,city,
70626,70626,GOLDEN GATE PETROLEUM,"I-70, EXIT 97",Silt,CO,810,3.459,39.541464,-107.657411,city,
70628,70628,PILOT #1195,"I-90, EXIT 106",Ellensburg,WA,977,3.879,46.99651,-120.54785,city,
70629,70629,KWIK TRIP #930,"I-35, EXIT 147 & SR-95",North Branch,MN,448,3.40233333,45.516479,-92.937097,city,
70630,70630,SPEEDWAY #3632,"I-76, EXIT 33 & SR-43",Kent,OH,249,3.53233333,41.15367,-81.35789,city,
70632,70632,CIRCLE K #4706705,SR-394,Crete,IL,365,3.499,41.438952,-87.602738,city,
70634,70634,CORNER MARKET #101,US-83 & SR-96,Scott City,KS,525,3.359,38.47994,-100.899331,city,
70635,70635,CIRCLE K #4705706,US-224 & SR-99,Willard,OH,249,3.599,41.053056,-82.726389,city,
70637,70637,CIRCLE K #2704111,I-2/US-83 & CR-493,Donna,TX,639,3.009,26.17035,-98.05195,city,
70638,70638,LOVES TRAVEL STOP #769,"I-70, EXIT 358A & US-75",Topeka,KS,570,3.284,39.04833,-95.67804,city,
70640,70640,LOVES TRAVEL STOP #794,SR-3/SR-33,Watonga,OK,483,3.37566666,35.853762,-98.417487,city,
70641,70641,LOVES TRAVEL STOP #706,"I-81/I-64, EXIT 213",Staunton,VA,185,3.649,38.14991,-79.0732,city,
70642,70642,LOVES TRAVEL STOP #776,"I-20, EXIT 15",Vicksburg,MS,760,3.549,32.35265,-90.87788,city,
70643,70643,LOVES TRAVEL STOP #774,US-431/CR-248,Smiths Station,AL,720,3.194,32.520072,-85.100027,city,
70644,70644,KWIK TRIP #1031,I-494 EXIT 20,Delano,MN,451,3.524,45.034222,-93.801644,city,
70645,70645,QUIKTRIP #4048,"I-410, EXIT164B",San Antonio,TX,740,2.96566666,29.42412,-98.49363,city,
70646,70646,KWIK TRIP #1051,I-43 & CR-N,Green Bay,WI,582,3.44066666,44.51916,-88.01983,city,
70647,70647,PILOT #1227,I-20 EXIT 66,Pyote,TX,710,3.46566666,31.539491,-103.139676,city,
70648,70648,BARRINGTON APPLEGREEN,SR-125 & SR-9,Barrington,NH,178,3.899,43.2027,-71.037675,city,
70649,70649,KWIK TRIP #931,SR-95,North Branch,MN,448,3.42733333,45.516479,-92.937097,city,
70650,70650,MAVERIK COUNTRY STORE #581,"I-15 N, EXIT 334 & SR-193",Clearfield,UT,835,3.33566666,41.11078,-112.02605,city,
70651,70651,WALBURG TRAVEL CENTER,"I-35, EXIT 266",Georgetown,TX,595,2.83233333,30.63269,-97.67723,city,
70652,70652,ROADYS MACH 1 #14,I-57 EXIT 94,Mount Vernon,IL,574,3.199,38.31727,-88.90312,city,
70653,70653,MACH 1 #24,I-74 EXIT 215A & SR-1,Tilton,IL,280,3.249,40.096406,-87.644048,city,
70654,70654,PILOT DEALER #1269,I-10 EXIT 378,San Simon,AZ,980,3.3215,32.208167,-109.367152,city,
70655,70655,GOLDEN GATE PETROLEUM,US-6,Grand Junction,CO,810,3.499,39.06387,-108.55065,city,
70656,70656,LOVES TRAVEL STOP #757,"US-23, EXIT 25",Milan,MI,325,3.574,42.091373,-83.677636,city,
70657,70657,INTERFUEL,I-96 EXIT 167,Springfield,VA,60,3.899,38.78928,-77.1872,city,
70658,70658,CASEYS #3708,SR-235,New Carlisle,OH,411,3.259,39.930025,-84.021704,city,
70660,70660,CASEYS #3852,"I-35, EXIT 33 & US-34",Creston,IA,320,3.349,41.062384,-94.369151,city,
70661,70661,CASEYS #3238,US-52 EXIT 64 & CR-12,Oronoco,MN,451,3.51566666,44.148861,-92.48496,city,
70662,70662,GETGO #3202,I-79 EXIT 183A,Erie,PA,240,3.899,42.12922,-80.08506,city,
70663,70663,LENNYS GAS N WASH BOURBONNAIS,US-45/US-52,Bourbonnais,IL,296,3.349,41.15376,-87.88754,city,
70665,70665,POCO LOCO MARKET,I-35 EXIT 219,Buda,TX,595,2.89233333,30.091758,-97.853422,city,
70666,70666,Thorntons #322,"I-55, EXIT 288",Chicago,IL,290,3.599,41.85003,-87.65005,city,
70667,70667,EZ TRIP #1226,"I-84, EXIT 104 & US-97",Wasco,OR,935,3.239,45.597447,-120.730356,city,
70668,70668,LOVES TRAVEL STOP #784,US-30 & CR-9,Schuyler,NE,486,3.28233333,41.459128,-97.062832,city,
70669,70669,TA EXPRESS BIGGS,"I-84, EXIT 104 & US-97",Wasco,OR,935,3.199,45.597447,-120.730356,city,
70670,70670,MAVERIK COUNTRY STORE #625,"I-215, EXIT 27 & CR-68",North Salt Lake,UT,835,3.44233333,40.84856,-111.90688,city,
70673,70673,PAC PRIDE,SR-202,Mesa,AZ,930,4.024,33.42227,-111.82264,city,
70674,70674,ALLTOWN FRESH #769,SR-111,Ayer,MA,34,3.649,42.55914,-71.578763,city,
70676,70676,PAC PRIDE,"I-10, EXIT 138",Phoenix,AZ,930,4.0365,33.44838,-112.07404,city,
70677,70677,PAC PRIDE,US-60,Glendale,AZ,930,4.024,33.53865,-112.18599,city,
70679,70679,PAC PRIDE,"I-10, EXIT 151",Phoenix,AZ,930,4.024,33.44838,-112.07404,city,
70680,70680,PAC PRIDE,"I-17, EXIT 215B",Phoenix,AZ,930,4.024,33.44838,-112.07404,city,
70681,70681,PETRO STOP,US-60,Mesa,AZ,930,4.01566666,33.42227,-111.82264,city,
70682,70682,LOVES TRAVEL STOP #758,"I-255/US-50, EXIT 15",East Saint Louis,IL,540,3.539,38.6245,-90.15094,city,
70686,70686,HOLIDAY STATIONSTORE #2746471,US-12,Hudson,WI,448,3.539,44.984187,-92.727062,city,
70687,70687,RUTTERS #87,"I-99, EXIT 78B & SR-150",Bellefonte,PA,70,4.01566666,40.909377,-77.7642,city,
70691,70691,QUIKTRIP #4049,"I-10/US-90, EXIT 583",San Antonio,TX,740,2.96566666,29.42412,-98.49363,city,
70692,70692,RUTLAND ROUTE 7 IRVING,US-4 & US-7,Rutland,VT,170,3.699,43.61062,-72.97261,city,
70693,70693,MAPCO #3507,US-76 & SR-71,Dalton,GA,285,3.119,34.7698,-84.97022,city,
70695,70695,ALLSUPS CONVENIENCE STORE #2132,US-54 & US-380,Carrizozo,NM,580,3.28233333,33.64962,-105.869617,city,
70696,70696,DK #11822,I-20 EXIT 131,Midland,TX,612,2.85733333,31.99735,-102.07791,city,
70698,70698,ALLSUPS CONVENIENCE STORE #2038,US-54,Logan,NM,585,3.199,35.368051,-103.438339,city,
70699,70699,QUIK STOP,US-79,Paris,TN,490,2.959,36.300519,-88.309328,city,
70700,70700,PATRIOT FUELING CENTER,US-231/SR-9,Wetumpka,AL,720,3.199,32.54509,-86.188039,city,
70704,70704,KUM & GO #0702,"I-44, EXIT 6 & SR-86",Joplin,MO,535,3.009,37.08423,-94.51328,city,
70705,70705,CASEYS #3464,SR-48 & CR-10,Morrisonville,IL,280,3.959,39.415336,-89.45407,city,
70706,70706,BIG APPLE TRAVEL CENTER,I-44/US-71,Joplin,MO,416,3.21233333,37.08423,-94.51328,city,
70707,70707,TA Express West Point #283,"I-85/SR-403, EXIT 2 & SR-18",West Point,GA,720,3.66566666,32.833683,-85.119714,city,
70708,70708,LOVES TRAVEL STOP #785,"I-96, EXIT 90",Grand Ledge,MI,406,3.949,42.752924,-84.737314,city,
70709,70709,VP Racing Fuels,SR-19,Center,MO,540,3.16566666,39.515397,-91.539842,city,
70710,70710,LOVES TRAVEL STOP #799,US-72 & SR-15,Walnut,MS,655,3.559,34.952732,-88.905337,city,
70711,70711,LOVES TRAVEL STOP #762,FM-1472,Laredo,TX,693,3.25566666,27.50641,-99.50754,city,
70714,70714,PILOT TRAVEL CENTER #1281,US-89,Page,AZ,910,3.999,36.896625,-111.43847,city,
70717,70717,Certified Oil #400491,I-270 EXIT 52,Columbus,OH,315,3.20233333,39.96118,-82.99879,city,
70718,70718,ROAD RANGER #278,"I-40, EXIT 216 & US-49",Brinkley,AR,695,3.199,34.878124,-91.188596,city,
70719,70719,FAST LANE #31,"I-70, EXIT 183",Jonesburg,MO,540,3.299,38.871658,-91.30193,city,
70720,70720,SPEEDWAY #4453,SR-23,Sauk Rapids,MN,451,3.189,45.604032,-94.159088,city,
70722,70722,SPEEDWAY #9935,I-90 EXIT 35 & SR-298,Syracuse,NY,190,4.099,43.04812,-76.14742,city,
70723,70723,SPEEDWAY #9932,I-99 EXIT 8 & SR-417,Painted Post,NY,190,4.099,42.170967,-77.119375,city,
70724,70724,LOVES TRAVEL STOP #790,"I-95, EXIT108",Summerton,SC,135,3.509,33.594578,-80.360566,city,
70725,70725,LOVES TRAVEL STOP #782,"I-24 & US-41, EXIT 86",Oak Grove,KY,415,3.14233333,36.665225,-87.425514,city,
70726,70726,CASEYS #1195,US-36,Belleville,KS,336,3.339,39.824054,-97.629016,city,
70727,70727,CASEYS #2998,US-75 & SR-23,Pipestone,MN,530,3.449,44.009516,-96.322762,city,
70728,70728,CASEYS #3245,US-81,Freeman,SD,530,3.299,43.360501,-97.460073,city,
70729,70729,CASEYS #3785,US-14,Fort Pierre,SD,571,3.399,44.342587,-100.404323,city,
70730,70730,CASEYS #3855,US-81,Yankton,SD,572,3.139,42.882086,-97.398624,city,
70731,70731,PILOT TRAVEL CENTERS #1181,IL-38 E,Rochelle,IL,520,3.759,41.928156,-89.071035,city,
70732,70732,MAVERIK COUNTRY STORE #627,I-15 EXIT 303,Salt Lake City,UT,835,3.44233333,40.76078,-111.89105,city,
70733,70733,CASEYS #1607,US-63,Macon,MO,392,3.29066666,39.748089,-92.462163,city,
70735,70735,CASEYS #1778,SR-267/SR-111,Brighton,IL,574,3.279,39.036098,-90.144312,city,
70736,70736,CASEYS #1941,"I-35, EXIT 90 & SR-160",Ankeny,IA,320,3.139,41.72971,-93.60577,city,
70737,70737,CASEYS #2272,I-80/US-6 EXIT 155 & SR-117,Colfax,IA,320,3.099,41.678785,-93.258816,city,
70738,70738,QUIKTRIP #7061,I-49 EXIT 39A,Joplin,MO,413,3.02233333,37.08423,-94.51328,city,
70739,70739,CASEYS #2602,US-36/SR-5 & SR-11,Brookfield,MO,276,3.249,39.784612,-93.071948,city,
70740,70740,JACK FLASH,"I-70, EXIT 82 & SR 128",Altamont,IL,574,3.149,39.063449,-88.748092,city,
70741,70741,CASEYS #3590,US-27,Geneva,IN,465,3.594,40.607129,-84.962074,city,
70742,70742,CASEYS #3653,SR-14,Greene,IA,433,3.599,42.91604,-92.758324,city,
70743,70743,CASEYS #3659,US-10 & SR-115,Randall,MN,250,3.48566666,46.073361,-94.500543,city,
70744,70744,CASEYS #3686,I-80 EXIT 81,Utica,IL,296,2.999,41.363033,-89.000795,city,
70745,70745,CASEYS #3752,",",Mountain Lake,MN,425,3.40233333,43.938998,-94.927313,city,
70746,70746,CASEYS #3085,US-34 & SR-14,Aurora,NE,330,3.099,40.852838,-98.020107,city,
70747,70747,CASEYS #3702,US-377/SR-99 & SR-9,Seminole,OK,560,3.02566666,35.224444,-96.670278,city,
70748,70748,CASEYS #3717,US-218,Vinton,IA,380,3.199,42.174284,-91.989154,city,
70749,70749,CASEYS #3719,US-160,Ulysses,KS,525,3.409,37.579174,-101.348846,city,
70750,70750,CASEYS #3787,"I-35, EXIT 222",Blackwell,OK,483,2.999,36.800574,-97.286695,city,
70751,70751,CASEYS #3795,"I-43, EXIT 96",Saukville,WI,444,3.289,43.391265,-87.956765,city,
70752,70752,CASEYS #3755,SR-7/SR-27,Russellville,AR,645,3.419,35.27842,-93.13379,city,
70753,70753,CASEYS #3798,"I-44, EXIT 211",Drumright,OK,560,3.119,35.993136,-96.519789,city,
70754,70754,CASEYS #3758,US-77,Douglass,KS,570,3.264,37.51951,-96.994848,city,
70755,70755,CASEYS #3809,US-56 & SR-51,Hugoton,KS,525,3.39233333,37.168226,-101.334614,city,
70756,70756,CASEYS #3780,US-40,Tonganoxie,KS,400,3.159,39.102614,-95.105055,city,
70757,70757,CASEYS #3811,US-69,McAlester,OK,560,3.22566666,34.93343,-95.76971,city,
70759,70759,CASEYS #3832,"I-35, EXIT 40A & US-14",Janesville,MN,425,3.58233333,44.116778,-93.709462,city,
70760,70760,CASEYS #2730,US-34 & SR-15,Seward,NE,413,3.369,40.906609,-97.096618,city,
70761,70761,CASEYS #3841,"US-61, EXIT 5",Kieler,WI,335,3.489,42.581389,-90.6025,city,
70763,70763,CASEYS #3854,"US-20, EXIT 275 & SR-13",Manchester,IA,380,3.54566666,42.483418,-91.449001,city,
70764,70764,CASEYS #3856,"I-51, EXIT 48 & SR-251",Tonica,IL,520,3.099,41.232741,-89.088993,city,
70765,70765,CEFCO #103,SR-36,Temple,TX,765,2.96566666,31.09823,-97.34278,city,
70767,70767,CASEYS #3493,SR-72,Shannon,IL,520,3.699,42.161049,-89.748075,city,
70768,70768,CASEYS #3497,SR-29,South Pekin,IL,368,3.679,40.494444,-89.651667,city,
70769,70769,CASEYS #3527,US-169 & US-60,Nowata,OK,307,3.18233333,36.694565,-95.640421,city,
70770,70770,CASEYS #3528,SR-92,Washington,IA,380,3.271,41.301453,-91.698671,city,
70771,70771,CASEYS #3545,US-14/CR-27,Sleepy Eye,MN,425,3.33233333,44.282089,-94.727251,city,
70772,70772,CASEYS #3554,"I-70, EXIT 52",Mulberry Grove,IL,368,3.489,38.931082,-89.246297,city,
70773,70773,CASEYS #3575,US-36,Seneca,KS,413,3.159,39.839804,-96.059489,city,
70774,70774,CASEYS #3079,"US-20, EXIT 71 & US-71",Early,IA,440,3.299,42.448258,-95.172569,city,
70775,70775,CASEYS #3576,US-56,Overbrook,KS,400,3.19566666,38.792173,-95.561632,city,
70776,70776,CASEYS #3579,US-36,Smith Center,KS,330,3.179,39.804217,-98.784243,city,
70778,70778,CASEYS #3588,"I-75 N, EXIT 69",Tipp City,OH,411,3.099,39.943577,-84.171501,city,
70779,70779,CASEYS #3204,"I-80, EXIT 29 & I-880, EXIT 29A",Minden,IA,319,3.159,41.465355,-95.551887,city,
70780,70780,CASEYS #3306,SR-15 & CR-47/CR-136,Saint Cloud,MN,522,3.249,45.5608,-94.16249,city,
70782,70782,CASEYS #3465,"I-80, EXIT 285 & US-30",Gibbon,NE,330,3.049,40.744445,-98.85435,city,
70783,70783,ENMARKET #820,"I-95/SR-405, EXIT 109 & SR-21",Port Wentworth,GA,195,3.09066666,,,,
70784,70784,CIRCLE K #2723046,"I-95, EXIT 41 & SR-59/CR2252",Hope Mills,NC,63,2.909,34.97044,-78.94531,city,
70785,70785,CIRCLE K #2705347,"I-77, EXIT 5 & SR-48",Columbia,SC,135,3.204,34.00071,-81.03481,city,
70786,70786,CIRCLE K #2741502,"I-37, EXIT 9",Corpus Christi,TX,625,3.06066666,27.80058,-97.39638,city,
70787,70787,LOVES TRAVEL STOP #778,"I-16, EXIT 143 & US-280",Ellabell,GA,135,3.29566666,32.127304,-81.498302,city,
70788,70788,SPEEDWAY #1031,"I-480 & I-271, EXIT 26",Bedford,OH,305,3.649,41.392067,-81.52315,city,
70789,70789,7FLEET #46080,"I-41 & US-41, EXIT 133",Neenah,WI,360,3.449,44.18582,-88.46261,city,
70790,70790,LOVES TRAVEL STOP #788,"I-70, EXIT 175",New Florence,MO,540,3.12233333,38.902309,-91.490861,city,
70791,70791,LOVES TRAVEL STOP #791,"I-40, EXIT 126",Holladay,TN,460,3.12233333,35.895143,-88.091183,city,
70792,70792,ANEW TRAVEL CENTER,US-6/34 & CR-410,Cambridge,NE,475,3.364,40.280767,-100.167579,city,
70793,70793,LOVES TRAVEL STOPS #119,"I-70, EXIT 160",Green River,UT,835,3.345,39.000243,-110.159817,city,
70794,70794,CASEYS #3747,SR-103 & CR-96,Carey,OH,411,3.17566666,40.948599,-83.383578,city,
70796,70796,QUICK FUEL #3177,"I-35W, EXIT 56",Fort Worth,TX,637,3.03233333,32.72541,-97.32085,city,
70797,70797,QUICK FUEL #3176,"I-35E, EXIT 442",Carrollton,TX,637,3.01566666,32.95373,-96.89028,city,
70798,70798,QUICK FUEL #1926,"I-90, EXIT 171B & US-14",Janesville,WI,420,3.399,42.68279,-89.01872,city,
70831,70831,FLYERS #768,"I-80, EXIT 19 & SR-659",Sparks,NV,966,4.05233333,39.53491,-119.75269,city,
70832,70832,FLYERS #766,SR-648,Sparks,NV,966,4.059,39.53491,-119.75269,city,
70833,70833,FLYERS #764,SR-667,Reno,NV,966,4.05233333,39.52963,-119.8138,city,
70845,70845,FLYERS #759,"I-80, EXIT 19",Sparks,NV,966,4.05066666,39.53491,-119.75269,city,
70855,70855,FLYERS #761,"I-580, EXIT 5",Carson City,NV,966,3.699,39.1638,-119.7674,city,
70858,70858,SPEEDWAY #1012,"I-65, EXIT 158 & CR-6",Hope Hull,AL,720,3.05233333,32.224256,-86.393189,city,
70859,70859,FLYERS #732,I-580 & US-50,Carson City,NV,966,3.699,39.1638,-119.7674,city,
70860,70860,FLYERS #726,"I-80, EXIT 303",Elko,NV,966,3.629,40.83242,-115.76312,city,
70864,70864,FLYERS #747,"I-580/US-395, EXIT 29 & SR-659",Reno,NV,966,4.054,39.52963,-119.8138,city,
70870,70870,ESSENTIAL FUELS,US-26,Scottsbluff,NE,795,3.599,41.871975,-103.661914,city,
70871,70871,ALLTOWN MARKETS #835,"I-95, EXIT 62",Madison,CT,100,4.239,41.27954,-72.59843,city,
70873,70873,TA LAKE CITY #288,"I-75, EXIT 414",Lake City,FL,225,3.299,30.0949,-82.7117,city,
70874,70874,CIRCLE T,SR-6 & SR-515,Navasota,TX,670,3.43233333,30.357645,-96.059357,city,
70875,70875,FUEL MAXX #57,SR-105 & SR-146,Liberty,TX,610,3.13233333,30.072794,-94.763819,city,
70876,70876,JIFFY MART,SR-123/SR-12,Walpole,NH,12,3.68566666,43.076533,-72.415489,city,
70877,70877,LOVES TRAVEL STOP #770,"US-41, EXIT 1A",Wadsworth,IL,444,3.789,42.446032,-87.904048,city,
70878,70878,MAVERIK COUNTRY STORE #630,I-15 EXIT 13,Malad City,ID,825,3.394,42.180783,-112.262045,city,
70879,70879,MAVERIK COUNTRY STORE #611,I-40 EXIT 154,Albuquerque,NM,580,3.194,35.08449,-106.65114,city,
70880,70880,RUTTERS #81,SR-61 & SR-73,Leesport,PA,208,3.89733333,40.415216,-75.994421,city,
70881,70881,RUTTERS #79,"I-99/US-220, EXIT 28 US-22/SR-764",Duncansville,PA,14,4.099,40.426228,-78.43833,city,
70882,70882,RUTTERS #77,US-11/US-15 & US-22,Duncannon,PA,70,4.294,40.408678,-77.047254,city,
70883,70883,RUTTERS #41,US-422,Lebanon,PA,70,3.799,40.34093,-76.41135,city,
70884,70884,RUTTERS #75,SR-194 & SR-550,Walkersville,MD,70,3.93233333,39.47875,-77.34839,city,
70885,70885,KWIK TRIP #1061,CR-CE & CR-HH,Combined Locks,WI,582,3.549,44.266581,-88.313271,city,
70887,70887,LOVES TRAVEL STOP #781,"I-20, EXIT 113 & SR-83",Madison,GA,16,3.849,33.594681,-83.461781,city,
70888,70888,HUTCHS #125,US-283,Altus,OK,483,2.999,34.63813,-99.33398,city,
70889,70889,TRUCK WORLD,I-90 EXIT 241 & SR-7,Conneaut,OH,305,3.359,41.934479,-80.580257,city,
70890,70890,PILOT #1299,US-287 & SR-148,Henrietta,TX,770,3.12566666,33.819609,-98.259976,city,
70891,70891,QUARLES #4908,I-64 EXIT 297,Chesapeake,VA,130,3.52566666,36.81904,-76.27494,city,
70892,70892,QUARLES #4001,I-95 EXIT 133,Fredericksburg,VA,60,3.759,38.30318,-77.46054,city,
70893,70893,QUARLES #4002,"I-95 EXIT 130A, SR-2",Fredericksburg,VA,60,3.759,38.30318,-77.46054,city,
70894,70894,QUARLES #4009,US-301,Waldorf,MD,60,3.759,38.62456,-76.93914,city,
70895,70895,QUARLES #4011/SHELL,I-95 EXIT 118,Woodford,VA,180,2.899,38.084664,-77.439879,city,
70896,70896,QUARLES #4200,US-522,Front Royal,VA,60,3.699,38.91817,-78.19444,city,
70897,70897,QUARLES #4302,SR-801 & SR-42,Broadway,VA,60,3.459,38.608336,-78.787494,city,
70898,70898,QUARLES #4303,"I-81 EXIT 243, US-11",Harrisonburg,VA,60,2.899,38.44957,-78.86892,city,
70899,70899,QUARLES #4304,"I-64 EXIT 96, SR-624",Waynesboro,VA,180,3.799,38.06847,-78.88947,city,
70900,70900,QUARLES #4306,I-81 EXIT 150A,Roanoke,VA,185,3.559,37.27097,-79.94143,city,
70901,70901,QUARLES #4307,"I-81 EXIT 137, US-11/460",Salem,VA,185,3.559,37.29347,-80.05476,city,
70902,70902,QUARLES #4309,US-460/29,Lynchburg,VA,185,3.774,37.41375,-79.14225,city,
70903,70903,QUARLES #4310,US-11,Roanoke,VA,185,3.559,37.27097,-79.94143,city,
70904,70904,QUARLES #4400,I-95 EXIT 166A,Lorton,VA,60,4.059,38.70428,-77.22776,city,
70905,70905,QUARLES #4401,US-29,Fairfax,VA,60,4.059,38.84622,-77.30637,city,
70906,70906,QUARLES #4403,"I-95 EXIT 29A, US-1",Beltsville,MD,22,3.899,39.03483,-76.90747,city,
70907,70907,QUARLES #4404,I-95 EXIT 43A,Elkridge,MD,22,3.499,39.21261,-76.71358,city,
70908,70908,QUARLES #4407,I-495 EXIT 11A,Upper Marlboro,MD,60,3.899,38.837717,-76.798028,city,
70909,70909,QUARLES #4408,SR-201,Bladensburg,MD,60,3.699,38.945215,-76.920327,city,
70910,70910,QUARLES #4409,I-95 EXIT 50B,Baltimore,MD,22,3.499,39.29038,-76.61219,city,
70912,70912,QUARLES #4411,"I-695 EXIT 1, SR-173",Curtis Bay,MD,22,3.499,39.209315,-76.569147,city,
70913,70913,QUARLES #4412,I-270 EXIT 8,Rockville,MD,60,3.759,39.084,-77.15276,city,
70914,70914,QUARLES #4413,I-495 EXIT 15A,Capitol Heights,MD,60,3.899,38.8847,-76.9108,city,
70915,70915,QUARLES #4414,I-95 EXIT 60,Baltimore,MD,22,3.449,39.29038,-76.61219,city,
70916,70916,TA Express White Hills,US-93,Willow Beach,AZ,910,3.779,35.8316,-114.4441,city,
70917,70917,QUARLES #4416,US-13,Salisbury,MD,194,3.659,38.36067,-75.59937,city,
70918,70918,QUARLES #4417,I-895 EXIT 8B,Curtis Bay,MD,22,3.499,39.209315,-76.569147,city,
70919,70919,QUARLES #4422,US-13,New Castle,DE,243,3.699,39.67703,-75.589938,city,
70920,70920,QUARLES #4423,SR-100 EXIT 11,Glen Burnie,MD,22,3.699,39.16261,-76.62469,city,
70921,70921,QUARLES #4424,SR-5,Clinton,MD,60,3.899,38.76511,-76.89831,city,
70922,70922,QUARLES #4425,US-50 EXIT 5,Hyattsville,MD,60,3.899,38.95594,-76.94553,city,
70923,70923,QUARLES #4426,SR-124,Gaithersburg,MD,60,3.759,39.14344,-77.20137,city,
70924,70924,QUARLES #4427,I-276 EXIT 351,Levittown,PA,153,3.84566666,40.15511,-74.82877,city,
70925,70925,QUARLES #4430,US-13,Sharon Hill,PA,160,3.869,39.903511,-75.269524,city,
70926,70926,QUARLES #4431,US-22,Allentown,PA,90,3.989,40.60843,-75.49018,city,
70927,70927,QUARLES #4434,SR-617,Springfield,VA,60,4.059,38.78928,-77.1872,city,
70928,70928,QUARLES #4435,"I-95 EXIT 41, US-1",Jessup,MD,22,3.499,39.148399,-76.792239,city,
70929,70929,QUARLES #4503,US-11,Martinsburg,WV,60,3.959,39.45621,-77.96389,city,
70930,70930,QUARLES #4504,I-81 EXIT 313A,Winchester,VA,60,3.799,39.18566,-78.16333,city,
70931,70931,QUARLES #4505,SR-65,Hagerstown,MD,60,3.899,39.64176,-77.71999,city,
70933,70933,QUARLES #4507,US-11,Winchester,VA,60,3.799,39.18566,-78.16333,city,
70934,70934,QUARLES #4509,I-270 EXIT 31B,Frederick,MD,60,3.599,39.41427,-77.41054,city,
70935,70935,QUARLES #4511,I-70 EXIT 55,Frederick,MD,60,3.599,39.41427,-77.41054,city,
70937,70937,QUARLES #4603,US-29/211,Warrenton,VA,60,3.799,38.7063,-77.8159,city,
70938,70938,QUARLES #4605,SR-606,Sterling,VA,60,3.659,39.00622,-77.4286,city,
70939,70939,QUARLES #4606,SR-234,Manassas,VA,60,3.859,38.75095,-77.47527,city,
70940,70940,QUARLES #4607,SR-28,Manassas,VA,60,3.859,38.75095,-77.47527,city,
70941,70941,QUARLES #4934,US-60,Sandston,VA,180,3.259,37.515658,-77.27578,city,
70942,70942,QUARLES #4608,SR-657,Chantilly,VA,60,3.659,38.89428,-77.4311,city,
70943,70943,QUARLES #4700,US-15BUS/29BUS,Culpeper,VA,60,3.799,38.47318,-77.99666,city,
70944,70944,QUARLES #4701,US-15 BUS & US-522,Culpeper,VA,60,3.799,38.47318,-77.99666,city,
70945,70945,QUARLES #4944,US-17,Bealeton,VA,60,3.759,38.569667,-77.800436,city,
70946,70946,QUARLES #4703,US-29 & SR-616,Ruckersville,VA,180,3.699,38.233871,-78.391033,city,
70947,70947,QUARLES #4946,"I-95, EXIT 130A, SR-3",Fredericksburg,VA,60,3.759,38.30318,-77.46054,city,
70948,70948,QUARLES #4804,I-40 EXIT 211,Greensboro,NC,65,3.649,36.07264,-79.79198,city,
70949,70949,QUARLES #4805,US-1 EXIT 95,Apex,NC,177,3.999,35.73265,-78.85029,city,
70950,70950,QUARLES #4807,I-40 EXIT 203,Kernersville,NC,65,3.199,36.11986,-80.07365,city,
70951,70951,QUARLES #4947,SR-7,Leesburg,VA,60,3.659,39.11566,-77.5636,city,
70952,70952,QUARLES #4810,I-540 EXIT 4A,Raleigh,NC,177,3.709,35.7721,-78.63861,city,
70953,70953,QUARLES #4948,"I-95, EXIT 126, US-1",Fredericksburg,VA,60,3.759,38.30318,-77.46054,city,
70954,70954,QUARLES #4811,SR-50/US-70,Garner,NC,177,3.599,35.71126,-78.61417,city,
70955,70955,QUARLES #4949,"I-95, EXIT 136, US-1",Fredericksburg,VA,60,3.759,38.30318,-77.46054,city,
70956,70956,QUARLES #4813,SR-133,Wilmington,NC,245,3.779,34.22573,-77.94471,city,
70957,70957,QUARLES #4950,"I-95, EXIT 126A, US-1",Fredericksburg,VA,60,3.759,38.30318,-77.46054,city,
70958,70958,QUARLES #4951,SR-3,Fredericksburg,VA,60,3.759,38.30318,-77.46054,city,
70959,70959,QUARLES #4814,US-117,Wilmington,NC,245,3.799,34.22573,-77.94471,city,
70960,70960,QUARLES #4962,"I-81, EXIT 222, US-250",Staunton,VA,185,2.899,38.14991,-79.0732,city,
70961,70961,QUARLES #4815,"I-140, EXIT 14",Wilmington,NC,245,3.799,34.22573,-77.94471,city,
70962,70962,QUARLES #4965,"I-295, EXIT 37A, US-360",Warsaw,VA,180,3.759,37.949992,-76.736517,city,
70963,70963,QUARLES #4817,"US-70, EXIT 333",Selma,NC,205,3.799,35.556531,-78.264025,city,
70964,70964,SEALSTON DELI,"I-95, EXIT 130A, SR-3",King George,VA,180,3.499,38.281142,-77.126023,city,
70965,70965,QUARLES #4822,US-401,Raleigh,NC,177,3.709,35.7721,-78.63861,city,
70966,70966,QUARLES #4927,SR-10 & SR-145,Chesterfield,VA,180,3.699,37.392327,-77.566799,city,
70967,70967,QUARLES #4823,I-95,Fayetteville,NC,63,3.799,35.05266,-78.87836,city,
70968,70968,QUARLES #4928,"I-95, EXIT 86A & SR-656",Ashland,VA,180,3.674,37.73948,-77.478373,city,
70969,70969,QUARLES #4824,I-40 EXIT 210,Greensboro,NC,65,3.699,36.07264,-79.79198,city,
70970,70970,QUARLES #4931,US-60 & SR-603,Powhatan,VA,180,3.699,37.556442,-77.879761,city,
70971,70971,QUARLES #4932,"I-64, EXIT 173 & SR-623",Rockville,VA,180,3.699,37.733729,-77.699994,city,
70973,70973,QUARLES #4826,US HWY 29/70,High Point,NC,65,3.66566666,35.95569,-80.00532,city,
70974,70974,QUARLES #4933,US-60,Richmond,VA,180,3.699,37.55376,-77.46026,city,
70975,70975,QUARLES #4935,"I-95, EXIT 64 & SR-613",Richmond,VA,180,3.699,37.55376,-77.46026,city,
70976,70976,QUARLES #4827,I-40 EXIT 203,Kernersville,NC,65,3.199,36.11986,-80.07365,city,
70977,70977,QUARLES #4828,I-440 EXIT 13B,Raleigh,NC,177,3.709,35.7721,-78.63861,city,
70978,70978,QUARLES #4829,I-40 EXIT 298A,Raleigh,NC,177,3.599,35.7721,-78.63861,city,
70979,70979,QUARLES #4830,I-540 EXIT 3,Raleigh,NC,177,3.719,35.7721,-78.63861,city,
70980,70980,QUARLES #4938,"I-64, EXIT 159 & SR-522",Gum Spring,VA,180,3.699,37.818374,-77.907049,city,
70982,70982,EXXON/QUARLES #4942,"I-64/33, EXIT 205 & SR-249",Quinton,VA,180,3.509,37.518466,-77.148607,city,
70983,70983,QUARLES #4943,"I-295, EXIT 22A & SR-5",Henrico,VA,180,3.699,,,,
70984,70984,QUARLES #4831,US-64 EXIT 470,Rocky Mount,NC,205,3.409,35.93821,-77.79053,city,
70985,70985,QUARLES #4832,I-40 EXIT 189,Winston Salem,NC,65,3.57233333,36.10237,-80.222798,city,
70986,70986,QUARLES #4833,US-1,Youngsville,NC,177,3.699,36.007782,-78.441198,city,
70987,70987,QUARLES #4902,US-250/33,Richmond,VA,180,3.699,37.55376,-77.46026,city,
70988,70988,QUARLES #4909,I-664 EXIT 3,Hampton,VA,244,3.42566666,37.02987,-76.34522,city,
70989,70989,QUARLES #4911,I-264 EXIT 19B,Virginia Beach,VA,130,3.57233333,36.85293,-75.97799,city,
70990,70990,QUARLES #4915,I-664 EXIT 2,Hampton,VA,244,3.42566666,37.02987,-76.34522,city,
70991,70991,QUARLES #4917,I-64 EXIT 255,Newport News,VA,130,3.41066666,37.08339,-76.46965,city,
70992,70992,QUARLES #4904,I-64 EXIT 197B,Sandston,VA,180,3.259,37.515658,-77.27578,city,
70993,70993,QUARLES #4905,I-95 EXIT 89,Ashland,VA,180,3.699,37.73948,-77.478373,city,
70994,70994,QUARLES #4906,I-95 EXIT 73,Richmond,VA,180,3.699,37.55376,-77.46026,city,
70995,70995,QUARLES #4910,I-95 EXIT 61B,Chester,VA,180,3.799,37.35682,-77.44165,city,
70996,70996,QUARLES #4912,I-64 EXIT 136,Troy,VA,180,3.899,37.9636,-78.253494,city,
70997,70997,QUARLES #4913,SR-76,Midlothian,VA,180,3.699,37.431027,-77.654458,city,
70998,70998,QUARLES #4916,I-246 EXIT 6,Portsmouth,VA,130,3.46566666,36.83543,-76.29827,city,
71001,71001,QUARLES #4921,I-95 EXIT 83B,Richmond,VA,180,3.699,37.55376,-77.46026,city,
71002,71002,QUARLES #4922,US-250,Charlottesville,VA,180,3.899,38.02931,-78.47668,city,
71003,71003,QUARLES #4923,I-95 EXIT 73,Richmond,VA,180,3.699,37.55376,-77.46026,city,
71004,71004,QUARLES #4924,US-1 & SR-688,Doswell,VA,180,3.699,37.841682,-77.512521,city,
71005,71005,QUARLES #4925,I-95 EXIT 78,Richmond,VA,180,3.699,37.55376,-77.46026,city,
71006,71006,QUARLES #4926,I-95 EXIT 79,Richmond,VA,180,3.699,37.55376,-77.46026,city,
71007,71007,HAYDEN TRAVEL CENTER,"I-65, EXIT 284 & SR-160",Warrior,AL,615,3.129,33.852862,-86.819849,city,
71009,71009,WEIGELS #80,"I-40, EXIT 435 & US-321",Newport,TN,405,3.11566666,35.954431,-83.202749,city,
71010,71010,KEYSTOPS,"I-64, EXIT 17",Louisville,KY,415,3.19566666,38.25424,-85.75941,city,
71011,71011,Global,"I-84 E, EXIT 2 & US-6 E",Danbury,CT,100,3.459,41.39482,-73.45401,city,
71012,71012,ALLTOWN MARKETS #838,"I-95 N, EXIT 12",Darien,CT,100,3.83233333,41.07871,-73.46929,city,
71013,71013,ALLTOWN MARKETS #647,SR-3 EXIT 5,Plymouth,MA,175,3.959,41.910404,-70.642004,city,
71014,71014,Global,"I-95, EXIT 43 & US-1",Elkridge,MD,22,3.099,39.21261,-76.71358,city,
71018,71018,KWIK STAR #1076,US-218,Vinton,IA,565,3.199,42.174284,-91.989154,city,
71019,71019,KWIK TRIP #489,SR-3,Northfield,MN,448,3.524,44.4583,-93.1616,city,
71020,71020,Fast Trac 21,SR-21 & CR-50,Caldwell,TX,670,3.299,30.529819,-96.714292,city,
71021,71021,Amoco,"I-39 & HWY 23, EXIT 54",Oglesby,IL,290,3.224,41.292768,-89.055341,city,
71022,71022,TEX BEST #530,"I-10, EXIT 628 & SR-80",Luling,TX,595,3.009,29.682621,-97.649947,city,
71023,71023,LOVES TRAVEL STOP #853,SR-302 & CR-313,Kermit,TX,710,3.25066666,31.85496,-103.091269,city,
71024,71024,LOVES TRAVEL STOP #804,US-34/US-67,Monmouth,IL,270,3.389,40.910702,-90.644828,city,
71025,71025,KWIK TRIP #644,SR-57 & SR-32,New Holstein,WI,582,3.39066666,43.944639,-88.091083,city,
71027,71027,Kwik Star #1068,I-35,Story City,IA,320,2.959,42.183487,-93.598811,city,
71029,71029,CASEYS #6445,I-355 EXIT 27 & SR-64,Lombard,IL,293,3.349,41.88003,-88.00784,city,
71030,71030,QUIKTRIP #1469,"I-10, EXIT 248 & SR-77",Marana,AZ,980,3.06233333,32.43674,-111.22538,city,
71032,71032,MAVERIK COUNTRY STORE #416,US-50 & US-95,Fallon,NV,966,3.52566666,39.470254,-118.786112,city,
71033,71033,MAVERIK COUNTRY STORE #560,I-580 & US-50,Carson City,NV,966,3.589,39.1638,-119.7674,city,
71034,71034,MAVERIK COUNTRY STORE #635,I-15 EXIT 57,Cedar City,UT,791,3.44233333,37.67748,-113.06189,city,
71036,71036,GOLDEN GATE PETRO,US-550,Montrose,CO,810,3.43566666,38.47832,-107.87617,city,
71037,71037,SUNOCO,US-220 EXIT 111,Lock Haven,PA,138,3.599,41.142497,-77.443588,city,
71039,71039,TURNPIKE MARKET EXPRESS,SR-5,Newton Falls,OH,573,3.259,41.191047,-80.970135,city,
71042,71042,SINCLAIR,I-580/US-395 EXIT 6,Carson City,NV,966,3.599,39.1638,-119.7674,city,
71046,71046,SPEEDWAY #9336,US-27/SR-126,Cincinnati,OH,300,3.699,39.12711,-84.51439,city,
71047,71047,LOVES TRAVEL STOP #722,"I-17, EXIT 262 & SR-69",Mayer,AZ,930,3.68066666,34.365535,-112.129551,city,
71050,71050,GILL MART CORNER STORE,US-131 & SR-216,Three Rivers,MI,465,3.699,41.959598,-85.637125,city,
71051,71051,SHEETZ #683,I-83 EXIT 28,York,PA,70,3.259,39.9626,-76.72774,city,
71053,71053,ROAD RANGER #279,"I-57, EXIT 45 & SR-148",Marion,IL,275,3.539,37.73061,-88.93313,city,
71055,71055,LOVES TRAVEL STOP #793,"I-840, EXIT 67 & COUCHVILLE PIKE",Mount Juliet,TN,460,3.25233333,36.20005,-86.51861,city,
71056,71056,SPEEDWAY #1044,US-72 & SR-20,Decatur,AL,615,3.42566666,34.60593,-86.98334,city,
71057,71057,LOVES TRAVEL STOP #795,US-97/US-26 & HALL RD,Madras,OR,935,3.689,44.637579,-121.134924,city,
71058,71058,KWIK TRIP #1090,SR-19 & SR-21,New Prague,MN,448,3.349,44.540239,-93.580473,city,
71059,71059,CIRCLE K #2706781,US-17 & SR-200,Yulee,FL,75,3.34233333,30.631667,-81.606667,city,
71060,71060,CIRCLE K #2701537,"I-77, EXIT 100 & SR-89",Mount Airy,NC,65,2.859,36.500739,-80.611871,city,
71061,71061,CIRCLE K #2702344,US-78 & SR-39,Williston,SC,135,3.799,33.392608,-81.416146,city,
71062,71062,MAVERIK COUNTRY STORE #637,"I-70, EXIT 56 & US-89",SALINA,UT,835,3.44233333,38.956028,-111.881072,city,
71063,71063,MAVERIK COUNTRY STORE #639,"I-40, EXIT 153",Albuquerque,NM,580,3.19733333,35.08449,-106.65114,city,
71064,71064,LOVES TRAVEL STOP #798,I-57 EXIT 212,Tuscola,IL,280,3.389,39.799509,-88.281585,city,
71065,71065,MAVERIK COUNTRY STORE #429,US-40 & SR-121,Roosevelt,UT,835,3.439,40.310229,-110.010782,city,
71066,71066,Circle K #2745067,"I-75, EXIT 155",Macon,GA,85,3.089,32.84069,-83.6324,city,
71067,71067,7-ELEVEN #41219,I-385 EXIT 9,Laurens,SC,30,3.099,34.500714,-82.026774,city,
71071,71071,KWIK TRIP #1074,SR-35,Somerset,WI,448,3.524,45.133064,-92.686466,city,
71072,71072,LOVES TRAVEL STOP #801,I-75 EXIT 102,Cordele,GA,10,3.309,31.963333,-83.7825,city,
71073,71073,LOVES TRAVEL STOP #803,I-57 EXIT 54B,Marion,IL,540,3.744,37.73061,-88.93313,city,
71074,71074,Speedway #7764,SR-72 & SR-25,Dundee,IL,293,3.279,42.096197,-88.290202,city,
71075,71075,TEXAS TRAVEL CENTER,"I-35, EXIT 277",Jarrell,TX,595,2.83233333,30.748406,-97.600833,city,
71076,71076,Kwik Star #589,US-151,Marion,IA,380,3.524,42.03417,-91.59768,city,
71077,71077,COMMUNITY CO OPS LAKE PARK,US-10,Lake Park,MN,341,3.509,46.817623,-96.067047,city,
71079,71079,DK,SR-375,El Paso,TX,640,2.699,31.75872,-106.48693,city,
71080,71080,BIG INDIAN SMOKE SHOP,I-90 & US-20,Irving,NY,38,2.979,42.573866,-79.059634,city,
71083,71083,SPRINT FOOD #701,US-78,Augusta,GA,195,3.22566666,33.47097,-81.97484,city,
71084,71084,FIESTA MART #42,US-75,Tulsa,OK,560,3.16566666,36.15398,-95.99277,city,
71085,71085,Sunoco,SR-49,Greenville,OH,317,3.599,40.098726,-84.634189,city,
71086,71086,THORNTONS #318,SR-59 & SR-38,West Chicago,IL,290,3.674,41.88475,-88.20396,city,
71087,71087,HALF SUN TRAVEL PLAZA,"I-90, EXIT 176",Moses Lake,WA,920,3.799,47.13014,-119.27808,city,
71088,71088,KARDES,US-151,Monticello,IA,335,3.399,42.232591,-91.198901,city,
71090,71090,CEFCO #2076,US-60 & SR-207,Panhandle,TX,585,2.94566666,35.380841,-101.43037,city,
71091,71091,BREAK TIME #3163,US-63 & CR-M,Moberly,MO,310,3.46233333,39.420239,-92.435793,city,
71094,71094,BP,US-63 & SR-137,Eddyville,IA,320,3.379,41.153266,-92.622052,city,
71095,71095,HOBO PANTRY #29,US-84/SR-12 & SR-95,Gordon,AL,20,3.659,31.10019,-85.123412,city,
71096,71096,GAS N WASH,US-30 & SR-394,Chicago Heights,IL,365,3.499,41.50615,-87.6356,city,
71097,71097,THORNTONS #329,"I-55, EXIT 267 & SR-53",Romeoville,IL,290,3.334,41.64753,-88.08951,city,
71098,71098,DANDY MINI MART #74,US-6 & SR-187,Wysox,PA,32,3.999,41.782621,-76.383397,city,
71099,71099,THORNTONS #336,"I-57, EXIT 335 & SR-50",Monee,IL,365,3.404,41.419133,-87.77484,city,
71101,71101,FOOD N FUEL,"I-55, EXIT 244 & SR-53",Elwood,IL,365,3.549,41.426018,-88.08642,city,
71102,71102,365 Food and Fuel,"I-35W/US-287, EXIT 54A & SR-183",Fort Worth,TX,637,2.97566666,32.72541,-97.32085,city,
71103,71103,FAT DOGS NORTH PLATTE SOUTH,"I-80, EXIT 177 & US-83",North Platte,NE,475,3.074,41.12389,-100.76542,city,
71104,71104,SPINX #364,"I-26, EXIT 194",Summerville,SC,475,3.399,33.0185,-80.17565,city,
71105,71105,SHEPHERD 700,US-64 & CR-450,Alva,OK,337,3.219,36.801564,-98.672162,city,
71106,71106,SECURITY OIL,"I-135, EXIT 10B & SR-96",Wichita,KS,570,3.299,37.69224,-97.33754,city,
71107,71107,SPARKYS ONE STOP,"US-20, EXIT 96 & SR-4",Rockwell City,IA,343,3.21566666,42.396126,-94.629219,city,
71108,71108,Stuckeyâ€™s Travel Center West,"I-10, EXIT 819 & FM-1663",Anahuac,TX,610,2.80733333,29.780987,-94.554819,city,
71109,71109,KWIK TRIP #1067,"SR-13, BETWEEN FAIRWAY & TRINITY DR",Phillips,WI,295,3.31566666,45.697463,-90.404131,city,
71110,71110,KWIK TRIP #1121,"I-94 & SR-26, EXIT 267",Watertown,WI,420,3.289,43.19472,-88.72899,city,
71111,71111,MAPCO #5167,"I-59, EXIT 21B & SR-35",Fort Payne,AL,285,3.479,34.436792,-85.712394,city,
71112,71112,BERKSHIRE ENERGY,"I-91, EXIT 8 & SR-80",New Haven,CT,100,3.549,41.30815,-72.92816,city,
71113,71113,PLATEU TRAVEL PLAZA,"I-95, EXIT 39A & US-1",Madras,OR,935,3.359,44.637579,-121.134924,city,
71114,71114,SHEETZ #672,"I-95, EXIT 11B & SR-606",Woodford,VA,180,2.899,38.084664,-77.439879,city,
71115,71115,FASTBREAK #6,US-50/US-151 & US-41,Vincennes,IN,510,4.039,38.67727,-87.52863,city,
71116,71116,CEFCO #101,US-59 & SR-49,Jefferson,TX,766,2.899,32.779863,-94.371217,city,
71117,71117,AM-PM TRUCK STOP,"I-520/SR-415, EXIT 9 & SR-56",Augusta,GA,135,3.359,33.47097,-81.97484,city,
71118,71118,THORNTONS #0331,"I-35/US-51, EXIT 3 & CR-9",Roscoe,IL,520,3.444,42.421659,-88.99433,city,
71119,71119,PARKER'S #69 (DISCOUNT AVAILABLE),"I-95/SR-405, EXIT 102 & US-80",Pooler,GA,195,3.12233333,32.11548,-81.24706,city,
71120,71120,GAS PRO TRAVEL CENTER,US-25 & SR-56,Waynesboro,GA,135,3.799,33.101254,-81.990797,city,
71121,71121,HAT CREEK TRAVEL,"I-10/US-70, EXIT 82A & US-180",Deming,NM,640,2.919,32.231808,-107.746559,city,
71123,71123,XPRESS FUEL DBA ONE9 #1264,"I-10, EXIT 203",Eloy,AZ,930,3.139,32.7559,-111.55484,city,
71124,71124,LOVES TRAVEL STOP #761,"I-10, EXIT 343 & US-301",Jacksonville,FL,75,3.849,30.33218,-81.65565,city,
71126,71126,QUIKTRIP #1177,I-77 & US-21,Blythewood,SC,46,3.07566666,34.191112,-80.975756,city,
71127,71127,QUIKTRIP #4044,"I-10, EXIT 609",Seguin,TX,740,2.94566666,29.56884,-97.96473,city,
71129,71129,Queens Market,"I-85, EXIT 41 & SR-2480",Charlotte,NC,46,3.499,35.22709,-80.84313,city,
71131,71131,7-ELEVEN #38816,"I-85, EXIT 66 & US-29",Spartanburg,SC,210,3.30566666,34.94957,-81.93205,city,
71132,71132,CEFCO #104,US-259 & SR-315,Mount Enterprise,TX,618,2.959,31.9125,-94.623505,city,
71133,71133,AMIGOS TRAVEL CENTER,"I-35, EXIT 85 & FM-117",Dilley,TX,740,3.399,28.678201,-99.174684,city,
71134,71134,ALLSUPS CONVENIENCE STORE #2376,US-54/US-285 & US-60,Vaughn,NM,580,3.499,34.624074,-105.192558,city,
71136,71136,CIRCLE K #2706788,"I-795, EXIT 22 & US-70, EXIT 356",Goldsboro,NC,205,3.39233333,35.38488,-77.99277,city,
71138,71138,LUMMI BAY MARKET,"I-5, EXIT 260",Bellingham,WA,850,3.759,48.75955,-122.48822,city,
71139,71139,GAS N WASH,SR-47 & CR-9,Yorkville,IL,290,3.599,41.64114,-88.44729,city,
71140,71140,BP,"I-94, EXIT 267 & SR-26, EXIT 30",Jefferson,WI,420,3.209,43.000557,-88.807765,city,
71141,71141,CASEYS #3901,"I-55, EXIT 178 & CR-23",Lexington,IL,368,3.349,40.635685,-88.806203,city,
71142,71142,LOVES TRAVEL STOP #775,US-20 & SR-2,Rockford,IL,520,3.279,42.27113,-89.094,city,
71143,71143,CASEYS #3904,SR-141,Manning,IA,319,3.209,41.907248,-95.055622,city,
71144,71144,CASEYS #3675,US-12 & US-75,Ortonville,MN,250,3.379,45.329621,-96.45965,city,
71145,71145,CASEYS #3905,I-74/US-421 EXIT 113,Shelbyville,IN,372,3.599,39.52144,-85.77692,city,
71146,71146,CASEYS #2968,US-34,Eagle,NE,413,3.239,40.816909,-96.428965,city,
71147,71147,CASEYS #3910,US-177 & SR-33,Perkins,OK,560,3.01566666,35.97684,-97.044059,city,
71148,71148,CASEYS #1892,US-65,Sheffield,IA,433,3.15233333,42.877881,-93.215583,city,
71149,71149,KOUNTRY KORNER,SR-20,Mount Pleasant,MI,260,3.619,43.59781,-84.76751,city,
71150,71150,LOVES TRAVEL STOP #812,"I-84, EXIT 141",Bliss,ID,785,3.78566666,42.944859,-114.910387,city,
71151,71151,LOVES TRAVEL STOP #880,US-50 & SR-130,Olney,IL,510,3.289,38.733389,-88.080936,city,
71152,71152,LOVES TRAVEL STOPS #841,"US-24, EXIT 41",Napoleon,OH,550,3.697,41.390969,-84.143271,city,
71153,71153,KWIK TRIP #1083,SR-35,Osceola,WI,451,3.499,45.321757,-92.697108,city,
71154,71154,KWIK TRIP #489,CR-3,DUNDAS,MN,448,3.499,44.395537,-93.20369,city,
71155,71155,KWIK TRIP #1124,"SR-16, EXIT 184",Sussex,WI,444,3.37733333,43.144059,-88.227064,city,
71158,71158,CIRCLE K #2707533,"SR-570, EXIT 3 & SR-572",Lakeland,FL,225,3.53233333,28.03947,-81.9498,city,
71160,71160,CIRCLE K #4706316,"I-96, EXIT 46 & SR-6, EXIT 15",Caledonia,MI,371,3.669,42.796395,-85.562167,city,
71161,71161,CIRCLE K #2720931,"I-95, EXIT 107 & US-301",Kenly,NC,205,3.149,35.607742,-78.138227,city,
71162,71162,CIRCLE K #4705694,US-20 & CR-245,Norwalk,OH,305,3.614,41.24255,-82.61573,city,
71163,71163,DANDY MINI MART #68,"I-86/SR-17, EXIT 51A & CR-64",Elmira,NY,32,3.899,42.0898,-76.80773,city,
71164,71164,DANDY MINI MART #59,SR-287,Middlebury Center,PA,138,3.999,41.891706,-77.314764,city,
71165,71165,PALMETTO EXPRESS #115,"I-26, EXIT 125 & US-176",Gaston,SC,135,3.199,33.833712,-81.117395,city,
71166,71166,MAVERIK COUNTRY STORE #616,US-50,Montrose,CO,810,3.39566666,38.47832,-107.87617,city,
71167,71167,LOVES TRAVEL STOP #768,"I-55, EXIT 247",Channahon,IL,290,3.449,41.434664,-88.213786,city,
71168,71168,LOVES TRAVEL STOP #797,"I-80, EXIT 176",Winnemucca,NV,966,3.744,40.966418,-117.746693,city,
71169,71169,LOVES TRAVEL STOP #879,"I-69 EXIT,286 & US-24 & SR-9",Huntington,IN,370,3.50066666,40.8831,-85.49748,city,
71170,71170,LOVES TRAVEL STOP #849,"I-94, EXIT 292 & CR-21",Valley City,ND,390,3.969,46.92681,-98.003316,city,
71171,71171,TEXSTAR TRAVEL CENTER,I-35 EXIT 302,Temple,TX,765,2.91233333,31.09823,-97.34278,city,
71172,71172,ZIPPY JS #18,CR-577 & CR-80,Brenham,TX,670,3.199,30.16688,-96.39774,city,
71173,71173,ENMARKET #828,"I-95/SR-405, EXIT 102 & US-80",Pooler,GA,195,3.08233333,32.11548,-81.24706,city,
71176,71176,QUIKTRIP #1710,US-23/SR-365,Gainesville,GA,16,3.34566666,34.29788,-83.82407,city,
71177,71177,COMO TRAVEL CENTER,"I-55, EXIT 257 & SR-310",Como,MS,435,3.079,34.513728,-89.915508,city,
71179,71179,7-ELEVEN #41332,"I-26, EXIT 76 & SR-219",Newberry,SC,210,3.33233333,34.284661,-81.615741,city,
71181,71181,7-ELEVEN #38637,"I-85, EXIT 72 & I-585/US-176",Spartanburg,SC,210,3.11566666,34.94957,-81.93205,city,
71185,71185,SHEETZ #698,"I-78/US-22, EXIT 45 & SR-863",Kutztown,PA,90,3.329,40.521354,-75.777395,city,
71186,71186,7-ELEVEN #36837,US-29 & SR-904,Anderson,SC,30,3.089,34.50344,-82.65013,city,
71187,71187,KWIK TRIP #1041,SR-11 & CR-H,Sturtevant,WI,444,3.794,42.69673,-87.903082,city,
71188,71188,QUIKTRIP #1722,"I-75, EXIT 153",Macon,GA,85,3.089,32.84069,-83.6324,city,
71189,71189,QUIKTRIP #1198,"I-20, EXIT 55",Lexington,SC,135,3.129,33.98154,-81.23621,city,
71190,71190,LOVES TRAVEL STOPS #888,"I-80/US-30, EXIT 85 & SR-374",Green River,WY,835,3.648,41.51959,-109.471445,city,
71191,71191,MAVERIK COUNTRY STORE #631,I-80/5600 WEST,Salt Lake City,UT,835,3.459,40.76078,-111.89105,city,
71193,71193,ASAP GENERAL STORE #308,US-60 & SR-123,Bartlesville,OK,560,3.191,36.74731,-95.98082,city,
71194,71194,ASAP GENERAL STORE #104,"I-40, EXIT 84 & US-54",Weatherford,OK,483,3.13233333,35.535046,-98.699603,city,
71195,71195,ASAP GENERAL STORE #301,"I-40, EXIT 108 & US-281/SR-8",Geary,OK,483,3.13233333,35.621709,-98.390529,city,
71196,71196,ASAP GENERAL STORE #302,SR-33 & SR 54,Thomas,OK,483,3.13233333,35.738165,-98.738842,city,
71197,71197,ASAP GENERAL STORE #304,US-60/SR-51 & US-283,Arnett,OK,483,3.23233333,36.120524,-99.73266,city,
71198,71198,LOVES TRAVEL STOP #844,"I-90, EXIT 233 & SR-74",Saint Charles,MN,515,3.569,43.958481,-92.051738,city,
71199,71199,LOVES TRAVEL STOP #814,"I-22, EXIT 14 & CR-35",Hamilton,AL,576,3.55566666,34.153413,-88.008521,city,
71200,71200,LOVES TRAVEL STOP #730,"I-80, EXIT 440 & SR-50",Omaha,NE,319,3.28066666,41.25626,-95.94043,city,
71201,71201,PRIDE TRAVEL CENTER,I-91 EXIT 33,Hartford,CT,100,3.509,41.76371,-72.68509,city,
71202,71202,QUIKTRIP #1181,"I-26, EXIT 154B & US-301",Orangeburg,SC,42,3.23566666,33.502545,-80.859282,city,
71206,71206,JACKSONS FOOD STORES #138,US-95/SR-339 & SR-208,Yerington,NV,966,3.679,38.986567,-119.159558,city,
71207,71207,GAS N WASH,"I-80, EXIT 148B & SR-43",Tinley Park,IL,365,3.599,41.57337,-87.78449,city,
71208,71208,RACEWAY #6789,US-301 & SR-150,Richmond,VA,180,3.429,37.55376,-77.46026,city,
71209,71209,RACETRAC #2529,"I-75, EXIT 285 & SR-52",San Antonio,FL,225,3.31566666,28.337139,-82.288237,city,
71210,71210,RACETRAC #2515,I-820 & BUS-287,Fort Worth,TX,630,2.87733333,32.72541,-97.32085,city,
71211,71211,KUM & GO #0138,US-67,Jacksonville,AR,695,3.099,34.8662,-92.11015,city,
71212,71212,KUM & GO #0426,BUS-71,Springdale,AR,735,3.149,36.18674,-94.12881,city,
71213,71213,KUM & GO #0429,US-62,Rogers,AR,735,3.009,36.33202,-94.11854,city,
71214,71214,MAVERIK #5317,"I-76, EXIT 22",Brighton,CO,800,3.234,39.98526,-104.82053,city,
71215,71215,MAVERIK #5319,SR-392 & SR-257,Windsor,CO,800,3.159,40.47748,-104.90136,city,
71216,71216,Maverik Country Store #5337,"I-35, EXIT 102 & SR-210",Huxley,IA,320,3.09233333,41.899434,-93.602381,city,
71217,71217,KUM & GO #0185,US-65,Bondurant,IA,320,3.095,41.70166,-93.452689,city,
71218,71218,KUM & GO #1435,US-65,Fair Grove,MO,535,3.15566666,37.372143,-93.142824,city,
71219,71219,KUM & GO #1568,"I-44, EXIT 156",Waynesville,MO,535,3.099,37.817515,-92.198944,city,
71221,71221,LOVES TRAVEL STOP #786,I-435 EXIT 55,Kansas City,MO,400,3.389,39.09973,-94.57857,city,
71223,71223,SCOOBA JUNCTION,US-45 & SR-16,Scooba,MS,705,3.21566666,32.840197,-88.488272,city,
71227,71227,TEX BEST #529,SR-16 & SR-1604,Von Ormy,TX,740,3.049,29.274979,-98.667741,city,
71228,71228,SHELL,"I-80, EXIT 279 & SR-10",Gibbon,NE,330,3.299,40.744445,-98.85435,city,
71229,71229,THE PRIDE OF PALATINE,"I-90, EXIT 65 & SR-62",Palatine,IL,290,3.399,42.1103,-88.03424,city,
71230,71230,THE PRIDE OF LAKE COUNTY,US-12 & SR-53,Lake Zurich,IL,290,3.349,42.19697,-88.09341,city,
71232,71232,GATEWAY TRAVEL CENTER,US-16 & US-85,Newcastle,WY,822,3.324,43.851098,-104.226205,city,
71233,71233,Fuel America Travel Center #2,"I-35, EXIT 32",Encinal,TX,693,3.049,28.051329,-99.340902,city,
71234,71234,CHEVRON #352305,I-610 & SR-47,Chalmette,LA,725,3.139,29.94296,-89.96537,city,
71239,71239,CASEYS #3926,"I-29, EXIT 84 & SR-118",Mound City,MO,400,3.15733333,40.136238,-95.213837,city,
71240,71240,LOVES TRAVEL STOP #764,I-24 EXIT 117,Hillsboro,TN,285,3.32566666,35.369933,-85.972422,city,
71241,71241,WEIGLES #58,"I-40, Exit 356A & SR-58",Kingston,TN,405,3.169,35.852807,-84.497054,city,
71242,71242,LAST STOP TRAVEL CENTER,US-93,Willow Beach,AZ,910,3.49566666,35.8316,-114.4441,city,
71244,71244,MAVERIK COUNTRY STORE #644,"I-84/I-15, EXIT 344 & SR-39",Ogden,UT,835,3.37233333,41.223,-111.97383,city,
71245,71245,MAVERIK COUNTRY STORE #651,"I-15, EXIT 67 & US-30",Pocatello,ID,825,3.40233333,42.8713,-112.44553,city,
71246,71246,TOOT N TOTUM #99,I-40 EXIT 75,Amarillo,TX,585,3.04566666,35.222,-101.8313,city,
71247,71247,LOVES TRAVEL STOP #848,"I-59, Exit 104",Sandersville,MS,705,3.16233333,31.786389,-89.032222,city,
71248,71248,RACETRAC #2560,"I-4, EXIT-55",Davenport,FL,140,3.289,28.22,-81.6205,city,
71249,71249,RACETRAC #2589,"I-20, EXIT 185",Oxford,AL,587,2.999,33.61427,-85.83496,city,
71250,71250,NAVAJO BLUE TRAVEL CENTER,I-40 EXIT 219,Flagstaff,AZ,930,3.609,35.19807,-111.65127,city,
71251,71251,RUTTERS #91,US-30 & SR-772,Gap,PA,208,4.199,40.002018,-75.997801,city,
71252,71252,QUIKTRIP #1178,"I-26, EXIT 54 & SR-72",Clinton,SC,210,3.099,34.470692,-81.87717,city,
71253,71253,QUIKTRIP #4066,"I-35, EXIT 122 & SR-173",Devine,TX,740,2.96566666,29.152078,-98.908994,city,
71255,71255,Fuel N Treat,"I-70/US-40, EXIT 84 & CR-J",Nelson,MO,401,3.284,39.010447,-93.031102,city,
71256,71256,SIGNAL FOOD STORE #120,US-60,Seymour,MO,535,3.02566666,37.166726,-92.785659,city,
71257,71257,FARMERS UNION SOUTHERN VALLEY,US-75 & SR-210,Wahpeton,ND,341,3.499,46.2651,-96.6133,city,
71259,71259,LOVES TRAVEL STOP #846,I-10 EXIT 10,Irvington,AL,715,3.16566666,30.480241,-88.239563,city,
71260,71260,LOVES TRAVEL STOP #881,US HWY 224 & OH 225,Diamond,OH,573,3.45233333,41.093473,-81.0425,city,
71261,71261,Una Travel Center,I-94 EXIT 228,Roseville,MI,325,3.899,42.49726,-82.93714,city,
71262,71262,LOVES TRAVEL STOP #892,"I-70, EXIT 118 & SR-310",Etna,OH,315,3.46066666,39.957222,-82.681944,city,
71263,71263,Loves Travel Stop # 660,"I-25, Exit 49",Walsenburg,CO,796,4.249,37.638159,-104.804301,city,
71264,71264,MAVERIK COUNTRY STORE #649,I-25/US-85 EXIT 220 & SR-500,Albuquerque,NM,580,3.20566666,35.08449,-106.65114,city,
71265,71265,U SAVE FOOD STORES 1,SR-39/SR-55,Richwood,WV,44,3.599,38.222988,-80.544481,city,
71266,71266,LOVES TRAVEL STOP #787,"I-81, EXIT 30 & SR-70",Mosheim,TN,405,3.55566666,36.183883,-82.967399,city,
71267,71267,LOVES TRAVEL STOP #878,"US-131/SR-43, EXIT 44",Kalamazoo,MI,431,3.649,42.29171,-85.58723,city,
71268,71268,MAVERIK COUNTRY STORE #650,SR 85 & W 900 S,West Jordan,UT,835,3.43233333,40.60967,-111.9391,city,
71269,71269,Maverik Country Store #652,I-84 & SR 79,Jerome,ID,787,3.394,42.71784,-114.501244,city,
71270,71270,QUIKTRIP #7904,I-20 EXIT 285,Abilene,TX,575,2.87566666,32.44874,-99.73314,city,
71271,71271,MAVERIK COUNTRY STORE #672,SR-69,Dewey,AZ,930,3.219,34.536753,-112.256665,city,
71275,71275,ALLSUPS CONVENIENCE STORE #2272,US-67/US-84,Bangs,TX,575,2.93233333,31.768388,-99.107657,city,
71276,71276,Circle K #2706617,I-4 EXIT 28,Lakeland,FL,225,3.25066666,28.03947,-81.9498,city,
71277,71277,CIRCLE K #2706619,I-75 EXIT 354,Ocala,FL,140,3.45733333,29.1872,-82.14009,city,
71278,71278,Kwik Trip #1506,SR-26,Fort Atkinson,WI,420,3.57733333,42.922902,-88.846689,city,
71281,71281,Pride Travel Center dba One9 #1213,"I-40, Exit 25",Yucca,AZ,910,3.559,34.872222,-114.148611,city,
71282,71282,QuikTrip #4128,SR-71,Bastrop,TX,595,2.96566666,30.13883,-97.292101,city,
71283,71283,QUIKTRIP #7135,US-17,Hardeeville,SC,195,2.999,32.263512,-81.066865,city,
71284,71284,Loves Travel Stop #889,"I-22, Exit 30",Holly Springs,MS,435,3.31566666,34.7687,-89.4483,city,
71285,71285,Shrees Truck Stop Seattle,SR-509,Seattle,WA,962,3.799,47.60621,-122.33207,city,
71286,71286,RACETRAC #2323,I-75 EXIT 128,Fort Myers,FL,225,3.299,26.62168,-81.84059,city,
71287,71287,RACETRAC #482,I-310 EXIT 2A,Saint Rose,LA,725,3.12566666,29.958074,-90.312432,city,
71288,71288,SHEETZ #700,"I-270, EXIT 49 & SR-317",Groveport,OH,315,3.059,39.858137,-82.887219,city,
71289,71289,7-ELEVEN #38835,I-75 EXIT 139,Fort Myers,FL,225,3.599,26.62168,-81.84059,city,
71290,71290,LOVES TRAVEL STOP #808,"US-19/SR-3, EXIT 3 & US-82",Albany,GA,10,3.789,31.57851,-84.15574,city,
71291,71291,HUCKS FOOD & FUEL #351 DBA ONE9 #1286,"I-57, Exit 116",Salem,IL,574,3.139,38.626421,-88.948077,city,
71295,71295,MOUNTAINEER MART #33,US-33/119,Buckhannon,WV,44,3.899,38.98407,-80.217824,city,
71298,71298,QUIKTRIP #1923,"I-45, EXIT 229",Corsicana,TX,641,2.849,32.09543,-96.46887,city,
71299,71299,QUIKTRIP #7903,"I-35, EXIT 331",Waco,TX,765,2.95566666,31.54933,-97.14667,city,
71300,71300,SPEEDWAY #1407,"I-94, EXIT 145",Jackson,MI,385,3.574,42.24587,-84.40135,city,
71301,71301,Atlanta IL Visitors Center,I-55 EXIT 140,Atlanta,IL,280,3.399,40.258624,-89.230021,city,
71302,71302,KWIK STAR #1107,I-380 EXIT 18,Cedar Rapids,IA,380,3.574,42.00833,-91.64407,city,
71303,71303,KWIK TRIP #1132,SR-21,Omro,WI,582,3.37733333,44.035678,-88.751933,city,
71305,71305,AMIGO'S COUNTRY STORE,"I-35, EXIT 122 & SR-173",Devine,TX,740,3.099,29.152078,-98.908994,city,
71307,71307,Speedway #1221,"I-24/69, EXIT 27 & US-62",Calvert City,KY,415,3.449,37.014741,-88.381115,city,
71308,71308,QUIKTRIP #7145,"I-40, EXIT 239A",Lebanon,TN,460,2.91566666,36.20811,-86.2911,city,
71309,71309,SUGAR CROSSING CONVENIENCE,US-33 & CR-63,Lancaster,OH,315,3.38233333,39.71368,-82.59933,city,
71310,71310,CIRCLE K #2722120,US-441/27,Summerfield,FL,140,3.52566666,28.9958,-82.0214,city,
71311,71311,CIRCLE K #708,"I-85, EXIT 64 & US-29",Opelika,AL,50,3.26566666,32.64541,-85.37828,city,
71313,71313,LOVES TRAVEL STOP #821,"US-70, Exit W Main St",Durant,OK,253,3.489,33.99399,-96.37082,city,
71314,71314,Loves Travel Stop #806,I-20 Exit 124,Monroe,LA,760,3.16733333,32.50931,-92.1193,city,
71315,71315,KWIK TRIP #1062,SR-33,West Bend,WI,444,3.55566666,43.42528,-88.18343,city,
71316,71316,KWIK TRIP #1084,SR-97,Marshfield,WI,395,3.47566666,44.66885,-90.1718,city,
71318,71318,LOVES TRAVEL STOP #800,SR-83,Elk Grove Village,IL,290,3.519,42.00392,-87.97035,city,
71319,71319,LOVES TRAVEL STOP #868,"I-95, EXIT 223",Mims,FL,143,3.689,28.697383,-80.866278,city,
71320,71320,TA EXPRESS EDGERTON #284,I-35 EXIT 205,Edgerton,KS,400,3.699,38.781084,-95.009377,city,
71321,71321,Kwik Star #1119,US-18,Emmetsburg,IA,433,3.449,43.108249,-94.682545,city,
71322,71322,KWIK TRIP #1101,US-141,Crivitz,WI,582,3.304,45.254053,-88.061265,city,
71323,71323,MAVERIK COUNTRY STORE #517,SR-114 & E MILL RD,Orem,UT,835,3.44066666,40.2969,-111.69465,city,
71324,71324,7-ELEVEN #38992,"I-85/US-29, EXIT 40 & I-185, EXIT 12",Piedmont,SC,30,3.499,34.724433,-82.470216,city,
71325,71325,QUIKTRIP #7223,"I-20, EXIT 23 & SR-782-2",Bossier City,LA,745,2.89233333,32.51599,-93.73212,city,
71326,71326,CIRCLE K #4705730,"I-480 & SR-82, EXIT 36",Twinsburg,OH,249,3.989,41.31256,-81.44011,city,
71327,71327,MAVERIK COUNTRY STORE #668,"I-80, EXIT 313",Laramie,WY,795,3.24566666,41.31137,-105.5911,city,
71328,71328,IRVING,US-1,Norwood,MA,170,3.694,42.19454,-71.1995,city,
71329,71329,SPEEDWAY #1439,I-20 Exit 100,Mc Calla,AL,615,2.90233333,33.284546,-87.102379,city,
71330,71330,JORDAN MINI MART,SR- 31 & CR-59,Jordan,NY,220,3.829,43.065141,-76.45978,city,
71331,71331,KWIK TRIP #1106,SR-13 & SR-64,Medford,WI,395,3.42233333,45.151185,-90.350306,city,
71332,71332,ALLSUPS CONVENIENCE STORE #2308,SR-128 & SR-18,Jal,NM,710,3.129,32.112816,-103.199724,city,
71333,71333,ALLSUPS CONVENIENCE STORE #2105,"I-20, EXIT 332 & US-183",Cisco,TX,575,2.929,32.380043,-98.986507,city,
71334,71334,ALLSUPS CONVENIENCE STORE #2278,SR-302 & SR-18,Kermit,TX,710,3.089,31.85496,-103.091269,city,
71335,71335,ALLSUPS CONVENIENCE STORE #2367,"I-27/US-87, EXIT 49B & US-70",Plainview,TX,585,2.909,34.18479,-101.70684,city,
71336,71336,ALLSUPS CONVENIENCE STORE #2180,US-84 & US-180,Snyder,TX,612,2.98566666,32.715105,-100.907485,city,
71337,71337,ALLSUPS CONVENIENCE STORE #2229,US-377 & SR-108,Stephenville,TX,630,3.159,32.2207,-98.20226,city,
71338,71338,KWIK TRIP #755,US-18,Fennimore,WI,335,3.424,42.988558,-90.655009,city,
71339,71339,CASEYS #3934,"I-35, EXIT 89 & CO-R6F",Ankeny,IA,320,3.099,41.72971,-93.60577,city,
71340,71340,KWIK TRIP #180,US-14/SR-68,New Ulm,MN,425,3.349,44.304378,-94.464421,city,
71341,71341,QUIKTRIP #7147,"I-40, EXIT 172 & SR-46",Dickson,TN,460,2.91566666,36.077,-87.38779,city,
71342,71342,CASEYS #3505,US-212,Stewart,MN,425,3.369,44.725928,-94.451572,city,
71343,71343,ALLSUPS CONVENIENCE STORE #2014,US-377/US-67,Dublin,TX,630,3.159,32.090873,-98.345469,city,
71344,71344,ALLSUPS CONVENIENCE STORE #2061,US-84 & US-380,Post,TX,700,2.944,33.201695,-101.39216,city,
71345,71345,ALLSUPS CONVENIENCE STORE #2084,US-377 & CR-234,Brownwood,TX,575,2.949,31.70932,-98.99116,city,
71346,71346,ALLSUPS CONVENIENCE STORE #2094,US-277 & US-83,Abilene,TX,575,2.889,32.44874,-99.73314,city,
71347,71347,ALLSUPS CONVENIENCE STORE #2128,"I-20, EXIT 301 & CR-276",Clyde,TX,575,2.889,32.380289,-99.518445,city,
71348,71348,ALLSUPS CONVENIENCE STORE #2142,US-62/US-180,Hobbs,NM,593,3.38233333,32.70261,-103.13604,city,
71349,71349,ALLSUPS CONVENIENCE STORE #2204,SR-115 & CR-201,Wink,TX,710,3.089,31.752673,-103.156084,city,
71350,71350,ALLSUPS CONVENIENCE STORE #2206,US-385 & SR-176,Andrews,TX,710,3.39233333,32.320125,-102.540926,city,
71351,71351,ALLSUPS CONVENIENCE STORE #2207,US-377/US-67 & SR-36,Comanche,TX,575,3.159,31.911637,-98.608227,city,
71352,71352,ALLSUPS CONVENIENCE STORE #2223,US-285 & SR-357,Artesia,NM,700,3.399,32.838355,-104.407401,city,
71353,71353,ALLSUPS CONVENIENCE STORE #2246,US-84 & SR-268,Melrose,NM,585,3.81233333,34.44787,-103.632507,city,
71354,71354,ALLSUPS CONVENIENCE STORE #2247,US-377 & SR-16,Comanche,TX,575,3.16233333,31.911637,-98.608227,city,
71355,71355,ALLSUPS CONVENIENCE STORE #2249,US-377 & US-281,Stephenville,TX,630,3.159,32.2207,-98.20226,city,
71356,71356,ALLSUPS CONVENIENCE STORE #2266,I-20 & US-285,Pecos,TX,710,3.379,31.414384,-103.508129,city,
71357,71357,ALLSUPS CONVENIENCE STORE #2279,SR-115 & SR-18,Kermit,TX,710,3.089,31.85496,-103.091269,city,
71358,71358,ALLSUPS CONVENIENCE STORE #2285,US-285 & US-62,Carlsbad,NM,593,3.194,32.42067,-104.22884,city,
71359,71359,ALLSUPS CONVENIENCE STORE #2350,"I-20, EXIT 285 & US-83",Abilene,TX,575,2.87566666,32.44874,-99.73314,city,
71360,71360,ALLSUPS CONVENIENCE STORE #2353,US-76/US-277,San Angelo,TX,612,3.19566666,31.46377,-100.43704,city,
71361,71361,ALLSUPS CONVENIENCE STORE #2358,US-277/US-87,Wall,TX,612,3.20566666,31.369445,-100.322132,city,
71362,71362,ALLSUPS CONVENIENCE STORE #2359,US-377/US-67 & CR-498,Stephenville,TX,630,3.159,32.2207,-98.20226,city,
71363,71363,ALLSUPS CONVENIENCE STORE #2360,FM-988 & FM-8,Stephenville,TX,630,3.159,32.2207,-98.20226,city,
71364,71364,QUICK FUEL #3188,I-75,Sidney,OH,317,3.33233333,40.28422,-84.1555,city,
71365,71365,COLES BP,SR 49,Brownsville,WI,582,3.099,43.610934,-88.509729,city,
71366,71366,AMOCO,SR 31,Kenosha,WI,444,3.719,42.58474,-87.82119,city,
71367,71367,ROAD RANGER #280,"I-20, EXIT 79 & SR-464",Monahans,TX,710,3.459,31.581294,-102.900273,city,
71368,71368,Kwik Star #1071,I-280 E and US-61 N,Davenport,IA,270,3.324,41.52364,-90.57764,city,
71369,71369,MR GAS TRAVEL CENTER #21,I-84 EXIT 59A,Boise,ID,785,3.69566666,43.6135,-116.20345,city,
71370,71370,MAVERIK COUNTRY STORE #645,"I-40, Exit 16",Gallup,NM,580,3.159,35.52808,-108.74258,city,
71371,71371,BREAK TIME #3167,US-65 & HWY-HH,Sedalia,MO,310,3.294,38.70446,-93.22826,city,
71372,71372,Simonson Station,US-71 & SR-34,Park Rapids,MN,458,3.599,46.937682,-95.038299,city,
71376,71376,7-ELEVEN #41127,SR-29,Labelle,FL,95,3.559,26.732093,-81.434027,city,
71377,71377,7-ELEVEN #38485,I-76 Exit 25,Brighton,CO,800,3.599,39.98526,-104.82053,city,
71378,71378,QUIKTRIP #1410,"I-10, EXIT 136B & SR-202, EXIT 78A",Phoenix,AZ,930,3.369,33.44838,-112.07404,city,
71379,71379,QUIKTRIP #7211,"I-30/US-67/US-70, EXIT 128",Little Rock,AR,695,3.049,34.74648,-92.28959,city,
71381,71381,KWIK TRIP #1112,US-63 & SR-77,Hayward,WI,295,3.639,46.001404,-91.397659,city,
71382,71382,KWIK TRIP #346,US-151 BUS & CR-G/CR-D,Beaver Dam,WI,582,3.19566666,43.45777,-88.83733,city,
71383,71383,Caseys #3940,I-69 & SR 4,Ashley,IN,465,3.59733333,41.534651,-85.050385,city,
71384,71384,CASEYS #3944,I-29 & CR-106,Tea,SD,530,3.199,43.471114,-96.817734,city,
71385,71385,CASEYS #3907,I-675 & SR-235,Fairborn,OH,411,3.679,39.82089,-84.01938,city,
71386,71386,CASEYS #3952,SR-1 & SR-9,Hoopeston,IL,368,3.244,40.463873,-87.666229,city,
71387,71387,CASEYS #3954,"I-80, Exit 168",Newton,IA,320,3.249,41.69971,-93.04798,city,
71388,71388,CASEYS #3850,US HWY 77,Wahoo,NE,319,3.174,41.211723,-96.621946,city,
71389,71389,SPEEDWAY #1590,"I-95, EXIT 193",Dillon,SC,205,3.12566666,34.414553,-79.377015,city,
71390,71390,SPEEDWAY #7269,I-270 EXIT 6B,Granite City,IL,540,3.459,38.70144,-90.14872,city,
71391,71391,QUIKTRIP #7210,I-40 EXIT 142,North Little Rock,AR,695,3.049,34.76954,-92.26709,city,
71392,71392,Loves Travel Stop #834,SR 17 & SR 1,Grant Park,IL,290,3.354,41.247677,-87.647992,city,
71393,71393,CASEYS #3303,HWY 15 AND HWY 55,Kimball,MN,451,3.199,45.343584,-94.302837,city,
71394,71394,QUIKTRIP #955,"I-35W, EXIT 26A & US-67",Alvarado,TX,630,2.97566666,32.439499,-97.212971,city,
71395,71395,KWIK TRIP #340,US-18 & SR-23,Dodgeville,WI,420,3.489,42.969779,-90.140433,city,
71397,71397,RACEWAY #6971,US-82/SR-520,Leesburg,GA,10,3.109,31.681161,-84.159263,city,
71398,71398,KWIK STAR #1089,SR 415,Polk City,IA,320,3.159,41.754905,-93.689346,city,
71399,71399,Loves Travel Stop #809,"I-70 & MO Hwy D, Exit 31",Bates City,MO,400,3.22066666,39.021887,-94.07984,city,
71401,71401,KWIK TRIP #1169,"I-694, EXIT 52B & SR-36",Saint Paul,MN,448,3.51566666,44.94441,-93.09327,city,
71402,71402,FIREBIRD FUEL #6196,US-60 & SR-303,Surprise,AZ,930,3.383,33.63059,-112.33322,city,
71404,71404,Flyers #3200,"I-17, Exit 215B",Phoenix,AZ,930,3.35233333,33.44838,-112.07404,city,
71405,71405,FLYERS #3201,"US-60, Exit 157",Phoenix,AZ,930,3.369,33.44838,-112.07404,city,
71406,71406,FLYERS #3203,"I-10, Exit 139",Phoenix,AZ,930,3.319,33.44838,-112.07404,city,
71407,71407,FLYERS #3204,SR 202,Phoenix,AZ,930,3.35233333,33.44838,-112.07404,city,
71408,71408,Flyers #3205,"I-17, Exit 195B",Phoenix,AZ,930,3.38233333,33.44838,-112.07404,city,
71410,71410,Flyers #3213,"US-60, Exit 181",Mesa,AZ,930,3.35233333,33.42227,-111.82264,city,
71411,71411,Flyers #3214,"I-10, Exit 161C",Chandler,AZ,930,3.35233333,33.30616,-111.84125,city,
71412,71412,FLYERS #3215,SR 87,Chandler,AZ,930,3.35233333,33.30616,-111.84125,city,
71413,71413,Flyers #3216,"US 60, Exit 194",Apache Junction,AZ,930,3.42233333,33.41505,-111.54958,city,
71416,71416,FLYERS #3225,"I-10, Exit 255",Tucson,AZ,980,3.359,32.22174,-110.92648,city,
71417,71417,Flyers #3227,"I-10, Exit 263A",Tucson,AZ,980,3.35566666,32.22174,-110.92648,city,
71418,71418,Quick Fuel #3228,"I-10, Exit 264",Tucson,AZ,980,3.36233333,32.22174,-110.92648,city,
71421,71421,FLYERS #3236,"SR 601, Exit 22",El Paso,TX,640,3.229,31.75872,-106.48693,city,
71428,71428,KWIK TRIP #1140,SR-69/SR-92 & HWY-CC,Belleville,WI,420,3.604,42.866906,-89.53773,city,
71429,71429,QUIKTRIP #1432,SR 202 EXIT 76,Phoenix,AZ,930,3.369,33.44838,-112.07404,city,
71430,71430,QUIKTRIP #7144,US-31W,Goodlettsville,TN,460,2.91566666,36.32311,-86.71333,city,
71433,71433,Kwik Star #1146,US HWY 151,Cedar Rapids,IA,380,3.624,42.00833,-91.64407,city,
71434,71434,KWIK STAR #1154,"SR 18 & SR 60, Exit 34",Sheldon,IA,433,3.199,43.180797,-95.840141,city,
71435,71435,QUIKTRIP #1036,I-85 Exit 40,Charlotte,NC,46,3.304,35.22709,-80.84313,city,
71436,71436,GOOD 2 GO #213,I-90 EXIT 58 & US-16,Buffalo,WY,836,3.525,44.34847,-106.70726,city,
71437,71437,GOOD 2 GO #121,I-15 EXIT 113,Idaho Falls,ID,825,3.479,43.46658,-112.03414,city,
71438,71438,LOVES TRAVEL STOP #893,US-80 & SR-307,Savannah,GA,195,3.289,32.08354,-81.09983,city,
71439,71439,LOVES TRAVEL STOP #802,I-10 EXIT 26,Milton,FL,20,3.339,30.660413,-87.047278,city,
71440,71440,MAVERIK COUNTRY STORE #667,"I-90, EXIT 289 & SR-27",Spokane,WA,970,3.984,47.65966,-117.42908,city,
71441,71441,MAVERIK COUNTRY STORE #678,US-191,Vernal,UT,835,3.44233333,40.440613,-109.546883,city,
71442,71442,RACETRAC #2597,"I-65, EXIT 91 & US-31W",Elizabethtown,KY,415,2.919,37.69395,-85.85913,city,
71443,71443,LOVES TRAVEL STOP #810,US-33 & SR-540,Bellefontaine,OH,411,3.35233333,40.360472,-83.757076,city,
71444,71444,One9 #1318,"I-44, Exit 88",Strafford,MO,416,2.98566666,37.279718,-93.10663,city,
71445,71445,SPEEDWAY #1051,I-90 & I-94 Exit 69,Mauston,WI,420,3.299,43.793383,-90.064085,city,
71446,71446,SPEEDWAY #4221,I-80 Exit 292,Davenport,IA,320,3.749,41.52364,-90.57764,city,
71447,71447,KWIK TRIP #612,SR-116,Winneconne,WI,582,3.53233333,44.118704,-88.721384,city,
71449,71449,MAVERIK COUNTRY STORE #628,I-15 & CR-215,Las Vegas,NV,910,3.35566666,36.17497,-115.13722,city,
71450,71450,MAVERIK COUNTRY STORE #664,I-25 EXIT 203,Los Lunas,NM,580,3.20233333,34.80617,-106.73336,city,
71452,71452,ALLSUPS CONVENIENCE STORE #2016,SR-214 & SR-114,Morton,TX,700,3.399,33.715718,-102.779619,city,
71453,71453,ALLSUPS CONVENIENCE STORE #2025,US-285,Roswell,NM,593,3.28566666,33.39437,-104.52491,city,
71454,71454,ALLSUPS CONVENIENCE STORE #2036,SR-18,Hobbs,NM,593,3.399,32.70261,-103.13604,city,
71455,71455,ALLSUPS CONVENIENCE STORE #2043,US-62,Idalou,TX,700,2.96566666,33.650376,-101.678579,city,
71456,71456,ALLSUPS CONVENIENCE STORE #2058,"I-40, Exit 332 & SR-209",Tucumcari,NM,585,3.355,35.168003,-103.717935,city,
71457,71457,ALLSUPS CONVENIENCE STORE #2075,US-70 & SR-6,Crowell,TX,770,3.199,33.991208,-99.698345,city,
71458,71458,ALLSUPS CONVENIENCE STORE #2082,SR-70,Spur,TX,700,3.199,33.479016,-100.857116,city,
71460,71460,ALLSUPS CONVENIENCE STORE #2101,SR-136,Fritch,TX,585,3.149,35.644121,-101.584482,city,
71461,71461,ALLSUPS CONVENIENCE STORE #2111,US-87 &,Texline,TX,585,2.96566666,36.374034,-102.984516,city,
71462,71462,ALLSUPS CONVENIENCE STORE #2138,CR-61,Hobbs,NM,593,3.38233333,32.70261,-103.13604,city,
71463,71463,ALLSUPS CONVENIENCE STORE #2146,SR-18,Hobbs,NM,593,3.21233333,32.70261,-103.13604,city,
71464,71464,ALLSUPS CONVENIENCE STORE #2153,US-277,Haskell,TX,575,3.539,33.157993,-99.730923,city,
71465,71465,ALLSUPS CONVENIENCE STORE #2173,US-20,Sweetwater,TX,575,2.84566666,32.472589,-100.397908,city,
71466,71466,ALLSUPS CONVENIENCE STORE #2185,US-380 & 9TH ST,Aspermont,TX,575,3.36566666,33.130059,-100.234372,city,
71467,71467,ALLSUPS CONVENIENCE STORE #2192,SR-86 & SR-207,Silverton,TX,585,3.159,34.464089,-101.316899,city,
71468,71468,ALLSUPS CONVENIENCE STORE #2212,SR-6,Stamford,TX,575,3.129,32.945323,-99.78593,city,
71469,71469,ALLSUPS CONVENIENCE STORE #2227,SR-114,Morton,TX,700,3.399,33.715718,-102.779619,city,
71470,71470,ALLSUPS CONVENIENCE STORE #2267,"I-20, EXIT 42 & CR-761",Pecos,TX,710,3.379,31.414384,-103.508129,city,
71471,71471,ALLSUPS CONVENIENCE STORE #2269,SR-524 & CR-658,Carlsbad,NM,593,3.249,32.42067,-104.22884,city,
71472,71472,ALLSUPS CONVENIENCE STORE #2276,HWY 84 & CR-466,Hermleigh,TX,612,2.97233333,32.629441,-100.754714,city,
71473,71473,ALLSUPS CONVENIENCE STORE #2378,US-BUS 287 & SR-25,Electra,TX,770,2.999,34.036234,-98.91545,city,
71474,71474,PILOT #1292,US-290 & SR-21,Paige,TX,765,3.499,30.185799,-97.119771,city,
71476,71476,KWIK TRIP #493,US HWY 12,Whitewater,WI,420,3.499,42.827174,-88.742864,city,
71477,71477,KWIK TRIP #1141,SR 54,Luxemburg,WI,582,3.48233333,44.550612,-87.715606,city,
71478,71478,RACEWAY #6970,SR-1 & Coker Rd,Rome,GA,193,3.199,34.25704,-85.16467,city,
71479,71479,RACETRAC #118,I-575 & SR-15,Jasper,GA,193,3.309,34.461965,-84.475881,city,
71480,71480,Loves Travel Stop #836,US-87,Dalhart,TX,585,3.43566666,36.073183,-102.517658,city,
71481,71481,Loves Travel Stop #843,"I-29, Exit 187",Drayton,ND,341,3.56566666,48.578569,-97.199222,city,
71482,71482,LOVES TRAVEL STOP #789,"I-15, Exit 277",Great Falls,MT,815,3.77233333,47.50024,-111.30081,city,
71484,71484,CIRCLE K #2745064,"I-75/SR-401, EXIT 101 & US-280/SR-30",Cordele,GA,10,2.999,31.963333,-83.7825,city,
71485,71485,Circle K #2709088,US-521 & SR-9,Lancaster,SC,46,3.299,34.749006,-80.761576,city,
71486,71486,HUCKS FOOD & FUEL #338 DBA PILOT DEALER #1294,US-50/US-150 & US-41 BUS,Vincennes,IN,510,3.959,38.67727,-87.52863,city,
71487,71487,LOVES TRAVEL STOPS #835,"I-15, EXIT 163 & SR-99",Fillmore,UT,835,3.642,38.980539,-112.331321,city,
71488,71488,LOVES TRAVEL STOP #816,"I-90, EXIT 284",Kimball,SD,506,3.57066666,43.712881,-98.934305,city,
71490,71490,LOVES TRAVEL STOP #818,"I-20, EXIT 205 & SR-46",Heflin,AL,615,3.20733333,33.611515,-85.588471,city,
71491,71491,SPEEDWAY #1520,"I-55, EXIT 58 & SR-80",Matthews,MO,460,3.189,36.807528,-89.576833,city,
71492,71492,LOVES TRAVEL STOP #839,"I-64, EXIT 92",Leavenworth,IN,415,3.949,38.194244,-86.359862,city,
71493,71493,NEW TRAVEL PLAZA,I-20 EXIT 86,Ruston,LA,590,3.06566666,32.52321,-92.63793,city,
71494,71494,SPEEDWAY/7FLEET #7008,"I-90, EXIT 48A & SR-77",Corfu,NY,190,3.889,42.977734,-78.392906,city,
71495,71495,SPEEDWAY #1212,"I-65, EXIT 99 & US-31",Greenwood,IN,375,3.59733333,39.61366,-86.10665,city,
71496,71496,SPEEDWAY/7fleet #1052,US-30 & SR-57,Orrville,OH,249,3.499,40.845836,-81.774109,city,
71498,71498,KWIK TRIP #1143,US HWY 45,Antigo,WI,395,3.50733333,45.131362,-89.141871,city,
71499,71499,KWIK TRIP #1130,US HWY 151/18,Mount Horeb,WI,420,3.589,43.002022,-89.741448,city,
71500,71500,KWIK TRIP #1114,SR-35,Holmen,WI,515,3.33066666,43.976125,-91.2497,city,
71502,71502,ROAD RANGER #281,I-20 EXIT 332,Cisco,TX,575,3.14066666,32.380043,-98.986507,city,
71503,71503,LOVES TRAVEL STOP #093,US-80 & US-400/US-50,Garden City,KS,525,3.729,37.97169,-100.87266,city,
71504,71504,MAVERIK COUNTRY STORE #378,"I-84/I-15, EXIT 346 & SR-126",Ogden,UT,835,3.379,41.223,-111.97383,city,
71505,71505,KWIK TRIP #1029,I-43 & SR-20,East Troy,WI,444,3.174,42.803531,-88.409215,city,
71506,71506,KWIK STAR #1165,SR-60,Sibley,IA,433,3.224,43.406929,-95.7424,city,
71509,71509,MAPLEFIELDS IRVING,I-91 & US-2,Saint Johnsbury,VT,39,3.599,44.427195,-72.005062,city,
71510,71510,RACETRAC #2601,"I-64, Exit 58",Frankfort,KY,410,2.919,38.20091,-84.87328,city,
71511,71511,RACETRAC #2592,US HWY 29,Athens,GA,16,3.31233333,33.96095,-83.37794,city,
71512,71512,RACETRAC #2603,Country Road 527,Orlando,FL,140,3.299,28.53834,-81.37924,city,
71514,71514,LOVES TRAVEL STOP #817,SR-136,Santa Teresa,NM,640,3.26233333,31.848,-106.6346,city,
71515,71515,LOVES TRAVEL STOP #824,"I-64 & SR-37, Exit 80",Mount Vernon,IL,574,3.419,38.31727,-88.90312,city,
71516,71516,LOVES TRAVEL STOP #833,"I-90, EXIT 61 & US-20",Ripley,NY,38,3.879,42.248175,-79.712103,city,
71517,71517,7-ELEVEN #41905,I-85 & CR-2120,Salisbury,NC,46,3.749,35.67097,-80.47423,city,
71518,71518,SPEEDWAY/7Fleet #9305,SR-18 & SR-1,Forrest City,AR,460,3.174,35.009129,-90.788572,city,
71519,71519,SPEEDWAY #1506,US-231 & SR-271,Montgomery,AL,720,3.04233333,32.36681,-86.29997,city,
71520,71520,KWIK TRIP #1104,SR-35/65 & SR-29,River Falls,WI,451,3.40566666,44.86136,-92.62381,city,
71521,71521,KWIK TRIP #1065,US-12 & SR-89,Whitewater,WI,420,3.424,42.827174,-88.742864,city,
71522,71522,Y NOT STOP BARBER SPUR,SR-10 & SR-13,Ville Platte,LA,730,3.499,30.692376,-92.27371,city,
71523,71523,QUIKTRIP #7170,I-59 EXIT 77,Cottondale,AL,615,2.91566666,33.176667,-87.387051,city,
71524,71524,Loves Travel Stop #813,"I-77, Exit 112",North Canton,OH,249,3.62733333,40.87589,-81.40234,city,
71525,71525,LOVES TRAVEL STOP #796,"I-40, EXIT 432B & U-25W/US-411/US-70",Newport,TN,405,3.689,35.954431,-83.202749,city,
71526,71526,LOVES TRAVEL STOP #820,"I-90, EXIT 41 & SR-414",Waterloo,NY,190,4.149,42.904515,-76.875498,city,
71527,71527,D & C FUEL EAST,US-6/SR-92,Tunkhannock,PA,200,3.699,41.550687,-75.941043,city,
71528,71528,GOOD 2 GO #218,I-90 EXIT 25 & US-14,Sheridan,WY,836,3.44233333,44.79719,-106.95618,city,
71529,71529,Kwik Trip #1161,US-BUS 53,Eau Claire,WI,295,3.40733333,44.81135,-91.49849,city,
71531,71531,BERT'S TRAVEL PLAZA,SR-33,Wellsville,KS,400,3.31566666,38.713676,-95.091573,city,
71534,71534,GOLDEN GATE - YERINGTON,SR-339 & US-95 ALT,Yerington,NV,966,3.71566666,38.986567,-119.159558,city,
71535,71535,GOLDEN GATE BATTLE MOUNTAIN,"I-80, EXIT 233",Battle Mountain,NV,966,3.339,40.621985,-116.955439,city,
71536,71536,PILOT TRAVEL CENTERS #1106,"I-25/US-85, EXIT 215 & SR-47",Albuquerque,NM,580,3.56566666,35.08449,-106.65114,city,
71542,71542,CIRCLE K #2706625,US-85,Eaton,CO,795,3.399,40.527272,-104.714559,city,
71543,71543,THE SOCO GROUP #4,SR-111,El Centro,CA,900,4.839,32.792,-115.56305,city,
71555,71555,Kwik Trip #307,SR-35/US-18,Prairie Du Chien,WI,335,3.599,43.042649,-91.119305,city,
71556,71556,KWIK TRIP #1167,"HWY 29, EXIT 108",Thorp,WI,295,3.45233333,44.957319,-90.802861,city,
71557,71557,MUSKOGEE TRAVEL PLAZA,US-69,Muskogee,OK,560,3.01566666,35.74788,-95.36969,city,
71558,71558,ALLSUPS #2384,US-60,Friona,TX,585,2.994,34.640298,-102.719139,city,
71559,71559,ALLSUPS CONVENIENCE STORE #2228,US-83 & CR-613,Tuscola,TX,575,2.91733333,32.234955,-99.82439,city,
71560,71560,CIRCLE K #2709675,"I-25, EXIT 41 & SR-543/SR-26",Hatch,NM,640,3.799,32.658335,-107.159028,city,
71561,71561,ABBOTTS TRAVEL CENTER,I-35 EXIT 359,Abbott,TX,765,3.06566666,31.891642,-97.067146,city,
71562,71562,PILOT #1317,I-90 EXIT 28,Fultonville,NY,12,3.999,42.903601,-74.359765,city,
71563,71563,Kwik Star #1081,SR-9,Decorah,IA,515,3.579,43.322711,-91.793947,city,
71564,71564,GRAB N GO,SR-200 & SR-22,Killdeer,ND,273,3.549,47.410898,-102.776242,city,
71565,71565,CIRCLE K #2741253,"SR 375, Exit 39",El Paso,TX,640,3.19566666,31.75872,-106.48693,city,
71566,71566,Mankato Travel Center,US HWY 14 & SR 22,Mankato,MN,425,3.499,44.15906,-94.00915,city,
71567,71567,PRIDE CONVENIENCE STORE,"I-91, EXIT 40 & SR-20",East Granby,CT,100,3.649,41.932215,-72.745889,city,
71568,71568,QUIKTRIP #294,I-35,Gardner,KS,485,2.999,38.81084,-94.92719,city,
71570,71570,STEELE 66 TRUCK PLAZA,Hwy O & CR-425,Steele,MO,418,3.399,36.091528,-89.834585,city,
71571,71571,RACETRAC #2587,I-75 & US-98,Brooksville,FL,140,3.299,28.565805,-82.373674,city,
71572,71572,7-ELEVEN #41525,US-460 & SR-630,Disputanta,VA,180,2.999,37.148268,-77.273172,city,
71573,71573,RACETRAC #2588,I-4 & US-301,Tampa,FL,225,3.299,27.94752,-82.45843,city,
71574,71574,RACETRAC #2594,US-441,Dublin,GA,85,2.999,32.54044,-82.90375,city,
71575,71575,Racetrac #2308,SR-161,Irving,TX,630,2.93566666,32.81402,-96.94889,city,
71576,71576,RACETRAC #2429,SR-161,Irving,TX,630,2.90066666,32.81402,-96.94889,city,
71577,71577,TOOT N TOTUM #130,US-87 & Dorsey Rd,Clayton,NM,585,3.199,36.441378,-103.188823,city,
71578,71578,RACETRAC #2595,I-65 EXIT 284,Alabaster,AL,615,2.999,33.24428,-86.81638,city,
71579,71579,KWIK TRIP #1138,SR 28,Sheboygan,WI,444,3.24233333,43.75083,-87.71453,city,
71580,71580,MAVERIK COUNTRY STORE #676,"I-15/I-84, EXIT 376 & SR-13",Tremonton,UT,835,3.444,41.701564,-112.181293,city,
71582,71582,LOVES TRAVEL STOP #847,US-601 & SR-207,Pageland,SC,46,3.38566666,34.772193,-80.396615,city,
71583,71583,CIRCLE K #2706993,SR 27 N,Lake Wales,FL,225,3.799,27.90141,-81.58591,city,
71586,71586,ALLTOWN FRESH,US-9 & SR-23,Livingston,NY,12,3.679,42.141944,-73.778333,city,
71590,71590,TA SPRINGER,I-25 EXIT 419,Springer,NM,580,3.529,36.37672,-104.592705,city,
71592,71592,THE WOODSHED,US-59 & SR-10,Welch,OK,307,3.099,36.902022,-95.129455,city,
71594,71594,BP,US-20 & SR13,Middlebury,IN,465,3.799,41.675415,-85.711443,city,
71595,71595,Hucks Market #100,US-36,Hannibal,MO,494,3.13233333,39.70838,-91.35848,city,
71596,71596,ALLSUPS #2379,US-70/US-380,Tinnie,NM,700,3.359,33.337308,-105.202681,city,
71597,71597,Allsups #2380,US-84,Sudan,TX,700,3.199,34.069661,-102.525525,city,
71598,71598,Allsups #2381,SR-199,Azle,TX,630,2.919,32.903453,-97.541153,city,
71600,71600,TA EXPRESS #290,"I-45, EXIT 198 & FM-27",Fairfield,TX,765,3.439,31.736136,-96.157176,city,
71601,71601,Circle K #2723479,"I-40, EXIT 306B & US-70",Garner,NC,205,3.369,35.71126,-78.61417,city,
71603,71603,FLYERS #3223,US-70/191,Safford,AZ,980,3.86233333,32.829491,-109.626641,city,
71604,71604,MAVERIK COUNTRY STORE #669,"I-80, Exit 113 & SR-172",Salt Lake City,UT,835,3.44566666,40.76078,-111.89105,city,
71605,71605,Allsups Convenience Store #2377,US-70 & US-54,Alamogordo,NM,640,3.06233333,32.89953,-105.96027,city,
71606,71606,Allsups #2396,HWY 62 82 179,Wolfforth,TX,700,2.91566666,33.530381,-102.026101,city,
71607,71607,Loves Travel Stop #827,"I-90, Exit 174",Moses Lake,WA,970,3.889,47.13014,-119.27808,city,
71608,71608,Loves Travel Stop #842,"I-194, eXIT 164",Saint Cloud,MN,448,3.29066666,45.5608,-94.16249,city,
71609,71609,QUIKTRIP #73,"US-75, US 62",Henryetta,OK,560,3.02566666,35.454476,-95.976187,city,
71610,71610,FRIENDLY GUS #25,US-80 & SR-338,Dudley,GA,85,3.83233333,32.525879,-83.089918,city,
71612,71612,RACEWAY #6898,"I-95, EXIT 373 & HWY A1A",Yulee,FL,75,3.27066666,30.631667,-81.606667,city,
71614,71614,7-ELEVEN #41808,"I-85, EXIT 106 & US-29",Blacksburg,SC,210,3.359,35.115047,-81.508004,city,
71615,71615,HUTCHS #128,US-62 & US-281/SR-8,Anadarko,OK,483,2.999,35.072808,-98.24291,city,
71616,71616,ALLSUPS CONVENIENCE STORE #2382,"I-20, EXIT 366 & US-281",Mineral Wells,TX,630,2.94566666,32.810283,-98.063051,city,
71617,71617,CIRCLE K #2709087,US-98/US-19,Chiefland,FL,75,3.58233333,29.483243,-82.880896,city,
71618,71618,Loves Travel Stop #837,"I-35, Exit 52",Cameron,MO,400,3.689,39.730892,-94.243723,city,
71619,71619,7-ELEVEN # 41365,"I-840/I-785, EXIT 18 & US-70",Greensboro,NC,65,3.199,36.07264,-79.79198,city,
71621,71621,TOOT N TOTUM #127,"I-27, Exit 49B",Plainview,TX,585,2.89566666,34.18479,-101.70684,city,
71622,71622,Circle K #2706628,SR-193 & SR-163,Theodore,AL,715,3.39233333,30.544374,-88.180748,city,
71623,71623,Circle K #2706637,US-43,Grove Hill,AL,715,3.719,31.675502,-87.763571,city,
71624,71624,MAVERIK COUNTRY STORE #681,"I-80, Exit 410",West Wendover,NV,835,3.38566666,40.735,-114.075278,city,
71625,71625,MAVERIK COUNTRY STORE #679,US-160/285 & SR-17,Alamosa,CO,803,3.349,37.470274,-105.878602,city,
71627,71627,QUIKTRIP #1730,I-75 EXIT 185,Forsyth,GA,85,3.089,33.050764,-83.936209,city,
71628,71628,QUIKTRIP #7171,I-65 EXIT 231,Calera,AL,615,2.999,33.1098,-86.755987,city,
71629,71629,KWIK TRIP #1139,SR-95 & SR-65,Cambridge,MN,451,3.399,45.557591,-93.288935,city,
71630,71630,CIRCLE K #2701524,"US-52, Exit 134 & SR-268",Pilot Mountain,NC,65,3.429,36.41094,-80.492065,city,
71631,71631,RACEWAY #6891,SR-20 & SR-67,Decatur,AL,615,3.099,34.60593,-86.98334,city,
71632,71632,Loves Travel Stop #819,SR-21 & SR-275,Rincon,GA,195,3.33066666,32.235632,-81.287777,city,
71634,71634,76,"US HWY 278, US HWY 45",Tupelo,MS,742,3.149,34.25807,-88.70464,city,
71635,71635,Racetrac #2610,US-231,Murfreesboro,TN,460,3.049,35.84562,-86.39027,city,
71636,71636,RACETRAC #2580,US-41 & SR-268,Murfreesboro,TN,460,3.03233333,35.84562,-86.39027,city,
71637,71637,HORSESHOE #4,SR-114,Smyer,TX,700,2.959,33.584167,-102.162778,city,
71638,71638,QUIKTRIP #4032,"I-35, EXIT 176",Schertz,TX,740,2.91566666,29.55217,-98.26973,city,
71639,71639,PAR MAR FOOD STORE #13,"I-77, EXIT 1 & SR-7",Hannibal,OH,430,3.899,39.667222,-80.872222,city,
71640,71640,RACETRAC #2544,SR-81 & SR-316,Bethlehem,GA,16,3.31233333,33.926116,-83.728227,city,
71641,71641,76,I-17,Phoenix,AZ,930,3.23233333,33.44838,-112.07404,city,
71642,71642,MAVERIK COUNTRY STORE #398,HWY 89 & LAKE POWELL BLVD,Page,AZ,930,3.45566666,36.896625,-111.43847,city,
71643,71643,Pilot #1319,I-35 Exit 30,Alvarado,TX,630,3.20566666,32.439499,-97.212971,city,
71644,71644,CHISUM TRAVEL CENTER #38,I-20 EXIT 210,Colorado City,TX,612,2.92566666,32.398736,-100.860948,city,
71646,71646,SPEEDWAY #6542,"I-10, Exit 192",Midway,FL,155,3.599,30.40648,-87.00553,city,
71647,71647,QUIKTRIP #667,I-44 Exit 189,Rolla,MO,392,2.98233333,37.95143,-91.77127,city,
71648,71648,QUIKTRIP #7149,I-24 Exit 8,Clarksville,TN,460,2.91566666,36.52977,-87.35945,city,
71649,71649,Allsups Convenience Store #2385,US-183 & US-180,Breckenridge,TX,575,3.30733333,32.753166,-98.909882,city,
71650,71650,ALLSUPS CONVENIENCE STORE #2405,SR-208 & SR-158,Robert Lee,TX,612,3.26566666,31.895091,-100.510366,city,
71651,71651,QUIKTRIP #4151,"I-35, Exit 220",Buda,TX,595,2.91566666,30.091758,-97.853422,city,
71652,71652,CIRCLE K #4705575,SR-261,Akron,OH,249,3.769,41.08144,-81.51901,city,
71653,71653,MAVERIK COUNTRY STORE #701,US-160,Durango,CO,614,3.299,37.27528,-107.88007,city,
71654,71654,LOVES TRAVEL STOP #851,"I-39/US-51, EXIT 111 & SR-72",Monroe Center,IL,520,3.749,42.10501,-89.016946,city,
71655,71655,79 ONE STOP,SR-62 & SR-37,Saint Croix,IN,415,3.499,38.239773,-86.603511,city,
71656,71656,CASEYS #3268,US-59 & SR-119,Appleton,MN,522,3.44566666,45.20543,-95.994872,city,
71657,71657,CASEYS #2855,US HWY 63,Cabool,MO,535,3.259,37.131366,-92.114409,city,
71659,71659,Loves Travel Stop #646,"I-84, Exit 71",Willington,CT,100,4.359,41.873996,-72.272774,city,
71661,71661,Loves Travel Stop #822,"I-40, Exit 57 & S Crawford St",Clarksville,AR,695,3.39233333,35.490763,-93.491056,city,
71662,71662,PUMP & PANTRY #33,SR-22/39,Genoa,NE,330,3.289,41.446776,-97.764011,city,
71663,71663,Allsups #2388,I-27 & SR-217,Canyon,TX,585,2.90066666,34.977222,-101.924705,city,
71664,71664,RUTTERS #95,SR-9,Martinsburg,WV,22,3.999,39.45621,-77.96389,city,
71666,71666,Circle K#2746513,SR-13/SIOUX TRL,Savage,MN,448,3.799,44.77913,-93.33634,city,
71667,71667,7-Eleven #38986,"I-75, EXIT 301 & US-98",Brooksville,FL,225,3.399,28.565805,-82.373674,city,
71668,71668,7-ELEVEN #41572,I-77 & US-70,Statesville,NC,46,2.859,35.78264,-80.8873,city,
71672,71672,7-ELEVEN #41573,US-67,Glen Rose,TX,765,3.589,32.229762,-97.762911,city,
71673,71673,7-ELEVEN #41792,"I-85, EXIT 27",Anderson,SC,30,2.959,34.50344,-82.65013,city,
71674,71674,Kwik Trip #1177,SR-65,Cambridge,MN,451,3.424,45.557591,-93.288935,city,
71676,71676,CIRCLE K #4702409,US-52,Lafayette,IN,375,3.15733333,40.4167,-86.87529,city,
71679,71679,TOOT N TOTUM #22,FM 1541 & FM 1151,Amarillo,TX,585,2.96733333,35.222,-101.8313,city,
71680,71680,Alexs Shelby Truck Stop,US HWY 278 & SR 32,Shelby,MS,655,3.199,33.949058,-90.762461,city,
71681,71681,WASPYS TRUCK STOP,US-71,Audubon,IA,319,3.31566666,41.730032,-94.916412,city,
71682,71682,Gas N Wash,"SR 83, SR 50, I-294",Alsip,IL,365,3.399,41.66892,-87.73866,city,
71683,71683,GAS N WASH,US HWY 6,Joliet,IL,365,3.799,41.52519,-88.0834,city,
71685,71685,ON THE ROAD 110,US-59,Diboll,TX,618,3.199,31.195028,-94.772911,city,
71686,71686,Allsups #2391,I-20 Exit 269,Merkel,TX,575,2.87566666,32.444371,-99.992443,city,
71687,71687,ALLSUPS #2386,I-20 EXIT 216,Colorado City,TX,612,2.94233333,32.398736,-100.860948,city,
71688,71688,KWIK TRIP #1151,"I-90, EXIT 183 & CR-BT",Beloit,WI,420,3.374,42.50835,-89.03178,city,
71689,71689,KWIK TRIP #1108,"I-41/US-45, EXIT 52 & SR-164",Colgate,WI,444,3.24733333,43.199767,-88.240614,city,
71691,71691,ALLSUPS #2399,US-287 & SR-207,Claude,TX,585,2.929,35.096715,-101.381271,city,
71692,71692,GXP #200,"I-85/SR-403, EXIT 140 & SR-82",Jefferson,GA,16,3.239,34.106197,-83.570813,city,
71694,71694,J&H Family Store,"I-96, Exit 19",Coopersville,MI,456,3.549,43.06013,-85.951722,city,
71695,71695,KWIK TRIP #1126,US-14/US-61,La Crosse,WI,444,3.384,43.80136,-91.23958,city,
71696,71696,SUPER SAVE #10,I-220 EXIT 1A,Shreveport,LA,745,3.199,32.52515,-93.75018,city,
71697,71697,LOVES TRAVEL STOP #829,I-80 EXIT 81,Brookville,PA,14,4.019,41.159986,-79.064101,city,
71698,71698,Kwik Star #1142,hwy 6,Iowa City,IA,380,3.134,41.66113,-91.53017,city,
71699,71699,KWIK TRIP #597,"I-94, EXIT 344 & SR-31",Kenosha,WI,444,3.744,42.58474,-87.82119,city,
71700,71700,ARCO,US-19/US-98/US-27Alt & CR-30A,Perry,FL,75,3.699,30.097489,-83.585021,city,
71701,71701,CIRCLE K #2746510,SR 32,De Pere,WI,360,3.349,44.44888,-88.06038,city,
71702,71702,SHOP AND SAVE,US-220 & CR-734,Ridgeway,VA,65,3.909,36.5874,-79.86859,city,
71704,71704,QUIKTRIP #962,"I-30, Exit 61A",Garland,TX,630,2.89733333,32.91262,-96.63888,city,
71705,71705,STRIPES #41980,"I-37, EXIT 11A",Corpus Christi,TX,625,3.199,27.80058,-97.39638,city,
71706,71706,QUIKTRIP #1176,I-77Exit 2,West Columbia,SC,135,3.309,33.99349,-81.07398,city,
71707,71707,QUARLES #4437,US HWY 30,Lancaster,PA,208,3.999,40.03788,-76.30551,city,
71708,71708,QUARLES #4936,I-95 Exit 69,Richmond,VA,180,3.699,37.55376,-77.46026,city,
71709,71709,MAPCO EXPRESS #7553,SR 153 EXIT 2,Chattanooga,TN,285,2.994,35.04563,-85.30968,city,
71710,71710,KWIK STAR #1180,SR-141,Perry,IA,320,3.06066666,41.839695,-94.102167,city,
71712,71712,MAVERIK COUNTRY STORE #693,"I-70, Exit 160 & hwy 191",Green River,UT,810,3.28233333,39.000243,-110.159817,city,
71713,71713,Pilot Dealer #1383,"I-555, Exit 39",Jonesboro,AR,435,3.464,35.8423,-90.70428,city,
71714,71714,RACETRAC #2576,SR-997 & SR-994,Miami,FL,95,3.28733333,25.77427,-80.19366,city,
71715,71715,Allsups Convenience Store #2401,US-87,San Angelo,TX,612,3.19566666,31.46377,-100.43704,city,
71716,71716,Allsups #2404,US-62,Carlsbad,NM,593,3.194,32.42067,-104.22884,city,
71717,71717,Kwik Trip #1199,US-14,Darien,WI,345,3.199,42.6435,-88.714217,city,
71718,71718,KWIK STAR #1158,US-30,Ames,IA,320,3.174,42.03471,-93.61994,city,
71719,71719,LOVES TRAVEL STOP #832,"I-35, EXIT 129",Forest Lake,MN,515,3.36233333,45.27886,-92.98522,city,
71721,71721,HUCKS FOOD & FUEL #314,US-50/150,Washington,IN,510,3.46233333,38.653568,-87.170656,city,
71722,71722,MAVERIK #5392,FM-16,Keenesburg,CO,800,3.154,40.095847,-104.446366,city,
71723,71723,ALLSUPS CONVENIENCE #2398,SR-70,Pampa,TX,585,3.079,35.53616,-100.95987,city,
71724,71724,ALLSUPS CONVENIENCE #2403,US-180,Mineral Wells,TX,630,3.00566666,32.810283,-98.063051,city,
71725,71725,Allsups Convenience Store #2406,US-67,Rankin,TX,710,3.499,31.2225,-101.9375,city,
71726,71726,Kwik Trip #1152,US HWY 169,Saint Peter,MN,425,3.724,44.335107,-93.981061,city,
71735,71735,Loves Travel Stop #811,US-395,Pasco,WA,925,4.589,46.23958,-119.10057,city,
71736,71736,Racetrac #2312,US-41/SR-92,Acworth,GA,18,3.209,34.06635,-84.67837,city,
71737,71737,RACETRAC #2605,"I-295, EXIT 25",Jacksonville,FL,75,3.249,30.33218,-81.65565,city,
71738,71738,KWIK TRIP #1196,"US-151, EXIT 21",Platteville,WI,335,3.514,42.73932,-90.485406,city,
71739,71739,TA EXPRESS #418,"I-16/SR-404, EXIT 116 & US-301/25",Register,GA,135,3.28566666,32.338235,-81.872828,city,
71740,71740,SPRINT FOODS #735,US-78/US-1 & SR-19,Aiken,SC,135,3.17233333,33.56042,-81.71955,city,
71741,71741,SPRINT FOOD STORE #733,"I-20, EXIT 183 & US-221",Harlem,GA,135,3.599,33.417007,-82.309659,city,
71769,71769,DUCK THRU FOOD STORE #60,US HWY 64,Spring Hope,NC,205,3.469,35.930193,-78.1085,city,
71770,71770,ONVO TRAVEL PLAZA,"I-81, Exit 155",Mountain Top,PA,200,3.58733333,41.134975,-75.937642,city,
71771,71771,BREAK TIME #3170,SR-13 & HWY-T,Bolivar,MO,535,3.374,37.608502,-93.412631,city,
71772,71772,Kwik Trip #1137,US-8,Saint Croix Falls,WI,451,3.524,45.413215,-92.638371,city,
71773,71773,KWIK STAR #710,US-30 EXIT-202,Toledo,IA,565,3.399,42.007696,-92.566206,city,
71774,71774,CASEYS #4292,1020 5TH ST,Carrollton,IL,574,3.289,39.300937,-90.409211,city,
71775,71775,Caseys #3950,US-270 & US-54,Liberal,KS,525,3.319,37.04308,-100.921,city,
71776,71776,QUIKTRIP #7172,"I-85/US-29, EXIT 58 & SR-169",Opelika,AL,50,2.999,32.64541,-85.37828,city,
71779,71779,TCI PHOENIX,"I-10, EXIT 138 & US-202, EXIT 76",Phoenix,AZ,930,2.92233333,33.44838,-112.07404,city,
71784,71784,7-ELEVEN #41750,I-4 & SR-33,Lakeland,FL,225,3.289,28.03947,-81.9498,city,
71785,71785,7-ELEVEN #41266,I-81 & SR-924,Hazleton,PA,200,3.839,40.95842,-75.97465,city,
71786,71786,SHEETZ #751,I-76 EXIT 91,Donegal,PA,165,3.259,40.099613,-79.381043,city,
71787,71787,PUMP & PANTRY #55,US-159 & US-73,Falls City,NE,486,3.239,40.074193,-95.593148,city,
71792,71792,KWIK TRIP #1147,US-71 & SR-60,Windom,MN,425,3.349,43.879022,-95.151531,city,
71793,71793,QUARLES #4602,"SR-267, EXIT 8B & SR-606",Sterling,VA,60,3.659,39.00622,-77.4286,city,
71794,71794,KWIK TRIP #1174,US-51 & US-2,Ironwood,MI,334,3.179,46.463793,-90.158844,city,
71795,71795,CIRCLE K #2654290,I-85 EXIT 13,Lagrange,GA,50,3.899,33.03929,-85.03133,city,
71797,71797,KWIK STAR #1186,"I-80/US-6, EXIT 142 & US-65",Altoona,IA,320,3.199,41.64416,-93.46466,city,
71798,71798,Space Age #202,"I-5, EXIT 52",Castle Rock,WA,935,3.659,46.278291,-122.9139,city,
71800,71800,Stuckeys Travel Plaza,"I-44, EXIT 179",Newburg,MO,535,2.97233333,37.900778,-91.880683,city,
71801,71801,Love's Travel Stop #869,US HWY 75,Le Mars,IA,527,3.45566666,42.79623,-96.170386,city,
71802,71802,ALLSUPS #2407,I-10 EXIT 259,Fort Stockton,TX,710,3.029,30.890785,-102.879942,city,
71803,71803,KENT KWIK #321,I-20 EXIT 143,Midland,TX,710,2.94066666,31.99735,-102.07791,city,
71804,71804,GAS N WASH,I-88 EXIT 114,Montgomery,IL,290,3.599,41.73058,-88.3459,city,
71805,71805,RACETRAC #2583,I-24E,La Vergne,TN,460,2.899,36.01562,-86.58194,city,
71806,71806,RACETRAC #2600,SR-70,Okeechobee,FL,140,3.299,27.311532,-80.847853,city,
71807,71807,KWIK TRIP #1270,SR-172,Green Bay,WI,582,3.29066666,44.51916,-88.01983,city,
71808,71808,WEIGELS #100,SR 153,Chattanooga,TN,405,3.01566666,35.04563,-85.30968,city,
71811,71811,7-ELEVEN #41826,SR-722 & SR-283,Lancaster,PA,70,4.129,40.03788,-76.30551,city,
71812,71812,KWIK TRIP #1198,I-43 & Hwy AA,Oostburg,WI,444,3.24233333,43.622939,-87.796955,city,
71813,71813,Kweik Star #1156,SR-150 & SR-3,Oelwein,IA,565,3.58233333,42.681095,-91.913084,city,
71814,71814,TEX-BEST #531,US-90,Uvalde,TX,740,2.874,29.20968,-99.78617,city,
71815,71815,MAVERIK COUNTRY STORE #688,I-15 EXIT 339,Ogden,UT,835,3.38566666,41.223,-111.97383,city,
71816,71816,MAVERIK COUNTRY STORE #694,I-15 EXIT 222,Nephi,UT,835,3.40566666,39.692275,-111.8359,city,
71817,71817,KWIK TRIP #1128,US-12,Altoona,WI,295,3.33233333,44.802142,-91.43825,city,
71818,71818,TA EXPRESS RIVERTON #433,I-72 EXIT 108,Riverton,IL,318,3.439,39.855239,-89.541908,city,
71822,71822,DK,SR 176,Lenorah,TX,612,3.53233333,32.439157,-101.761137,city,
71823,71823,MARKER 126,US HWY 20,Duncombe,IA,343,3.059,42.449303,-94.059212,city,
71824,71824,QuikTrip #4052,US 181 S,San Antonio,TX,740,2.92233333,29.42412,-98.49363,city,
71826,71826,KWIK TRIP #1183,US-2,Bessemer,MI,334,3.179,46.480188,-90.051544,city,
71827,71827,KWIK TRIP #1188,US-12,Cokato,MN,451,3.474,45.074761,-94.191054,city,
71828,71828,KWIK TRIP #1209,SR-42,Sturgeon Bay,WI,582,3.58233333,44.84384,-87.375311,city,
71829,71829,KWIK TRIP #1043,US-53/SR-194,Duluth,MN,334,3.499,46.78327,-92.10658,city,
71830,71830,One9 Travel Center #1330,"I-40/US-63, EXIT 216 & US-49",Brinkley,AR,695,3.199,34.878124,-91.188596,city,
71831,71831,Loves Travel Stop #865,"I-35, Exit 186",Perry,OK,483,3.389,36.287468,-97.284175,city,
71832,71832,SHEETZ #753,SR 3,Seville,OH,249,3.08233333,41.022731,-81.856199,city,
71833,71833,Circle K #2706636,US HWY 43,Jackson,AL,715,3.899,31.513098,-87.867192,city,
71835,71835,CUZZS TRAVEL DEPOT,US 43 N,Thomasville,AL,715,3.599,31.906728,-87.759842,city,
71836,71836,DUCK THRU FOOD STORE #59,US 13 EXIT 119,Greenville,NC,205,3.499,35.61266,-77.36635,city,
71837,71837,RUTTERS #86,"US-15, EXIT 17 & SR-26",Frederick,MD,70,3.899,39.41427,-77.41054,city,
71838,71838,RUTTERS #24,SR-74 & SR-2069,Brogue,PA,70,4.099,39.883044,-76.488236,city,
71839,71839,RUTTERS #92,US-222 & SR-737,Kutztown,PA,90,3.699,40.521354,-75.777395,city,
71840,71840,NEON MARKETPLACE,"SR-79, EXIT 10",Fall River,MA,175,3.949,41.70149,-71.15505,city,
71841,71841,Quick Fuel #3193,US-69,Kansas City,KS,400,3.34566666,39.11417,-94.62746,city,
71844,71844,HD EXPRESS MART,US 20,Clyde,OH,550,3.379,41.302397,-82.991849,city,
71845,71845,ALLSUPS #2424,US 180,Millsap,TX,630,2.984,32.670019,-97.878386,city,
71848,71848,CLIFTON SUPER STOP,"I-16, EXIT 104",Metter,GA,195,3.249,32.401034,-82.060722,city,
71849,71849,TOOT N TOTUM #128,I-40 EXIT 57,Amarillo,TX,585,3.089,35.222,-101.8313,city,
71850,71850,CEDAR GROVE OASIS,"I-43, Exit 113",Cedar Grove,WI,444,3.239,43.575076,-87.840108,city,
71851,71851,PWI #164,I-35/US-77 & FM-3115,Abbott,TX,765,2.89233333,31.891642,-97.067146,city,
71852,71852,KWIK TRIP #1164,US-63,Spooner,WI,295,3.599,45.850468,-91.91555,city,
71853,71853,Landmark Travel Center,I-20 EXIT 301,Clyde,TX,575,2.90066666,32.380289,-99.518445,city,
71854,71854,EXXON DBA Pilot #1289,US 75 EXIT 72,Denison,TX,630,3.239,33.75566,-96.53666,city,
71855,71855,BYRNE DAIRY #136,I-90 Exit 37,Liverpool,NY,220,3.659,43.109925,-76.186999,city,
71856,71856,GO TIME #7,"I-75, EXIT 29",Corbin,KY,410,2.999,36.934429,-84.10208,city,
71857,71857,QUIKTRIP #1196,"I-20, EXIT 11 & SR-144",Graniteville,SC,135,3.159,33.563016,-81.814686,city,
71858,71858,QUIKTRIP #7224,"I-20, EXIT 112",West Monroe,LA,719,2.89233333,32.531726,-92.175971,city,
71859,71859,ALLSUPS #2415,SR 6,Meridian,TX,765,2.96566666,31.929022,-97.64433,city,
71860,71860,PILOT #1347,"I-59, EXIT 5A",Pearl River,LA,725,3.164,30.394448,-89.77315,city,
71862,71862,Loves Travel Stop #863,I-90 & SR-528,Madison,OH,305,3.849,41.805367,-81.058819,city,
71864,71864,MPC #30,"I-44, Exit 195",Saint James,MO,540,2.98566666,38.005622,-91.607565,city,
71865,71865,RACETRAC #574,"I-30, EXIT 68",Rockwall,TX,630,2.924,32.93123,-96.45971,city,
71866,71866,RACETRAC #2615,"I-65, EXIT 128",Louisville,KY,415,2.919,38.25424,-85.75941,city,
71867,71867,HOLIDAY STATIONSTORE #2653855,US-12,Aberdeen,SD,530,3.10733333,45.4647,-98.48648,city,
71868,71868,RACETRAC #2456,SR-44 & CR-491,Lecanto,FL,140,3.31566666,28.9303,-82.4905,city,
71869,71869,PORT FUEL CENTER,"I-516, EXIT 7B & SR-21",Port Wentworth,GA,195,3.18233333,,,,
71870,71870,Circle K #2706479,US-280,Sylacauga,AL,615,3.799,33.171675,-86.271257,city,
71871,71871,KWIK TRIP #1133,US-10 & SR-85,Durand,WI,295,3.43066666,44.630042,-91.929476,city,
71872,71872,KWIK STAR #1189,"I-80, EXIT 110",De Soto,IA,320,3.224,41.533285,-94.027582,city,
71873,71873,KWIK TRIP #1182,"I-35E, EXIT 123B",Hugo,MN,448,3.37733333,45.1628,-93.003493,city,
71874,71874,Rutters #85,I-76 & US-30,Bedford,PA,14,4.099,39.990838,-78.526071,city,
71875,71875,LOVES TRAVEL STOP #615,US-59 & US-79,Carthage,TX,618,3.10233333,32.154379,-94.352721,city,
71876,71876,LOVES TRAVEL STOP #861,"I-75, EXIT 72 & SR-72",Loudon,TN,285,3.58733333,35.729211,-84.34362,city,
71877,71877,LOVES TRAVEL STOP #859,"I-80, EXIT 116 & US-6",Morris,IL,290,3.789,41.367233,-88.417769,city,
71878,71878,LOVES TRAVEL STOP #872,SR-78 & CR-27,Lancaster,OH,315,3.27566666,39.71368,-82.59933,city,
71879,71879,Gas N Wash Schoolhouse,FM-74,New Lenox,IL,399,3.699,41.51198,-87.96561,city,
71883,71883,QUIKTRIP #4178,SR-130,Hutto,TX,595,2.91566666,30.5427,-97.54667,city,
71886,71886,QUIKTRIP #7136,US-17,Brunswick,GA,195,3.074,31.14995,-81.49149,city,
71887,71887,SHELL,I-80 & SR-63,Greenwood,NE,413,3.399,40.97064,-96.42584,city,
71888,71888,KJS ALPINE,US HWY 26,Alpine,WY,825,3.799,43.175278,-111.033889,city,
71889,71889,Payson Cardlock,SR 260 & SR 87,Payson,AZ,930,3.709,34.23087,-111.32514,city,
71890,71890,Carter Flagstaff Cardlock (Bulk Plant),I-40 Exit 198,Flagstaff,AZ,930,3.689,35.19807,-111.65127,city,
71892,71892,Tropic Fleet Bradenton Cardlock,US 301,Bradenton,FL,225,3.499,27.49893,-82.57482,city,
71893,71893,Tropic Fleet Rechtien Cardlock,SR-934,Miami,FL,95,3.471,25.77427,-80.19366,city,
71894,71894,Majors 663 Nacogdoches Truck Plaza,US-259 & US-59,Nacogdoches,TX,618,3.029,31.60351,-94.65549,city,
71897,71897,ONE9 XPRESS FUEL #1349,I-10 EXIT 140B,Van Horn,TX,640,3.459,31.042879,-104.832249,city,
71898,71898,Loves Travel Stop #867,I-55 Exit 165,Normal,IL,280,3.439,40.5142,-88.99063,city,
71899,71899,LOVES TRAVEL STOP #882,US-61/SR-92,Muscatine,IA,270,3.439,41.42447,-91.04321,city,
71902,71902,MURPHY EXPRESS #8928,FM-1472,Laredo,TX,693,2.84566666,27.50641,-99.50754,city,
71903,71903,ALLSUPS #2412,SR 199 W,Springtown,TX,630,2.919,32.966021,-97.634951,city,
71904,71904,SHEETZ #745,I-90 EXIT 212,Madison,OH,305,3.08233333,41.805367,-81.058819,city,
71906,71906,COMPASS TRAVEL CENTER,"I-65, EXIT 230",Demotte,IN,365,3.24233333,41.171319,-87.249129,city,
71909,71909,RACETRAC #2604,I-75 Exit 126,Mcdonough,GA,67,3.199,33.44734,-84.14686,city,
71910,71910,KWIK TRIP #793,"I-35, EXIT 59",Faribault,MN,448,3.424,44.29496,-93.26883,city,
71911,71911,MAVERIK COUNTRY STORE #706,SR-10,Castle Dale,UT,835,3.439,39.212222,-111.018889,city,
71912,71912,FUEL CITY WYLIE,SR-78,Wylie,TX,630,2.96566666,33.01512,-96.53888,city,
71913,71913,Circle K #4702456,I-69,Martinsville,IN,375,3.599,39.447646,-86.42901,city,
71914,71914,HUCKS FOOD & Fuel #309,I-169 Exit 8,Hopkinsville,KY,490,3.474,36.86561,-87.49117,city,
71916,71916,Spinx 317,US-17 ALT,Moncks Corner,SC,42,3.31233333,33.163071,-80.036576,city,
71919,71919,THE SPORTSMAN 2 TRAVEL PLAZA,I-35 EXIT 480,Sanger,TX,630,2.97566666,33.356266,-97.181432,city,
71922,71922,Plaza of The Flint Hills,I-70 Exit 32B,Alma,KS,553,3.299,39.009206,-96.292323,city,
71923,71923,SHEETZ #740,US-23 & SR-752,Ashville,OH,315,3.10233333,39.731576,-82.944567,city,
71924,71924,JIFFY,I-80 Exit 60,Shippenville,PA,240,4.13233333,41.247491,-79.433199,city,
71925,71925,QUIKTRIP #7140,"I-24, EXIT 175 & US-41",Chattanooga,TN,285,2.91566666,35.04563,-85.30968,city,
71926,71926,QUIKTRIP #186,SR-150,Grandview,MO,400,3.199,38.88584,-94.53301,city,
71927,71927,Allsups Convenience #2420,US 283,Altus,OK,770,2.979,34.63813,-99.33398,city,
71929,71929,STUCKEYS TRAVEL CENTER,I-10 & FM-365,Beaumont,TX,610,2.824,30.08605,-94.10185,city,
71931,71931,QUIKTRIP #7071,I-75 & SR-133/401,Valdosta,GA,10,3.03233333,30.83334,-83.28032,city,
71932,71932,MCCLURE OIL #60,US 35,Logansport,IN,370,3.799,40.75448,-86.35667,city,
71933,71933,RHODES CONVENIENCE STORES,US-62,Sikeston,MO,275,3.35066666,36.87672,-89.58786,city,
71934,71934,SHEETZ #759,I-71 & SR-734,Jeffersonville,OH,315,3.06566666,39.65896,-83.56873,city,
71935,71935,SPEEDWAY #1695,I-87 EXIT 23,Albany,NY,12,3.849,42.65258,-73.75623,city,
71936,71936,QUIKTRIP #7907,I-44 EXIT 1D,Wichita Falls,TX,770,2.859,33.91371,-98.49339,city,
71937,71937,KWIK TRIP #1173,CR-10,Waconia,MN,451,3.60733333,44.851029,-93.7784,city,
71941,71941,RACETRAC #2628,I-85 EXIT 62 & US-280,Opelika,AL,50,2.999,32.64541,-85.37828,city,
71942,71942,BYRNE DAIRY #135,I-81 & SR-481,Liverpool,NY,220,4.199,43.109925,-76.186999,city,
71943,71943,DK #11823,I-20 & FM-1768,Midland,TX,612,2.98233333,31.99735,-102.07791,city,
71944,71944,DK #13903,SR-108,Texarkana,AR,635,3.04066666,33.44179,-94.03769,city,
71945,71945,DK #13904,I-40 EXIT 233 & SR-261,Palestine,AR,695,3.01566666,34.966346,-90.904929,city,
71946,71946,Allsups #102450,US-87,Eden,TX,739,3.179,31.219219,-99.840658,city,
71947,71947,PETRO USA,I-76 EXIT 2 & SR-3,Seville,OH,305,3.079,41.022731,-81.856199,city,
71948,71948,19 AND 75 FILLING STATION,US-75 & SR-19,Ivanhoe,MN,432,3.394,44.507119,-96.226059,city,
71949,71949,24 STORE SHELBY,SR-61,Shelby,OH,249,3.499,40.878432,-82.654949,city,
71950,71950,77/36 DUCHESS,I-77 & US-36,Newcomerstown,OH,542,3.299,40.273895,-81.593969,city,
71951,71951,7-ELEVEN #39448,I-81 & SR-682,Mount Crawford,VA,185,3.31566666,38.345656,-78.895679,city,
71953,71953,ALEX'S TRUCK STOP,US-61,Tunica,MS,435,3.299,34.688355,-90.368515,city,
71957,71957,B&M Quickstop,SR-8,Mineral Point,MO,540,3.699,37.915555,-90.719324,city,
71958,71958,BELL STORES,I-77 & CR-80,Dover,OH,249,3.399,40.534338,-81.476321,city,
71960,71960,BELL STORES #1159,US-30 & CR-144,Wooster,OH,249,3.659,40.80517,-81.93646,city,
71961,71961,BELL STORES #54,US-250 & SR-241,Mount Eaton,OH,249,3.499,40.694444,-81.703333,city,
71962,71962,BELLSTORES,SR-598,Galion,OH,315,3.499,40.730316,-82.793943,city,
71965,71965,CIRCLE K #2709989,US-167 & CR-405,Sheridan,AR,695,3.599,34.316527,-92.365713,city,
71966,71966,BLACK DIAMOND TRAVEL CENTER,I-26 & SR-173,Unicoi,TN,405,3.40233333,36.206585,-82.321957,city,
71967,71967,BLOC STOP TRAVEL CENTER,US-19 & SR-133,ALBANY,GA,10,3.799,31.57851,-84.15574,city,
71968,71968,BLONDIES FOOD AND FUEL,US-90 & SR-69,Grand Ridge,FL,20,3.59066666,30.714831,-85.020954,city,
71969,71969,BORDERVIEW GROCERY,US-11 & CR-19,Champlain,NY,39,3.799,44.977292,-73.446603,city,
71970,71970,BLUE BIRD 3 EXPRESS,"US-78, EXIT 1",Olive Branch,MS,435,3.199,34.96176,-89.82953,city,
71971,71971,BOUND BROOK BP,I-287 Exit 13B & SR-28,Bound Brook,NJ,202,3.249,40.568115,-74.539735,city,
71972,71972,BOWMAN,I-81 Exit 1,Williamsport,MD,22,3.83233333,39.593023,-77.808705,city,
71973,71973,SHEETZ #703,I-40 & US-70,Garner,NC,177,2.859,35.71126,-78.61417,city,
71975,71975,BP,I-81 & SR-177,Christiansburg,VA,185,3.799,37.12985,-80.40894,city,
71976,71976,Loves Travel Stop #828,"I-295, EXIT 33",Jacksonville,FL,75,3.28233333,30.33218,-81.65565,city,
71977,71977,BP,SR-47,Sugar Grove,IL,296,3.599,41.774113,-88.439721,city,
71978,71978,BP,I-29 & US-34,Pacific Junction,IA,319,3.399,41.027123,-95.804645,city,
71979,71979,KENT KWIK #219,SR-338,Odessa,TX,710,3.00733333,31.84568,-102.36764,city,
71980,71980,KENT KWIK #433,US-87,San Angelo,TX,739,3.13233333,31.46377,-100.43704,city,
71981,71981,SHEETZ #488,US-13 & US-264,Greenville,NC,205,2.899,35.61266,-77.36635,city,
71982,71982,MAVERIK COUNTRY STORE #665,SR-201,Magna,UT,835,3.399,40.70911,-112.10161,city,
71983,71983,MAVERIK COUNTRY STORE #702,I-80 Exit 59,Sidney,NE,475,3.11233333,41.142778,-102.9775,city,
71984,71984,BP,I-43 & SR-11,Elkhorn,WI,420,3.149,42.700928,-88.546209,city,
71985,71985,Brew #12,US-20 & SR-31,Correctionville,IA,527,3.559,42.474322,-95.780382,city,
71988,71988,C AND W GLOBAL,SR-429 & SR-438,Winter Garden,FL,140,3.074,28.56528,-81.58618,city,
71990,71990,Allsups #2418,US-84,Snyder,TX,612,2.97233333,32.715105,-100.907485,city,
71991,71991,TA Express Fairview #943,US 36,Fairview,KS,570,3.299,39.844504,-95.711012,city,
71992,71992,7-ELEVEN #41263,US-13,Bridgeville,DE,243,3.399,38.736628,-75.608768,city,
71994,71994,7-ELEVEN #42058,SR-572,Lakeland,FL,225,3.48233333,28.03947,-81.9498,city,
71995,71995,Chevron,"I-40, EXIT 218 & US-285",Clines Corners,NM,593,3.41566666,35.009444,-105.668611,city,
71996,71996,BP,"I-43, EXIT 164 & CR-Z",Maribel,WI,360,3.249,44.285151,-87.805482,city,
71997,71997,7-ELEVEN #41287,SR-29,Immokalee,FL,64,3.679,26.41869,-81.4173,city,
71999,71999,7-ELEVEN #41813,"I-85, EXIT 60",Duncan,SC,46,3.099,34.917645,-82.125821,city,
72000,72000,7-ELEVEN #41309,US-41,Nokomis,FL,225,3.379,27.118889,-82.444444,city,
72001,72001,7-Eleven #41963,"I-65, EXIT 98",Goodlettsville,TN,460,3.049,36.32311,-86.71333,city,
72003,72003,7-ELEVEN #42012,"I-77, EXIT 24 & US-21",Blythewood,SC,210,3.109,34.191112,-80.975756,city,
72004,72004,7-ELEVEN #41578,US-13,Seaford,DE,243,3.359,38.640358,-75.604122,city,
72006,72006,CIRCLE K #4707123,SR-2,Canaan,ME,26,3.759,44.744976,-69.549777,city,
72008,72008,CASHS #4469,US-278 & US-63,Warren,AR,635,3.499,33.613983,-92.077824,city,
72009,72009,CEFCO #1059,SR-274,Kemp,TX,641,2.909,32.369146,-96.257768,city,
72011,72011,CEFCO #107,US 190,Lampasas,TX,595,2.899,31.067957,-98.183361,city,
72012,72012,CEFCO #108,US-77,Waco,TX,765,2.99233333,31.54933,-97.14667,city,
72013,72013,CEFCO #1081,US-59,Queen City,TX,723,3.024,33.18736,-94.154825,city,
72014,72014,CEFCO #1086,US-259,Longview,TX,766,2.959,32.5007,-94.74049,city,
72015,72015,CEFCO #1096,US-82,Paris,TX,723,2.96566666,33.66094,-95.55551,city,
72016,72016,Cefco #11,US-84,Waco,TX,765,2.99566666,31.54933,-97.14667,city,
72017,72017,CEFCO #1102,SR-24 & SR-286,Paris,TX,723,2.96566666,33.66094,-95.55551,city,
72018,72018,CEFCO #2071,US-377 & FM-381,Early,TX,739,2.92566666,31.741944,-98.945278,city,
72019,72019,CEFCO #2081,US-84,Post,TX,700,2.94233333,33.201695,-101.39216,city,
72020,72020,CEFCO #2082,SR-206 & SR-36,Cross Plains,TX,575,3.159,32.148159,-99.18718,city,
72021,72021,CEFCO #30,US-77 & SR-320,Lott,TX,765,3.011,31.192462,-97.058143,city,
72022,72022,CEFCO #65,US-84 & FM-116,Gatesville,TX,765,2.96566666,31.43516,-97.74391,city,
72024,72024,CENEX,US-2,Stanley,ND,452,3.58233333,48.319189,-102.392802,city,
72025,72025,CENEX,US-2,Devils Lake,ND,355,3.24066666,48.113162,-98.861588,city,
72026,72026,CENEX,"I-94, EXIT 84 & SR-8",Richardton,ND,273,3.509,46.842614,-102.292004,city,
72028,72028,CENEX,US-52 & SR-15,Fessenden,ND,390,3.531,47.628644,-99.643361,city,
72029,72029,CENEX,SR-40,Tioga,ND,452,3.57566666,48.392009,-102.961281,city,
72030,72030,CENEX,I-90 & SR-51,Gillette,WY,822,3.489,44.29109,-105.50222,city,
72031,72031,CENEX HARWOOD,"I-29/US-81, EXIT 72",Harwood,ND,341,3.359,46.996497,-96.900973,city,
72033,72033,CHARLIE BS,SR-246,Greenwood,SC,30,2.987,34.1954,-82.16179,city,
72034,72034,CHARLIES MARKET,SR-172,Salt Lake City,UT,835,3.459,40.76078,-111.89105,city,
72038,72038,CHEVRON,I-55 & SR-570,McComb,MS,759,3.28233333,31.221594,-90.432449,city,
72039,72039,CHEVRON,SR-20 & SR-65,Hosford,FL,145,3.299,30.363875,-84.805433,city,
72041,72041,CHEVRON,SR-20 & SR-71,Blountstown,FL,145,3.299,30.4394,-85.062022,city,
72044,72044,Maverik Country Store #709,I-40 Exit 163,Williams,AZ,930,3.219,35.249842,-112.190623,city,
72045,72045,MAVERIK COUNTRY STORE #710,US-6,Helper,UT,835,3.44566666,39.673684,-110.856,city,
72046,72046,CHEVRON DBA ONE9 #1429,US-30 & US-95,Fruitland,ID,785,3.370666665,44.002658,-116.914259,city,
72054,72054,CHEVRON,US-45,Guntown,MS,742,3.299,34.429882,-88.701059,city,
72060,72060,CHEVRON FOOD MART #20,US-45 & SR-16,Scooba,MS,705,3.199,32.840197,-88.488272,city,
72063,72063,CIRCLE K #2655785,US-301,Upper Marlboro,MD,60,3.999,38.837717,-76.798028,city,
72066,72066,CIRCLE K #2741094,SR-46,Seguin,TX,740,2.959,29.56884,-97.96473,city,
72067,72067,CIRCLE K #2741822,US-90 & FM-471,Castroville,TX,740,2.91233333,29.35532,-98.882391,city,
72071,72071,7-Eleven #42182,Ashley Phosphate Rd & Cross Country Rd,North Charleston,SC,42,3.459,32.85462,-79.97481,city,
72072,72072,PARKERS #92,SR 17,Guyton,GA,195,2.999,32.31399,-81.389593,city,
72073,72073,CIRCLE K #2723791,I-85 & SR-54,Graham,NC,65,3.609,36.030967,-79.381384,city,
72074,72074,CIRCLE K #2741566,US-84 & FM-2837,Woodway,TX,765,2.999,31.505074,-97.231062,city,
72075,72075,CITGO SAMS FOOD STORE,"US-5, Exit 87",Hartford,CT,100,3.499,41.76371,-72.68509,city,
72077,72077,COLDWATER TRAVEL CENTER,I-55 & SR-306,Coldwater,MS,435,3.099,34.692362,-89.986882,city,
72078,72078,STRIPES #42150,"I-69C, Exit 9 & US-281",Edinburg,TX,598,3.00566666,26.30174,-98.16334,city,
72080,72080,Corner Store,US-180/62,Seminole,TX,710,3.129,32.721045,-102.682761,city,
72081,72081,STRIPES #2146,US-181 & SR-361,Ingleside,TX,625,3.299,27.868238,-97.206906,city,
72082,72082,COUNTRYMARK,SR-124,Bluffton,IN,370,3.76566666,40.736837,-85.162199,city,
72083,72083,DANDY DANS,US-49/SR-42,Hattiesburg,MS,620,3.06566666,31.32712,-89.29034,city,
72084,72084,DANDY MINI MART #60,US-6 & SR-14,Troy,PA,31,3.999,41.77815,-76.771143,city,
72086,72086,DELT EXPRESS,SR-52,SAMSON,AL,127,3.699,31.104918,-86.067416,city,
72087,72087,DELTA,US-9,Jersey City,NJ,115,3.239,40.72816,-74.07764,city,
72089,72089,CASEYS #4567,SR-55,Columbia,KY,410,3.159,37.116408,-85.269265,city,
72090,72090,DOMINO #128,US-81 & SR-66,El Reno,OK,483,3.199,35.53227,-97.95505,city,
72091,72091,DUCK THRU FOOD STORE #54,US-64,Columbia,NC,470,3.523,35.905664,-76.234481,city,
72092,72092,DUCK THRU FOOD STORE #57,SR-42/SR-43,Pinetops,NC,205,3.574,35.819611,-77.691952,city,
72096,72096,EXPRESS #29,SR-29,East Dublin,GA,85,3.63233333,32.5475,-82.868333,city,
72097,72097,EXPRESSWAY SERVICE STATION,US-287 & SR-25,Electra,TX,770,2.999,34.036234,-98.91545,city,
72100,72100,Exxon,"I-22/US-78, Exit 10 & SR-178",Byhalia,MS,435,3.199,34.885351,-89.676332,city,
72101,72101,EXXON,US-24,Redford,MI,325,3.699,42.38337,-83.2966,city,
72104,72104,LOVES TRAVEL STOP #170,I-44 EXIT 166 & SR-18,CHANDLER,OK,483,3.08733333,35.704253,-96.858266,city,
72105,72105,LOVES TRAVEL STOP #171,SR-375 & SR-31,McAlester,OK,560,3.43733333,34.93343,-95.76971,city,
72106,72106,Loves Country Store #118,US-77 & SR-29,Wynnewood,OK,569,2.989,34.63847,-97.176952,city,
72108,72108,FARMERS UNION OIL OF CARPIO,US-52 & SR-28,Carpio,ND,452,3.384,48.432299,-101.711943,city,
72110,72110,FAST STOP,US-84 & CR-1800,Lubbock,TX,700,2.999,33.57786,-101.85517,city,
72111,72111,FAST STOP,"I-40, Exit 81 & FM-1912",Amarillo,TX,585,2.944,35.222,-101.8313,city,
72112,72112,Flyers #3219,US-60,Claypool,AZ,930,3.849,33.411111,-110.841944,city,
72113,72113,Food N Fuel,US-6 & CR-4,New Lenox,IL,296,3.449,41.51198,-87.96561,city,
72114,72114,Gas House,"I-77, Exit 49B",Statesville,NC,46,3.424,35.78264,-80.8873,city,
72115,72115,FRIENDSHIP FOOD & FUEL,SR-15 & CR-244,Ecru,MS,576,3.799,34.337106,-88.955956,city,
72116,72116,FRIENDSHIP FOOD MART #90,I-90 & SR-57,Elyria,OH,305,3.779,41.36838,-82.10765,city,
72118,72118,GAS N WASH,I-355 & SR-7,HOMER GLEN,IL,296,3.599,41.60003,-87.93811,city,
72119,72119,Gas N Wash Cicero,SR-50,Berwyn,IL,291,3.584,41.85059,-87.79367,city,
72120,72120,GAS PRO TRAVEL CENTER,US-301/25,Statesboro,GA,195,3.129,32.44879,-81.78317,city,
72122,72122,KWIK TRIP #1115,US-63 & US-8,Turtle Lake,WI,295,3.65566666,45.421349,-92.178142,city,
72124,72124,GET GO #3016,I-376 & SR-18,Monaca,PA,96,5.499,40.671847,-80.291743,city,
72125,72125,GETGO #7520,I-65 & US-31,Edinburgh,IN,375,3.359,39.362601,-85.970712,city,
72126,72126,GETGO #7526,I-69 & SR-332,Yorktown,IN,457,3.343,40.183581,-85.495995,city,
72128,72128,GETGO #7545,I-65 & SR-400,Whitestown,IN,375,3.30233333,40.00002,-86.350716,city,
72130,72130,GILBERTS SHELL,SR-72 & CR-59,Gilberts,IL,290,3.279,42.098377,-88.369089,city,
72132,72132,GO TIME 4,I-64 Exit 94 & SR-1958,Winchester,KY,410,2.90733333,37.99008,-84.17965,city,
72134,72134,Gulf,US-422 & SR-528/168,Parkman,OH,573,3.649,41.370556,-81.065278,city,
72136,72136,HANA TRAVEL CENTER,"I-30, EXIT 153 & SR-185",Winfield,TX,723,3.079,33.161498,-95.078984,city,
72139,72139,HOLMES EXPRESS,US-78 & SR-175,Memphis,TN,435,3.399,35.14953,-90.04898,city,
72142,72142,CASEYS #3990,"I-90E, exit 96 and SR-17",Elkhart,IN,465,3.629,41.68199,-85.97667,city,
72143,72143,Caseys #4023,US 36 & US 183,Phillipsburg,KS,357,3.29233333,39.762333,-99.33284,city,
72144,72144,HUCKS FOOD & FUEL #397,US-68 & SR-432,Bowling Green,KY,487,3.499,36.99032,-86.4436,city,
72145,72145,JP ZEBULON,US-19,Zebulon,GA,67,3.135,33.100235,-84.310827,city,
72146,72146,HUTTER'S,SR-72,Jonestown,PA,70,3.719,40.43607,-76.503842,city,
72148,72148,IRON HORSE TRAVEL CENTER,I-20 EXIT 270 & FM-1235,Merkel,TX,575,2.87566666,32.444371,-99.992443,city,
72149,72149,IVOR MART,US-460,Hopewell,VA,180,3.699,37.30432,-77.2872,city,
72150,72150,J AND R MARKET,SR-105 & SR-326,Sour Lake,TX,610,3.159,30.149134,-94.373341,city,
72153,72153,Jet Food Store,SR-15 & SR-46,Soperton,GA,85,3.41566666,32.386861,-82.587098,city,
72154,72154,JET FOOD STORE #93,US-280 & SR-135,Vidalia,GA,195,3.43233333,32.193408,-82.406724,city,
72155,72155,JIFFY TRIP #142,US-77,Newkirk,OK,500,3.059,36.887425,-97.05133,city,
72156,72156,JORDANS KWIK STOP #5,US-412,Portia,AR,418,3.37566666,36.080699,-91.068004,city,
72157,72157,JORDANS KWIK STOP #52,US-67 & SR-304,Pocahontas,AR,418,3.31233333,36.282876,-90.996782,city,
72160,72160,KENJO MARKET #52,US-321,Maryville,TN,405,3.249,35.75647,-83.97046,city,
72162,72162,Krazy K's,US-45,Buckatunna,MS,620,3.149,31.507976,-88.52573,city,
72163,72163,KWIK FILL,US-206,Hillsborough,NJ,115,3.399,40.4776,-74.62682,city,
72170,72170,STRIPES # 41977,"I-2, EXIT 168",La Feria,TX,639,3.219,26.166556,-97.826115,city,
72171,72171,LAWTEY SHELL SERVICE,US-301,Lawtey,FL,75,3.599,30.047164,-82.105544,city,
72175,72175,ALLSUPS #2410,"I-35/US-77, EXIT 368 & SR-22",Whitney,TX,765,2.96566666,31.959201,-97.33495,city,
72180,72180,LITTLEFIELD EXPRESS #4,I-40 Exit 321,Muldrow,OK,645,3.419,35.401985,-94.633216,city,
72181,72181,LITTLEFIELD EXPRESS #7,US-167,Cave City,AR,418,3.349,35.951684,-91.544432,city,
72182,72182,LULING MINI MART,I-10 Exit 628 & SR-80,Luling,TX,595,2.96566666,29.682621,-97.649947,city,
72184,72184,MACS 33,US-49,Florence,MS,620,2.899,32.153002,-90.121672,city,
72185,72185,Circle K #2709332,US-231/SR-53,Montgomery,AL,720,3.259,32.36681,-86.29997,city,
72188,72188,MARATHON,US-61 & SR-637,Reserve,LA,623,3.749,30.060255,-90.551773,city,
72189,72189,MARATHON,I-75 & CR-20,Middletown,OH,317,3.21566666,39.51506,-84.39828,city,
72190,72190,Minuteman Food Mart #37,US-74,Leland,NC,245,3.389,34.25628,-78.04471,city,
72191,72191,MARATHON RIVERSIDE GAS,I-80 & CR-6,Elkhart,IN,465,3.499,41.68199,-85.97667,city,
72192,72192,MASSEY FUEL,"I-95, EXIT 30",Bridgeport,CT,100,3.399,41.17923,-73.18945,city,
72193,72193,MERRIMAN COUNTRY STORE,SR-1 & CR-3700,Allen,OK,569,3.099,34.850176,-96.558462,city,
72194,72194,Mobil,I-57,Riverdale,IL,365,3.699,41.6503,-87.6319,city,
72195,72195,MOBIL,US-46,Columbia,NJ,90,3.079,40.938805,-75.054983,city,
72196,72196,MORGAN OIL,US-224 & CR-231,Lowellville,OH,573,3.399,41.050256,-80.541551,city,
72197,72197,MOTOMART #3369,SR-370 E,Saint Charles,MO,540,3.04233333,38.78394,-90.48123,city,
72199,72199,MPC #99A,I-270 Exit 22B,Hazelwood,MO,540,3.059,38.77144,-90.37095,city,
72200,72200,Swift Mart,I-55/SR-7 & US-51,Grenada,MS,655,3.36566666,33.775094,-89.808738,city,
72201,72201,MUDD CREEK COUNTRY STORE,US-79,Franklin,TX,670,3.194,31.035013,-96.442643,city,
72202,72202,MUSTANG MARKET,I-80 Exit 73,Sparks,NV,966,4.199,39.53491,-119.75269,city,
72205,72205,NIC'S,SR-97,Bainbridge,GA,20,3.379,30.9355,-84.5809,city,
72206,72206,NORTHLAKE BP,I-294 & US-45,Melrose Park,IL,290,3.649,41.90059,-87.85673,city,
72207,72207,NZT,I-294,Alsip,IL,365,3.489,41.66892,-87.73866,city,
72210,72210,CITGO,US-70,Princeton,NC,205,3.699,35.455833,-78.167368,city,
72212,72212,PARKERS #72,US-52 & SR- 402,Moncks Corner,SC,42,3.25566666,33.163071,-80.036576,city,
72215,72215,PIT STOP #1,SR-31 & SR-34,Weedsport,NY,220,3.899,43.048882,-76.542502,city,
72216,72216,Pit Stop #14,US-20/US-16,Worland,WY,836,3.829,44.013796,-107.95626,city,
72217,72217,PIEDMONT PETROLEUM,US-501,Lynchburg,VA,185,3.459,37.41375,-79.14225,city,
72219,72219,QUICK FILL,US-78/SR-4,Eastaboga,AL,587,3.099,33.603132,-85.96075,city,
72222,72222,RAINY LAKE OIL,CR-332 & CR-24,International Falls,MN,334,3.379,48.583398,-93.40609,city,
72224,72224,RAYMOND TRUCK STOP,US-1/US-9,Newark,NJ,115,3.259,40.73566,-74.17237,city,
72225,72225,SHEETZ #144,US-220 & SR-55,Moorefield,WV,60,3.289,39.056812,-78.97793,city,
72226,72226,REBEL GAS MART,SR-7,Oxford,MS,435,3.049,34.3665,-89.51925,city,
72227,72227,RED BANKS VALERO,I-22 & SR-178,Red Banks,MS,435,2.999,34.875039,-89.519839,city,
72228,72228,REFUEL #1043,US-15,Sumter,SC,42,3.09566666,33.92044,-80.34147,city,
72229,72229,REFUEL #1047,US-521,Sumter,SC,42,3.00566666,33.92044,-80.34147,city,
72230,72230,REFUEL #1116,US-64,Apex,NC,177,3.799,35.73265,-78.85029,city,
72231,72231,RENO JUNCTION TRAVEL PLAZA,SR-59 & SR-387,Wright,WY,822,3.509,43.829349,-105.532327,city,
72232,72232,RICKY ROCKETS FUEL,I-294 & US-12,HICKORY HILLS,IL,291,3.949,41.726228,-87.828893,city,
72233,72233,ROAD RANGER #284,I-27 & FM-1729,New Deal,TX,700,2.98566666,33.737222,-101.836111,city,
72235,72235,ROC ONE STOP #1,SR-34,Galatia,IL,473,3.559,37.827444,-88.623488,city,
72236,72236,ROYAL FARMS #108,US-13,Cape Charles,VA,130,3.47233333,37.279874,-75.972129,city,
72237,72237,ROYAL FARMS #135,SR-404 & SR-16,Denton,MD,194,3.339,38.877928,-75.836071,city,
72238,72238,ROYAL FARMS #169,I-895 & US-40,Baltimore,MD,22,3.259,39.29038,-76.61219,city,
72239,72239,ROYAL FARMS #171,US-13 & SR-24,Laurel,DE,194,3.259,38.553695,-75.563052,city,
72240,72240,ROYAL FARMS #191,I-83 Exit 20A,Hunt Valley,MD,22,4.199,39.49983,-76.64108,city,
72241,72241,ROYAL FARMS #242,I-95 Exit 27,Philadelphia,PA,160,3.799,39.95238,-75.16362,city,
72242,72242,ROYAL FARMS #311,SR-7 & SR-43,Nottingham,MD,22,3.269,39.391412,-76.487106,city,
72243,72243,Racetrac #2611,"I-65, EXIT 116",Shepherdsville,KY,415,2.959,38.004515,-85.688767,city,
72247,72247,SEVEN MART,I-20 & SR-17,Delhi,LA,719,3.199,32.450433,-91.512487,city,
72248,72248,SHELBY EXPRESS,SR-175,Memphis,TN,435,3.699,35.14953,-90.04898,city,
72250,72250,RACEWAY #6854,US-278 & SR-113,Rockmart,GA,18,3.17233333,33.997912,-85.05937,city,
72251,72251,SHELL,I-94 & US-12,Detroit,MI,325,3.799,42.33143,-83.04575,city,
72256,72256,SHELL,US-1,Warren,ME,203,3.999,44.127066,-69.247894,city,
72257,72257,DUCK THRU #55,US-13BYP & SR-308,Windsor,NC,205,3.239,36.015881,-76.933612,city,
72259,72259,SHELL,SR-72 & SR-25,Dundee,IL,293,3.279,42.096197,-88.290202,city,
72260,72260,Duck Thru #58,US-13 & CR-677,Suffolk,VA,130,3.449,36.72836,-76.58496,city,
72261,72261,SHELL,US-45 & CR-520,Shannon,MS,742,3.199,34.121035,-88.734206,city,
72262,72262,7-ELEVEN #38855,"I-95, exit 58",Colonial Heights,VA,180,3.509,37.26804,-77.40726,city,
72263,72263,SPARTAN FUELS,US-80 & SR-22,Columbus,GA,50,3.309,32.46098,-84.98771,city,
72264,72264,CIRCLE K #2654249,SR 24 & SR 286,Paris,TX,723,2.959,33.66094,-95.55551,city,
72266,72266,SHELL SERVICE STATION,I-65 Exit 14 & US-64,Pulaski,TN,655,3.209,35.209274,-87.039263,city,
72267,72267,SHELL SERVICE STATION,I-90 Exit 52,Elgin,IL,290,3.279,42.03725,-88.28119,city,
72268,72268,SHORT STOP,US-67/283,Santa Anna,TX,575,3.499,31.721477,-99.321197,city,
72273,72273,SPINX #341,SR-41,Charleston,SC,42,3.33233333,32.77657,-79.93092,city,
72274,72274,SPINX #366,SR-642,Summerville,SC,42,3.279,33.0185,-80.17565,city,
72276,72276,STAR 001,US-20 & SR-23,SOUTH BEND,IN,465,3.73233333,41.68338,-86.25001,city,
72277,72277,STOP N GAS,SR-15 & SR-39,Yorkshire,NY,38,4.099,42.53,-78.473056,city,
72278,72278,SUN DO,I-74 Exit 197,Maxton,NC,63,3.439,34.733435,-79.309725,city,
72279,72279,AMOCO,US-30,Clarence,IA,380,3.399,41.88958,-91.060457,city,
72281,72281,SUNOCO,I-95 Exit 77B & SR-24,Edgewood,MD,22,3.299,39.41872,-76.2944,city,
72282,72282,SUNOCO,I-278 Exit 48,Bronx,NY,105,4.539,40.8222,-73.921735,city,
72285,72285,CUSSETA TRAVEL CENTER,SR 520,Cusseta,GA,50,3.199,32.299026,-84.764537,city,
72287,72287,CASEY'S #4522,US-81,Hennessey,OK,483,3.059,36.086848,-97.892595,city,
72288,72288,S&G #88,I-475 Exit 13 & US-20,Toledo,OH,550,3.009,41.66394,-83.55521,city,
72289,72289,SUNOCO,SR-12 & FM-1136,Orange,TX,610,2.899,30.09299,-93.73655,city,
72290,72290,SUNSTOP,US-19,Thomasville,GA,20,3.28233333,30.83658,-83.97878,city,
72291,72291,Union 76,US-129,Mc Alpin,FL,75,3.659,30.150899,-82.966182,city,
72292,72292,SUNSTOP #336,SR-121 & CR-18,Lake Butler,FL,75,3.59233333,28.50167,-81.54091,city,
72293,72293,SUNSTOP INLAND DBA ONE9 #1402,I-10 & SR-71,Marianna,FL,20,3.299,30.758587,-85.229367,city,
72294,72294,SWANTON SUNOCO,I-89 & SR-78,Swanton,VT,39,3.539,44.916754,-73.121124,city,
72295,72295,SWIFT,US-69,Nederland,TX,610,2.98566666,29.97438,-93.9924,city,
72296,72296,SWIFT STOP #5,US-84 & US-380,Post,TX,700,2.943,33.201695,-101.39216,city,
72297,72297,T & M FOOD STORE,SR-113,Taylorsville,GA,193,3.367,34.122941,-84.973859,city,
72298,72298,TARZAN AND JANE,I-20 & SR-137,Stanton,TX,612,3.299,32.139992,-101.809887,city,
72302,72302,TEXACO,SR-114 & SR-156,Pennington,AL,705,3.19733333,32.226245,-88.0931,city,
72303,72303,TEXACO #378602,I-59 Exit 85 & SR-590,Ellisville,MS,620,3.199,31.579663,-89.223073,city,
72305,72305,THE ANCHOR,US-60 & CR-3500,Mountain View,MO,535,3.03233333,36.989197,-91.709937,city,
72308,72308,Racetrac #2609,SR-60,Okeechobee,FL,140,3.299,27.311532,-80.847853,city,
72309,72309,Racetrac #2608,"I-59, EXIT 181 & SR-77",Gadsden,AL,587,2.999,34.01434,-86.00639,city,
72310,72310,RACETRAC #2387,US-19,Hudson,FL,225,3.31566666,28.364763,-82.675669,city,
72313,72313,THOMPSON'S CORNER,US-25,Millen,GA,135,3.31566666,32.787739,-81.961807,city,
72314,72314,THORNTONS #0333,SR-59 & SR-56,Warrenville,IL,346,3.574,41.828046,-88.19213,city,
72315,72315,THORNTONS #221343,US-14 & SR-31,Crystal Lake,IL,293,3.474,42.24113,-88.3162,city,
72316,72316,THORNTONS #221344,SR-120,Mchenry,IL,297,3.674,42.33335,-88.26675,city,
72317,72317,THORNTONS #261169,SR-1747 & SR-2052,Louisville,KY,415,3.28066666,38.25424,-85.75941,city,
72318,72318,THORNTONS #330,I-55 & SR-50,Cicero,IL,290,3.574,41.84559,-87.75394,city,
72319,72319,THORNTONS #5,I-55 & SR-50,Cicero,IL,290,3.624,41.84559,-87.75394,city,
72320,72320,THORNTONS #616,SR-265,Lebanon,TN,460,2.87566666,36.20811,-86.2911,city,
72321,72321,Thorntons #617,I-24 Exit 64,La Vergne,TN,460,2.88233333,36.01562,-86.58194,city,
72324,72324,TREE CITY TRAVEL PLAZA,US-421,Greensburg,IN,375,3.989,39.331223,-85.473532,city,
72325,72325,TREX MART #17,I-29 & SR-371,Platte City,MO,400,2.999,39.360171,-94.788972,city,
72326,72326,CIRCLE K #4700101,I-65 Exit 50,Seymour,IN,375,3.499,38.95922,-85.89025,city,
72328,72328,Tropic Fleet Hialeah Cardlock,SR-953 & SR-934,Miami,FL,95,3.479,25.77427,-80.19366,city,
72329,72329,TROTTERS,SR-2,Broken Bow,NE,475,3.299,41.412586,-99.635452,city,
72330,72330,TRUE NORTH #325,SR-57 & SR-113,Elyria,OH,414,3.679,41.36838,-82.10765,city,
72331,72331,TUPELO TRAVEL STOP,SR-48 & SR-3,Tupelo,OK,569,2.999,34.559809,-96.427365,city,
72332,72332,TXB #82 DBA KWIK CHEK FOOD STORES,US-83,Asherton,TX,693,3.259,28.436421,-99.748611,city,
72333,72333,UNITED MARKET,US-84,Blackshear,GA,75,3.76566666,31.293063,-82.261708,city,
72335,72335,VALERO,US-30 & SR-598,Galion,OH,411,3.499,40.730316,-82.793943,city,
72337,72337,VALLEY COUNTRY STORE,I-84 & US-93,Jerome,ID,787,3.43233333,42.71784,-114.501244,city,
72338,72338,VALLEY MART #05,US-90 & SR-173,Hondo,TX,740,3.199,29.356065,-99.127637,city,
72339,72339,VP RACING FUEL,US-231,Panama City,FL,145,3.499,30.15946,-85.65983,city,
72340,72340,WARREN OIL,US-6,Channahon,IL,399,3.704,41.434664,-88.213786,city,
72342,72342,WHITE RIVER,US-231 & SR-58,Bloomfield,IN,546,3.759,39.029542,-86.867549,city,
72343,72343,WOLF DEN,US-97,Wapato,WA,925,3.409,46.45066,-120.426484,city,
72344,72344,WOW FOOD MART,I-75 & US-25,Richmond,KY,410,3.609,37.74786,-84.29465,city,
72345,72345,YAKAMART,US-97,Toppenish,WA,925,3.509,46.375123,-120.330534,city,
72346,72346,Y-NOT STOP,US-165 & SR-10,Oakdale,LA,730,3.699,30.817173,-92.663964,city,
72347,72347,MARATHON,I-94 Exit 121,Albion,MI,431,3.699,42.258073,-84.756052,city,
72348,72348,7-ELEVEN #34718,"I-294, EXIT 25",Hinsdale,IL,290,3.739,41.80086,-87.93701,city,
72349,72349,7-ELEVEN #34713,"I-90, EXIT 24",Belvidere,IL,290,3.739,42.26391,-88.84427,city,
72350,72350,7-ELEVEN #34709,504 N CREGO RD,Dekalb,IL,290,4.439,41.92947,-88.75036,city,
72351,72351,LOVES TRAVEL STOP #874,"I-65, EXIT 175 & SR-25",Lafayette,IN,365,3.67233333,40.4167,-86.87529,city,
72352,72352,LOVES TRAVEL STOP #858,"I-49, EXIT 172 & US-84",Mansfield,LA,745,3.24566666,32.023863,-93.698045,city,
72360,72360,PUMP & PANTRY #22,SR-91 & SR-11,Burwell,NE,330,3.299,41.807982,-99.099527,city,
72361,72361,PUMP & PANTRY #39,I-80 Exit 179 & SR-56G,North Platte,NE,330,3.11566666,41.12389,-100.76542,city,
72362,72362,PUMP & PANTRY #18,US-281 & CR-11,Doniphan,NE,330,3.30733333,40.770031,-98.37901,city,
72363,72363,PUMP & PANTRY #1,US-30,Grand Island,NE,330,3.30733333,40.92501,-98.34201,city,
72368,72368,CHEVRON #352416,I-8 Exit 73,Jacumba,CA,900,6.399,32.624934,-116.195184,city,
72372,72372,Eastland Truck Stop,I-20 Exit 340 & SR-6,Eastland,TX,575,2.93233333,32.399418,-98.807101,city,
72373,72373,Rusty Lantern,SR-4,Turner,ME,170,3.899,44.255669,-70.249444,city,
72374,72374,Rusty Lantern,SR-26 & SR-219,West Paris,ME,170,3.96566666,44.32527,-70.573167,city,
72376,72376,SUNOCO,US 84 & SR 39,Donalsonville,GA,20,3.499,31.040278,-84.879167,city,
72378,72378,EB SUNOCO,SR-3 & SR-28,Muncie,IN,457,3.799,40.19338,-85.38636,city,
72380,72380,EXXPRESS MART #12,US-287 & SR-421,Lumberton,TX,610,2.959,30.253056,-94.189722,city,
72382,72382,EXXPRESS MART #4,SR-105,Beaumont,TX,610,3.199,30.08605,-94.10185,city,
72385,72385,GAS N WASH,I-57 & SR-17,Kankakee,IL,399,3.599,41.12003,-87.86115,city,
72387,72387,Williams Fuel Stop,SR-7 & SR-735,Gallipolis,OH,255,3.54066666,38.814781,-82.22902,city,
72389,72389,PILOT #1354,US 385,Odessa,TX,710,3.56566666,31.84568,-102.36764,city,
72390,72390,QUIKTRIP #46,US 169 & SR 266,Tulsa,OK,560,3.14233333,36.15398,-95.99277,city,
72391,72391,QUIKTRIP #56,US-169 & SR-11,Tulsa,OK,560,3.14233333,36.15398,-95.99277,city,
72394,72394,LOVES TRAVEL STOP #871,"I-85, Exit 32",Piedmont,SC,30,3.19733333,34.724433,-82.470216,city,
72395,72395,ALLSUPS #2427,US 84,Gatesville,TX,765,3.00733333,31.43516,-97.74391,city,
72396,72396,RACETRAC #2624,US-1,Marathon,FL,95,3.23566666,24.727919,-81.038581,city,
72400,72400,HAN DEE HUGOS #21,US-17 & SR-87,Winnabow,NC,245,3.41233333,34.214511,-78.056211,city,
72402,72402,HAN DEE HUGOS #5,SR-410 & SR-211,Bladenboro,NC,63,3.20566666,34.565832,-78.779295,city,
72403,72403,HAN DEE HUGOS #67,US-70,Raleigh,NC,177,3.999,35.7721,-78.63861,city,
72408,72408,JOURNEY FOOD STORE #2,US-301,Callahan,FL,75,3.399,30.551958,-81.814465,city,
72410,72410,KELLEYS MARKET,I-90 Exit 15 & US-20 BUS,Rockford,IL,520,3.044,42.27113,-89.094,city,
72412,72412,KELLEYS MARKET,US-20,Cherry Valley,IL,520,3.699,42.220562,-88.961923,city,
72413,72413,TROPIC OIL COMPANY,SR-17,Lake Wales,FL,140,3.499,27.90141,-81.58591,city,
72418,72418,SHELL,SR-953,Miami,FL,95,3.479,25.77427,-80.19366,city,
72419,72419,Denver 39th Ave Cardlock,I-70/US-36 EXIT-281,Denver,CO,800,3.49066666,39.73915,-104.9847,city,
72420,72420,MAVERIK COUNTRY STORE #620,SR-8,Saint George,UT,791,3.46233333,37.10415,-113.58412,city,
72424,72424,MIDDLESEX FOOD STORE,CR-604,Carteret,NJ,79,3.51566666,40.57733,-74.2282,city,
72425,72425,MINUTEMAN FOOD MART #18,SR-87,Tar Heel,NC,63,4.619,34.746541,-78.81341,city,
72428,72428,QUIKTRIP #7249,US 80 E,Flowood,MS,705,2.91566666,32.3165,-90.1105,city,
72429,72429,PARKERS #16 (DISCOUNT AVAILABLE),SR-21,Port Wentworth,GA,195,3.10566666,,,,
72430,72430,PATRIOT FUELING CENTER,SR-9,Lineville,AL,587,3.299,33.328613,-85.734609,city,
72432,72432,Yesway #1203,SR-6,Clifton,TX,765,2.969,31.799689,-97.515282,city,
72433,72433,RENFROE STORE,SR-25,Carthage,MS,705,4.099,32.788635,-89.535274,city,
72435,72435,Cedar City Cardlock (Bulk Plant),"I-15, EXIT 59",Cedar City,UT,791,3.459,37.67748,-113.06189,city,
72436,72436,Ricky Rockets,SR-390 &SR-53,Itasca,IL,297,3.529,41.971967,-88.020247,city,
72437,72437,Tropic Oil,US-191,Moab,UT,810,4.169,38.567674,-109.527087,city,
72438,72438,QUIKTRIP #7208,I-290 EXIT 18A,Bellwood,IL,290,3.199,41.88142,-87.88312,city,
72440,72440,Rutters #84,US-15 & SR-340,Emmitsburg,MD,22,3.91566666,39.694044,-77.335658,city,
72441,72441,SHEETZ #165,US-6,Coudersport,PA,240,3.699,41.781529,-78.003861,city,
72442,72442,SHEETZ #239,I-70 Exit 57,New Stanton,PA,68,3.28566666,40.223345,-79.618187,city,
72443,72443,SHEETZ #553,I-81 Exit 3,Greencastle,PA,70,3.33233333,39.781827,-77.746956,city,
72444,72444,SHEETZ #597,I-40 Exit 126,Hickory,NC,46,2.859,35.73319,-81.3412,city,
72445,72445,SHEETZ #639,I-80 Exit 223,Youngstown,OH,573,3.059,41.09978,-80.64952,city,
72446,72446,SHEETZ #656,US-219 & US-6,Kane,PA,240,3.699,41.661861,-78.797778,city,
72447,72447,SHEETZ #689,I-64 EXIT 197A & SR-156,Henrico,VA,180,2.949,,,,
72448,72448,SHELL SERVICE STATION,SR-55,Morrison,TN,285,3.499,35.60002,-85.889895,city,
72456,72456,SPINX #161,I-85 Exit 60 & SR-101,Greer,SC,210,3.159,34.93873,-82.22706,city,
72458,72458,7-ELEVEN #41335,SR-80 & SR-29,Labelle,FL,225,3.599,26.732093,-81.434027,city,
72459,72459,7-ELEVEN #34154,I-75 Exit 128,Fort Myers,FL,225,3.299,26.62168,-81.84059,city,
72462,72462,Story Belgrade Cardlock,"I-90, EXIT 298",Belgrade,MT,786,3.699,45.780126,-111.143927,city,
72466,72466,Holbrook Cardlock,I-40 EXIT 285,Holbrook,AZ,930,3.23233333,34.908451,-110.143412,city,
72467,72467,SUNOCO SERVICE STATION,I-81 Exit 44 & SR-465,Carlisle,PA,70,3.889,40.20148,-77.18887,city,
72468,72468,Springerville Cardlock,US-191,Springerville,AZ,930,3.259,34.119333,-109.304066,city,
72471,72471,THORNTONS #221335,I-55 Exit 263,Bolingbrook,IL,296,3.674,41.69864,-88.0684,city,
72473,72473,Loves Travel Stop #885,US 77,Harlingen,TX,665,3.649,26.19063,-97.6961,city,
72475,72475,Express 24,SR-77 & US-60,Show Low,AZ,930,3.299,34.060117,-110.054633,city,
72476,72476,Mandan Cardlock (Bulk Plant),"I-94, EXIT 153",Mandan,ND,273,3.599,46.82666,-100.88958,city,
72477,72477,Racetrac #2618,US-231 & CR-8,Huntsville,AL,615,2.95066666,34.7304,-86.58594,city,
72478,72478,Racetrac #2621,SR-53,Huntsville,AL,615,3.099,34.7304,-86.58594,city,
72479,72479,CEFCO #2086,US 180 & 84,Snyder,TX,700,2.96566666,32.715105,-100.907485,city,
72480,72480,TA Mt Vernon,I-44,Mount Vernon,MO,535,3.404,37.104466,-93.797632,city,
72481,72481,CASEYS #4323,SR-57 & SR-60,Wanamingo,MN,451,3.499,44.31214,-92.810258,city,
72482,72482,RUTTERS FARM STORE #80,SR 61,Orwigsburg,PA,208,3.859,40.643071,-76.083999,city,
72483,72483,Circle K #4700047,I-65 Exit 34A,Austin,IN,415,3.799,38.747801,-85.796188,city,
72485,72485,ALLSUPS CONVENIENCE STORE #2160,US 70,Roswell,NM,593,3.25566666,33.39437,-104.52491,city,
72486,72486,QUIKTRIP #4216,"I-70 & SR-79, EXIT 304",Bennett,CO,800,3.199,39.725398,-104.427284,city,
72487,72487,PILOT #1380,I-2 EXIT 161,Mercedes,TX,639,3.659,26.1498,-97.91361,city,
72488,72488,MAVERIK COUNTRY STORE #657,I-15 Exit 10,Washington,UT,910,3.42566666,37.13054,-113.50829,city,
72489,72489,CASEYS #3987,LINCOLN HWY,Wanatah,IN,465,3.71566666,41.384477,-86.876439,city,
72490,72490,ASAP GENERAL STORE #322,US-281,Hinton,OK,483,3.13233333,35.4675,-98.331348,city,
72492,72492,CIRCLE K #2709098,US 85,Greeley,CO,800,3.21066666,40.42331,-104.70913,city,
72493,72493,Chiricahua Apache Plaza,I-10 EXIT 102,Deming,NM,640,3.03733333,32.231808,-107.746559,city,
72494,72494,7-ELEVEN #42132,"I-35, EXIT 131",Lytle,TX,740,3.599,29.236568,-98.794489,city,
72495,72495,ROAD RANGER #286,1-40 EXIT 77,Amarillo,TX,585,2.97233333,35.222,-101.8313,city,
72496,72496,ROAD RANGER #289,I-45 EXIT 189,Teague,TX,765,3.39566666,31.632772,-96.27778,city,
72497,72497,ROAD RANGER #290,"I-44, Exit 13",Joplin,MO,277,3.21233333,37.08423,-94.51328,city,
72498,72498,SHEETZ #760,"I-71, EXIT 140 Township Rd 256",Marengo,OH,315,3.06566666,40.389512,-82.812136,city,
72499,72499,Bowie Travel Center Chevron dba One9 #1411,I-10,Bowie,AZ,980,3.059,32.326389,-109.486389,city,
72500,72500,GAS N WASH,US 34,Plano,IL,290,3.549,41.666987,-88.53838,city,
72501,72501,QUIKTRIP #7203,"I-80, EXIT 75 &SR-251",Peru,IL,520,3.099,41.333021,-89.126478,city,
72502,72502,QUIKTRIP #7133,"I-95, EXIT 190 & SR-34",Dillon,SC,63,3.08233333,34.414553,-79.377015,city,
72503,72503,QUIKTRIP #7151,I-55/40 EXIT 278 & SR-191,West Memphis,AR,435,2.999,35.14648,-90.18454,city,
72505,72505,CASEYS #4379,I-59 HWY,Worthington,MN,530,3.14233333,43.628626,-95.605907,city,
72506,72506,CASEYS #4273,SR-56,Madison,IN,375,3.699,38.764866,-85.407019,city,
72507,72507,Golden Gate Fillmore,SR 99,Fillmore,UT,791,3.29733333,38.980539,-112.331321,city,
72510,72510,STUCK FLEET FUELING,US-19,Waynesburg,PA,165,4.499,39.891691,-80.179524,city,
72514,72514,Petro-Card 24 #910722,SR-6,Trenton,MO,276,3.149,40.082335,-93.608634,city,
72515,72515,PETRO-CARD 24 #910520,US-54BUS,Mexico,MO,310,3.229,39.171233,-91.889473,city,
72519,72519,CIRCLE K #2723050,SR-59,Hope Mills,NC,205,2.909,34.97044,-78.94531,city,
72520,72520,PETRO-CARD 24 #910160,US-50,Warrensburg,MO,400,3.299,38.76279,-93.73605,city,
72521,72521,PETRO-CARD 24 #910410,I-44/US-66,Lebanon,MO,535,3.099,37.685049,-92.655029,city,
72522,72522,MFA #910591,US-63,La Plata,MO,494,3.339,40.020831,-92.507669,city,
72523,72523,Petro-Card 24 #910820,US-60BUS,Willow Springs,MO,535,3.399,36.995812,-91.940545,city,
72524,72524,QuickChek #189,US-46,Ridgefield,NJ,115,3.25233333,40.832568,-74.001531,city,
72526,72526,PETRO-CARD 24 #911251,US-169,King City,MO,567,3.299,40.065184,-94.523412,city,
72528,72528,MFA #910260,SR-87/240,Glasgow,MO,310,3.3965,39.225736,-92.831812,city,
72529,72529,PETRO-CARD 24 #910530,US-24,Moberly,MO,310,3.419,39.420239,-92.435793,city,
72530,72530,PETRO-CARD 24 #910140,US-50 BUS,California,MO,392,3.459,38.622369,-92.545558,city,
72531,72531,PETRO-CARD 24 #910040,US-60 BUS,Aurora,MO,416,3.209,36.947661,-93.71238,city,
72533,72533,Fuel 4,US-9,Jersey City,NJ,115,3.239,40.72816,-74.07764,city,
72534,72534,Petro-Card 24 #911290,US-59,Mound City,MO,567,3.149,40.136238,-95.213837,city,
72535,72535,MFA #911310,SR-5,Centerville,IA,489,3.12566666,40.73259,-92.872826,city,
72536,72536,MFA 910281,SR-5,Milan,MO,276,3.299,40.184435,-93.136149,city,
72537,72537,PETRO-CARD 24 #910210,SR-7,Clinton,MO,400,3.399,38.368811,-93.758906,city,
72538,72538,Petro-Card 24 #910670,SR-51,Qulin,MO,275,3.199,36.581769,-90.261674,city,
72540,72540,MFA #910441,US-54,Louisiana,MO,494,3.049,39.43359,-91.066385,city,
72541,72541,MFA 911021,US-136,Tarkio,MO,567,3.329,40.441841,-95.378586,city,
72542,72542,MFA #910731,SR-15,Shelbina,MO,494,2.999,39.694718,-92.03706,city,
72543,72543,PETRO CARD 24,SR-18,Clinton,MO,400,3.399,38.368811,-93.758906,city,
72544,72544,BJS NEW UNDERWOOD,CR-1416,New Underwood,SD,506,3.699,44.087354,-102.813635,city,
72546,72546,MFA OIL #2028,SR-53,Poplar Bluff,MO,275,3.23233333,36.757,-90.39289,city,
72548,72548,GASQUATCH,US-70/SR-3,Idabel,OK,723,3.10733333,33.88512,-94.802012,city,
72550,72550,TERRIBLE HERBST #388,I-15 Exit 91,Moapa,NV,910,3.549,36.675833,-114.62,city,
72551,72551,Good 2 Go,US-81,Geneva,NE,350,3.36566666,40.527731,-97.609625,city,
72552,72552,VALLEYWIDE COUNTRY STORE,I- 86 Exit 40,American Falls,ID,787,3.599,42.789876,-112.870714,city,
72553,72553,Friendly Express,I-71 Exit 186 & US-250,Ashland,OH,249,3.199,40.86867,-82.31822,city,
72554,72554,CEFCO #422,SR-4,Baker,FL,127,3.299,30.831569,-86.677015,city,
72556,72556,STARMART,US-183,Goldthwaite,TX,765,3.099,31.445769,-98.574405,city,
72557,72557,LITTLE NECK SHELL,I-16 Exit 152,Bloomingdale,GA,195,3.099,32.117654,-81.308465,city,
72558,72558,Circle K #4703975,SR-109 & US-70,Lebanon,TN,460,2.87233333,36.20811,-86.2911,city,
72559,72559,SUN TRAVEL CENTER,I-55 EXIT 114A,Canton,MS,760,3.499,32.620543,-90.006079,city,
72560,72560,AMOCO,US 131 & US 12,White Pigeon,MI,465,3.579,41.792891,-85.67501,city,
72561,72561,7-ELEVEN #38638,I-25 Exit 235,Erie,CO,800,3.399,40.05026,-105.04998,city,
72562,72562,7-ELEVEN #17703,US HWY 11,Martinsburg,WV,70,3.249,39.45621,-77.96389,city,
72563,72563,RACEWAY #6991,I-65 Exit 19 & US-43,Creola,AL,715,2.949,30.901267,-88.017414,city,
72565,72565,WEIGEL'S #102,I-75 & SR-30,Athens,TN,405,3.34733333,35.457389,-84.604261,city,
72566,72566,Loves Travel Stop #826,I-70 Exit 75,Parachute,CO,800,3.59566666,39.440729,-108.038038,city,
72567,72567,THE TEXAN #12,US 87,La Vernia,TX,740,3.049,29.350905,-98.112971,city,
72569,72569,RACETRAC #204,US-19 & SR-400,Dawsonville,GA,18,3.319,34.394331,-84.103705,city,
72570,72570,Lake View Cheese & Liquor,I-43,Belgium,WI,444,3.25566666,43.499465,-87.850908,city,
72571,72571,MAVERIK #719,I-82 EXIT 33,Yakima,WA,962,3.909,46.60207,-120.5059,city,
72572,72572,GOOD 2 GO #713 DBA ONE9 #1432,I-76 EXIT 21,Brighton,CO,800,3.234,39.98526,-104.82053,city,
72574,72574,Loves Travel Stop #831,"I-10 & Fort Grant Rd, Exit 340",Willcox,AZ,980,3.33233333,32.372977,-109.863111,city,
72575,72575,Loves Travel Stop #864,US-98,Lucedale,MS,715,3.449,30.866722,-88.593391,city,
72576,72576,Pride Travel Center South,"I-291 & SR-5, EXIT 4",South Windsor,CT,100,3.909,41.82371,-72.6212,city,
72577,72577,QUIKTRIP #7205,"I-80, EXIT 161",Lansing,IL,365,3.179,41.56476,-87.53893,city,
72578,72578,QUIKTRIP #7247,"I-55, EXIT 85",Byram,MS,760,2.91566666,32.1932,-90.2708,city,
72579,72579,Raceway #6986,US-378 & CR-467,Sumter,SC,135,2.979,33.92044,-80.34147,city,
72580,72580,KWIK TRIP #1267,SR 29,Chippewa Falls,WI,295,3.39233333,44.932202,-91.384376,city,
72581,72581,FASTRAC MARKET #500266,I-87 Exit 18,Queensbury,NY,12,3.999,43.37729,-73.61317,city,
72582,72582,FASTRAC MARKET #500242,SR-12 & SR-5A,Utica,NY,235,3.949,43.1009,-75.23266,city,
72583,72583,SHEETZ #769,I-80 Exit 232,Bloomsburg,PA,138,3.329,41.011528,-76.438379,city,
72584,72584,ONE9 #1359,"I-80, EXIT 30",Sparks,NV,966,3.549,39.53491,-119.75269,city,
72585,72585,GAS N WASH GREEN OAKS,"I-94, EXIT 16",Libertyville,IL,290,3.579,42.28308,-87.95313,city,
72586,72586,Loves Travel Stop #875,"I-49, Exit 15",Opelousas,LA,730,3.08566666,30.53353,-92.08151,city,
72587,72587,Allsups Convenience #2416,I-20 EXIT 244 AND HWY 70,Sweetwater,TX,575,2.884,32.472589,-100.397908,city,
72588,72588,ALLSUPS CONVENIENCE #2430,US 380,Jacksboro,TX,630,3.044,33.234655,-98.168138,city,
72589,72589,ALLSUPS CONVENIENCE #2056,US 287,Memphis,TX,585,2.929,34.712237,-100.534653,city,
72590,72590,MAVERIK #716,I-80 & SR-351,Wells,NV,835,3.39233333,41.129798,-114.532752,city,
72591,72591,Quiktrip #7173,"I-20, EXIT 156",Pell City,AL,587,2.999,33.597889,-86.343151,city,
72592,72592,QUIKTRIP #7191,US-45 & I-57,Effingham,IL,510,3.099,39.121727,-88.561105,city,
72594,72594,Quiktrip #7900,I-30 & FM-989,Texarkana,TX,766,2.85733333,33.42513,-94.04769,city,
72595,72595,CIRCLE K #2654400,SR-115,Kearneysville,WV,22,3.26566666,39.321994,-77.958762,city,
72596,72596,Hucks Food & Fuel #401 dba Pilot #1360,"I-69, EXIT 25",Mayfield,KY,490,3.599,36.732686,-88.650637,city,
72597,72597,CIRCLE K #4705697,US 422,Warren,OH,573,3.61233333,41.23756,-80.81842,city,
72599,72599,FATDOGS LEXINGTON,US-283,Lexington,NE,475,2.979,40.785002,-99.751515,city,
72603,72603,THORNTONS #170,I-465 Exit 46 & US-40,Indianapolis,IN,375,3.599,39.76838,-86.15804,city,
72606,72606,PETRO-CARD 24 #910474,US-65,Malta Bend,MO,276,3.439,39.195108,-93.381325,city,
72607,72607,TOWN PUMP FOOD STORE #6300,I-90 & US-191,Big Timber,MT,786,3.539,45.82827,-109.963094,city,
72608,72608,Petro-Card 24 #910640,US-61,Perryville,MO,275,3.099,37.717437,-89.873664,city,
72610,72610,JORDANS KWIK STOP #6,I-55 Exit 48 & SR-140,Osceola,AR,418,3.01233333,35.701864,-89.979764,city,
72611,72611,Kwik Trip # 1722,SR 35 & SR 553,Gwinn,MI,395,3.819,46.291938,-87.43016,city,
72612,72612,PETRO-CARD 24 #910411,I-44 & SR-32,Lebanon,MO,535,3.099,37.685049,-92.655029,city,
72614,72614,FAST FUEL FOOD STORES,SR-4,Gassaway,WV,44,3.56566666,38.686193,-80.786339,city,
72615,72615,U STOP #4,US-6,Lincoln,NE,413,3.399,40.8,-96.66696,city,
72616,72616,PETRO-CARD 24 #910700,SR-32,Sainte Genevieve,MO,275,3.099,37.950356,-90.09604,city,
72619,72619,MARTYVILLE MARATHON,SR-25,Tishomingo,MS,742,3.279,34.647753,-88.219395,city,
72620,72620,CENEX,US-2,Leeds,ND,452,3.249,48.26681,-99.440123,city,
72621,72621,PETRO-CARD 24 #1047,SR-240,Slater,MO,276,3.459,39.216273,-93.054674,city,
72622,72622,Phillips 66,US- 60 & HWY AD,Dexter,MO,275,3.40233333,36.788458,-89.963933,city,
72623,72623,LENNYS FOOD N FUEL,US-6,Joliet,IL,296,3.449,41.52519,-88.0834,city,
72625,72625,PETRO-CARD 24,SR-46 & US-71,Maryville,MO,567,3.129,40.343399,-94.873479,city,
72626,72626,MFA OIL,SR-18,Lake City,AR,418,3.399,35.81715,-90.442327,city,
72628,72628,Gas Pro 6,SR-121 & US-25,Trenton,SC,135,3.46566666,33.693757,-81.853392,city,
72629,72629,MFA #910600,SR-28,Owensville,MO,392,3.299,38.351119,-91.486679,city,
72630,72630,PETRO-CARD 24 #910250,US-54 BUS,Fulton,MO,392,3.299,38.851821,-91.96055,city,
72631,72631,THORNTONS #221348,I-355 & SR-7,Homer Glen,IL,296,3.899,41.60003,-87.93811,city,
72633,72633,Petro-Card 24 #910830,SR-52,Windsor,MO,400,3.499,38.52719,-93.526864,city,
72634,72634,MURPHY USA #7827,US-385 & US-60,Hereford,TX,585,2.829,34.81521,-102.39932,city,
72635,72635,GULF,SR-140,Boylston,MA,34,3.839,42.337727,-71.731042,city,
72637,72637,AZTEX #104,I-40 Exit 398,Knoxville,TN,405,3.359,35.96064,-83.92074,city,
72639,72639,ALLSUPS #2423,US-377 & US-70,Madill,OK,253,2.959,34.07126,-96.787258,city,
72640,72640,Kwik Trip # 1721,SR 553 & FM 480,Marquette,MI,395,3.819,46.54354,-87.39542,city,
72642,72642,LOVES TRAVEL STOP #857,US-95 & US-6,Tonopah,NV,910,3.71566666,38.204273,-117.089886,city,
72643,72643,ONCUE #147,"I-44, EXIT 12",Oklahoma City,OK,483,3.049,35.46756,-97.51643,city,
72644,72644,MAVERIK COUNTRY STORE #642,I-25 EXIT 262,Fort Collins,CO,800,3.259,40.58526,-105.08442,city,
72645,72645,MAVERIK #723,"I-10, EXIT 240",Marana,AZ,980,3.04566666,32.43674,-111.22538,city,
72646,72646,TOOT N TOTUM #131,US 87,Lamesa,TX,710,3.109,32.736677,-101.956914,city,
72647,72647,RACEWAY #6972,US-83 & US-43,Demopolis,AL,615,3.07733333,32.490792,-87.839669,city,
72648,72648,Loves Travel Stop #873,US 50,Canon City,CO,803,3.509,38.445074,-105.217829,city,
72649,72649,Love's Travel Stop #891,US 93,Jackpot,NV,835,3.62733333,41.839591,-115.112886,city,
72650,72650,Loves Travel Stop #862,I-35 Exit 65,Cotulla,TX,693,3.589,28.439837,-99.232818,city,
72651,72651,QUIKTRIP #7132,"I-16, EXIT 152",Bloomingdale,GA,195,3.03233333,32.117654,-81.308465,city,
72652,72652,Quiktrip #4148,I-35 & GRAND AVE PKWY,Pflugerville,TX,595,2.88233333,30.43937,-97.62,city,
72653,72653,Quiktrip #7153,US-78 & EXIT #4,Olive Branch,MS,435,2.91566666,34.96176,-89.82953,city,
72655,72655,RACEWAY #6988,US-79 & US-41,Clarksville,TN,460,2.999,36.52977,-87.35945,city,
72656,72656,ALLSUPS #2437,HWY 176 & HWY 115,Andrews,TX,710,3.39566666,32.320125,-102.540926,city,
72660,72660,RACEWAY #6989,US-157 & COURT ST,Moulton,AL,615,3.049,34.505836,-87.222385,city,
72663,72663,LOC STOP TRAVEL CENTER,US-82,Dawson,GA,10,3.499,31.773333,-84.446667,city,
72664,72664,RACETRAC #2606,"I-30, EXIT 32B & SR-181",Grand Prairie,TX,630,2.92566666,32.74596,-96.99778,city,
72666,72666,CIRCLE K #2707043,"I-75/SR-401, EXIT 39 & SR-37",Adel,GA,20,2.999,31.125143,-83.421346,city,
72667,72667,LOVES TRAVEL STOP #884,"I-30, Exit 46",Prescott,AR,635,3.47566666,33.804029,-93.372544,city,
72668,72668,LOVES TRAVEL STOP #350,"I-19, Exit 12",Nogales,AZ,980,3.609,31.34038,-110.93425,city,
72669,72669,Quiktrip #356,US-81 & S Victoria RD,Wichita,KS,570,3.194,37.69224,-97.33754,city,
72672,72672,7-Eleven #42205,US 79,Hearne,TX,765,3.449,30.86686,-96.584256,city,
72674,72674,QUIKTRIP #7190,I-64 EXIT 94,Mount Vernon,IL,540,3.199,38.31727,-88.90312,city,
72675,72675,Maverik Country Store #715,I-80 EXIT 107,Big Springs,NE,475,3.10066666,41.069621,-102.093273,city,
72676,72676,KWIK TRIP #1212,"I 90, EXIT 43",Worthington,MN,425,3.164,43.628626,-95.605907,city,
72677,72677,KWIK TRIP #1256,SR 2 E,Iron Mountain,MI,360,3.289,45.821894,-88.068257,city,
72678,72678,FLYING J #1056,I-90/ I-80,Edon,OH,550,3.899,41.584219,-84.757002,city,
72679,72679,TEX BEST #532,US-281 & HWY 186,Edinburg,TX,639,3.02066666,26.30174,-98.16334,city,
72680,72680,RACEWAY #6990,US-98,Foley,AL,155,3.07566666,30.40659,-87.6836,city,
72681,72681,MAVERIK #691,I-76 EXIT 3,Denver,CO,800,3.284,39.73915,-104.9847,city,
72682,72682,Maverik #695,I-15 EXIT 276,American Fork,UT,835,3.349,40.3769,-111.79576,city,
72683,72683,HUCKS FOOD & FUEL #383,SR-57,Evansville,IN,340,3.759,37.97476,-87.55585,city,
72685,72685,CHUBBYS TRAVEL CENTER,"I-35, Exit 127",Natalia,TX,740,2.97233333,29.211669,-98.855158,city,
72687,72687,Kwik Trip #1203,US-71 & Airport Rd,Redwood Falls,MN,425,3.349,44.531753,-95.10713,city,
72688,72688,SHEETZ #772,I-70 EXIT 59,Springfield,OH,317,3.054,39.92423,-83.80882,city,
72689,72689,ROAD RANGER #285,I-10 EXIT 605,Seguin,TX,740,3.11066666,29.56884,-97.96473,city,
72690,72690,Noble East Lyme,"I-95, EXIT 75",East Lyme,CT,100,3.759,41.366806,-72.232987,city,
72691,72691,KUM & GO #2402,US 60,Springfield,MO,535,3.17566666,37.21533,-93.29824,city,
72693,72693,Kum & Go #2404,US 60,Aurora,MO,535,3.119,36.947661,-93.71238,city,
72694,72694,7-ELEVEN #42195,I-385 EXIT 23,Fountain Inn,SC,30,3.11566666,34.653334,-82.264593,city,
72695,72695,Quiktrip #7906,"I-20, EXIT 617 & US-59",Marshall,TX,766,2.83733333,32.54487,-94.36742,city,
72696,72696,QUIKTRIP #1742,"I-475/SR-408, exit 5 & SR-74",Macon,GA,85,3.089,32.84069,-83.6324,city,
72698,72698,QUIKTRIP #7242,"I-10, EXIT 31",Gulfport,MS,733,2.91566666,30.36742,-89.09282,city,
72699,72699,Quiktrip #7195,"I-355, EXIT 29",Addison,IL,290,3.179,41.9317,-87.98896,city,
72700,72700,RACEWAY #6726,"I-30, Exit 172",Thomson,GA,135,3.399,33.477363,-82.494204,city,
72701,72701,Loves Travel Stop #887,I-55 EXIT 178,Herculaneum,MO,540,3.15566666,38.260087,-90.387095,city,
72702,72702,Loves Travel Stop #854,I-49 EXIT 215,Shreveport,LA,745,2.93733333,32.52515,-93.75018,city,
72705,72705,SHEETZ #795,US-460 & CR-629,Disputanta,VA,180,2.98233333,37.148268,-77.273172,city,
72706,72706,Sheetz #790,I-77 EXIT 100,Mount Airy,NC,65,2.859,36.500739,-80.611871,city,
72707,72707,QUIKTRIP #4299,"I-25, EXIT 158",Monument,CO,796,3.159,39.100726,-104.85416,city,
72709,72709,KWIK TRIP #1299,FM 164,Sussex,WI,444,3.28566666,43.144059,-88.227064,city,
72710,72710,KWIK STAR #1285,I-229 EXIT 9,Sioux Falls,SD,530,2.95233333,43.54997,-96.70033,city,
72711,72711,Kwik Trip #1260,FM 65,Roberts,WI,448,3.424,44.987356,-92.559773,city,
72713,72713,Kwik Star #1217,FM 11,Sioux Falls,SD,530,2.939,43.54997,-96.70033,city,
72714,72714,LOVES TRAVEL STOP #771,I-85 & SR-18,West Point,GA,720,3.679,32.833683,-85.119714,city,
72715,72715,FLYING J TRAVEL PLAZA #1372,"I-40, EXIT 28",Yucca,AZ,910,3.924,34.872222,-114.148611,city,
72716,72716,RACEWAY #7000,US-1 & SR-40,Folkston,GA,75,3.099,30.850838,-82.011617,city,
72719,72719,TA EXPRESS LITTLEFIELD,"I-15, EXIT 8",Littlefield,AZ,910,3.679,36.866524,-113.913693,city,
72721,72721,Racetrac #2625,SR 72 E & SHIELDS RD,Huntsville,AL,615,2.97733333,34.7304,-86.58594,city,
72723,72723,ONE9 #1362,"I-40, EXIT 253",Winslow,AZ,930,3.22566666,35.16078,-110.511382,city,
72724,72724,ONE9 #484,I-40 EXIT 146,Ash Fork,AZ,930,3.329,35.214998,-112.502681,city,
72725,72725,CASEYS #4481,US 75,Denison,TX,253,2.93566666,33.75566,-96.53666,city,
72727,72727,CASEYS #4319,SR-141,Perry,IA,320,3.129,41.839695,-94.102167,city,
72728,72728,CASEYS #4304,FM 103 & Belten Dr,Crete,NE,413,3.45733333,40.619302,-96.956676,city,
72732,72732,KUM & GO #2212,I-35 EXIT 89,Ankeny,IA,320,3.13233333,41.72971,-93.60577,city,
72733,72733,Parker's #94,US-17 N,Georgetown,SC,42,2.989,33.430776,-79.323459,city,
72734,72734,7-ELEVEN #41940,I-95,West Haven,CT,100,3.999,41.27065,-72.94705,city,
72735,72735,7-Eleven #41376,I-26 Exit 154B,Orangeburg,SC,42,3.22566666,33.502545,-80.859282,city,
72736,72736,FRIENDLY GUS STORE #12,I-16 Exit 49,Dublin,GA,85,3.27566666,32.54044,-82.90375,city,
72737,72737,Mollys Food and Fuel,"I-20, EXIT 175 & SR-150",Thomson,GA,135,3.499,33.477363,-82.494204,city,
72738,72738,BREAK TIME #3172,US-50/US-63,Jefferson City,MO,310,3.33566666,38.5767,-92.17352,city,
72739,72739,MAVERIK #712,US 70 & US 54,Alamogordo,NM,640,3.05566666,32.89953,-105.96027,city,
72740,72740,Caseys #4303,"I-80, EXIT 257 & US-183",Elm Creek,NE,475,3.03233333,40.730079,-99.372786,city,
72741,72741,Caseys #4298,"I-55, EXIT 220 & SR-47",Dwight,IL,368,3.349,41.088701,-88.415884,city,
72742,72742,Racetrac #2612,I-675 EXIT 7,Ellenwood,GA,18,3.109,33.61,-84.288056,city,
72743,72743,PEOTONE TRAVEL CENTER,I-57 & SR-25,Peotone,IL,290,3.479,41.33609,-87.78968,city,
72745,72745,Loves Travel Stop #870,US-81 Exit 12 & SR-12,Watertown,NY,220,4.149,43.97478,-75.91076,city,
72746,72746,PARKERS #103,"I-26, Exit 205A",Ladson,SC,42,3.28233333,32.993019,-80.125701,city,
72747,72747,One9 #1358,"I-40, EXIT 16",Gallup,NM,580,3.24566666,35.52808,-108.74258,city,
72748,72748,HORIZON TRAVEL PLAZA,US-411,Cartersville,GA,193,2.934,34.16533,-84.80231,city,
72749,72749,KWIK TRIP #1282,FM 42 & S Duluth Ave,Sturgeon Bay,WI,582,3.50733333,44.84384,-87.375311,city,
72750,72750,QUIKTRIP #1943,I-35 EXIT 368 & SR 22,Hillsboro,TX,641,2.919,32.014942,-97.119791,city,
72752,72752,QUIKTRIP #7178,I-65 EXIT 13 & SR 158,Saraland,AL,715,2.95733333,30.833197,-88.093387,city,
72753,72753,QUIKTRIP #7908,I-40 EXIT 73,Amarillo,TX,585,2.874,35.222,-101.8313,city,
72754,72754,RACETRAC #2495,US 41 & US 19,Griffin,GA,85,3.229,33.24678,-84.26409,city,
72755,72755,RACETRAC #2620,I-465 Exit 42,Indianapolis,IN,375,3.159,39.76838,-86.15804,city,
72756,72756,Loves Travel Stop #876,I-94 Exit 34A,Michigan City,IN,365,3.789,41.70754,-86.89503,city,
72757,72757,Loves Travel Stop #860,I-59 EXIT 1,Picayune,MS,725,3.15566666,30.541796,-89.691021,city,
72758,72758,CEFCO #1117,I-20 EXIT 617,Marshall,TX,766,2.83233333,32.54487,-94.36742,city,
72759,72759,Allsups Convenience Store #2461,US-87 & SR-137,Lamesa,TX,612,3.099,32.736677,-101.956914,city,
72760,72760,RaceWay #6999,US-84 & US-319,Thomasville,GA,20,3.16566666,30.83658,-83.97878,city,
72761,72761,RACETRAC #2629,US-72/US-43 & SR-20,Tuscumbia,AL,615,2.999,34.687432,-87.683259,city,
72763,72763,FASTRAC MARKET #500270,SR-5/SR-13,Canastota,NY,235,4.399,43.087764,-75.760197,city,
72764,72764,CUMBERLAND FARMS #004783,US-5,East Windsor,CT,100,4.049,41.9099,-72.602945,city,
72765,72765,FASTRAC MARKET #500203,SR-104 & CR-256,Wolcott,NY,190,3.809,43.234129,-76.821748,city,
72766,72766,QUIKTRIP #1873,US 287 33.054731932354194,Rhome,TX,630,2.899,33.054045,-97.481688,city,
72767,72767,QUIKTRIP #4227,I-25 EXIT 243,Mead,CO,800,3.14733333,40.233333,-104.998056,city,
72768,72768,ROAD RANGER #287,I-57 EXIT 318,Bourbonnais,IL,290,3.359,41.15376,-87.88754,city,
72769,72769,TOOT N TOTUM #132,US 84,Lubbock,TX,585,2.97066666,33.57786,-101.85517,city,
72770,72770,RACETRAC #2634,I-95 Exit 77 & US-78,Saint George,SC,42,2.999,33.184532,-80.573246,city,
72771,72771,RACETRAC #2635,I-85 EXIT 44A,Greenville,SC,30,2.899,34.85262,-82.39401,city,
72772,72772,RACEWAY #6998,US-501 & SR-576,Marion,SC,42,3.01566666,34.156195,-79.389822,city,
72773,72773,RaceTrac #2626,I-20 Exit 472,Dallas,TX,630,2.864,32.78306,-96.80667,city,
72774,72774,STUCKEYS TRAVEL CENTER,I-10 EXIT 451,Orange,TX,610,2.80733333,30.09299,-93.73655,city,
72775,72775,CEFCO #2089,I-20 EXIT 288,Abilene,TX,575,2.76566666,32.44874,-99.73314,city,
72776,72776,MARATHON,"1-75, Exit 80",Sycamore,GA,85,3.299,31.655329,-83.606363,city,
72778,72778,KWIK STAR #1208,US-75,Sioux Center,IA,530,3.199,43.081416,-96.179952,city,
72779,72779,KWIK TRIP #1276,"I-90/I-39, EXIT 1 & SR-75",South Beloit,IL,290,3.449,42.483672,-89.029791,city,
72781,72781,SHEETZ #774,I-70 & SR-83,New Concord,OH,430,3.059,40.008798,-81.738727,city,
72782,72782,SHEETZ #791,"I-76, Exit 57",North Jackson,OH,573,3.06566666,41.088044,-80.86225,city,
72783,72783,SHEETZ #770,I-70 & US-42,London,OH,315,2.999,39.900074,-83.443899,city,
72784,72784,Maverik Country Store #724,"I-80/US-30, EXIT 221",Rawlins,WY,838,3.289,41.795131,-107.234883,city,
72785,72785,GAS N WASH,US 30,Crest Hill,IL,290,3.329,41.55475,-88.09867,city,
72786,72786,QUIKTRIP #333,"I-135, EXIT 31",Newton,KS,570,2.949,38.04668,-97.34504,city,
72787,72787,QUIKTRIP #7011,"I-35, EXIT 118",Oklahoma City,OK,483,3.03233333,35.46756,-97.51643,city,
72788,72788,MAVERIK #700,I-25 EXIT 215,Denver,CO,800,3.289,39.73915,-104.9847,city,
72789,72789,RACETRAC #237,HWY 30 & ROBERT WILSON RD,Gonzales,LA,600,3.17233333,30.238333,-90.92,city,
72791,72791,LOVES TRAVEL STOP #850,SR-491 & RD. G,Cortez,CO,614,3.48233333,37.354949,-108.583726,city,
72792,72792,QUICKLEES,"I-190, EXIT 23",Niagara Falls,NY,38,3.999,43.0945,-79.05671,city,
72793,72793,TA EXPRESS BLAINE #917,"I-5, Exit 275",Blaine,WA,850,4.139,48.963572,-122.732327,city,
72795,72795,REFUEL #1337,SR-45/CR-1625,Buda,TX,595,2.999,30.091758,-97.853422,city,
72796,72796,PILOT DEALER #1399,"SR-303, EXIT 107",Litchfield Park,AZ,930,3.5915,33.494127,-112.380497,city,
72797,72797,KWIK TRIP #1215,"I-94, EXIT 135",Melrose,MN,451,3.32733333,45.658183,-94.819768,city,
72798,72798,Casey's #4539,US-75,Rock Rapids,IA,530,3.349,43.427192,-96.178055,city,
72799,72799,CASEYS #4384,"I-88 & SR-26, EXIT 54",Dixon,IL,520,3.489,41.83892,-89.47955,city,
72801,72801,CASEYS #4388,"US-64, EXIT 29",Beebe,AR,645,3.189,35.093743,-91.907449,city,
72802,72802,Racing Mart Store,"I-495, Exit 36A",Wrentham,MA,175,3.899,42.061746,-71.339568,city,
72803,72803,Llanos Country Corner,"I-10/US-83, EXIT 456 & US-377",Junction,TX,740,2.919,30.47544,-99.74731,city,
72804,72804,7-Eleven #42174,"I-24, EXIT 211 & US-70",Nashville,TN,460,3.249,36.16589,-86.78444,city,
72805,72805,Stripes #42242,"SR 181, HWY 188",Sinton,TX,625,3.259,28.033895,-97.519582,city,
72806,72806,TA HOSSTON #939,"I-49, Exit 237",Hosston,LA,745,2.92233333,32.896653,-93.883425,city,
72808,72808,Allsups Convenience #2463,US-377,Aubrey,TX,630,2.899,33.291997,-96.987866,city,
72809,72809,LOVES TRAVEL STOP #894,I-95 EXIT 305,Saint Augustine,FL,75,3.44233333,29.8364,-81.2745,city,
72810,72810,QUIKTRIP #7,"I-244/US-412, Exit 10",Tulsa,OK,560,3.119,36.15398,-95.99277,city,
72811,72811,QUIKTRIP #50,SR-51,Broken Arrow,OK,560,3.129,36.0526,-95.79082,city,
72812,72812,Kwik Trip #748,US 8,Barron,WI,295,3.664,45.400535,-91.84996,city,
72813,72813,Allsups #2425,Hwy 144,Granbury,TX,630,3.029,32.42505,-97.774173,city,
72814,72814,ALLSUPS #2468,"I35, EXIT 5",Thackerville,OK,253,2.91733333,33.788167,-97.136349,city,
72815,72815,QUIKTRIP #7194,I-74 EXIT 182,Champaign,IL,280,3.199,40.11642,-88.24338,city,
72816,72816,QUIKTRIP #7914,I-27 EXIT 117,Amarillo,TX,585,2.84566666,35.222,-101.8313,city,
72817,72817,QUIKTRIP #4174,I-35 Exit 285,Salado,TX,765,2.91566666,30.949388,-97.532999,city,
72818,72818,QUIKTRIP #7174,"I-65, EXIT 168",Montgomery,AL,720,2.999,32.36681,-86.29997,city,
72819,72819,QUIKTRIP #7925,I-69W,Laredo,TX,693,2.85066666,27.50641,-99.50754,city,
72820,72820,QUARLES #54232,us-385,Crane,TX,710,3.88566666,31.396949,-102.354382,city,
72821,72821,QUARLES #54231,CR-23 & CR-33,Eunice,NM,593,3.699,32.439225,-103.159407,city,
72822,72822,QUARLES #54225,US-83,Abilene,TX,575,3.499,32.44874,-99.73314,city,
72827,72827,QUARLES #54259,FM-1936,Odessa,TX,710,3.699,31.84568,-102.36764,city,
72828,72828,QUARLES #54250,US-80,Abilene,TX,575,3.31233333,32.44874,-99.73314,city,
72830,72830,QUARLES #54261,"I-20, EXIT 37",Pecos,TX,710,3.749,31.414384,-103.508129,city,
72831,72831,QUARLES #54262,CR-64,Hobbs,NM,593,3.699,32.70261,-103.13604,city,
72835,72835,QUARLES #54277,SR-137,Big Lake,TX,739,3.849,31.240592,-101.478776,city,
72836,72836,QUARLES #54281,SR-208,Snyder,TX,700,3.66566666,32.715105,-100.907485,city,
72837,72837,QUARLES #54284,US-285,Loving,NM,593,3.799,32.274034,-104.091376,city,
72839,72839,QUARLES #54293,CR-64,Hobbs,NM,593,3.699,32.70261,-103.13604,city,
72841,72841,QUARLES #54296,SR-214 & CR-370,Denver City,TX,700,3.799,32.971114,-102.831251,city,
72844,72844,QUARLES #54332,US-285,Pecos,TX,710,3.759,31.414384,-103.508129,city,
72847,72847,QUARLES #54341,US-87,Big Spring,TX,612,3.649,32.2504,-101.47874,city,
72848,72848,QUARLES #54347,US-67,Rankin,TX,710,3.699,31.2225,-101.9375,city,
72849,72849,QUARLES #54349,CR-1140,Midland,TX,710,3.66566666,31.99735,-102.07791,city,
72851,72851,QUARLES #54367,FM-1787,Midland,TX,710,3.799,31.99735,-102.07791,city,
72853,72853,QUARLES #54520,SR-589,Purvis,MS,620,2.979,31.149562,-89.462301,city,
72855,72855,GAS N WASH,SR 59,Plainfield,IL,399,3.579,41.62697,-88.20395,city,
72857,72857,7-ELEVEN #42019,SR-3 & SR-4,Yukon,OK,483,3.159,35.50672,-97.76254,city,
72859,72859,CASEYS #4286,SR-32,Crawfordsville,IN,375,3.56233333,40.04115,-86.87445,city,
72860,72860,Circle K #2707070,"SR 378, Route 467",Sumter,SC,42,2.99233333,33.92044,-80.34147,city,
72861,72861,SPRINT MART #4143,"I-20, EXIT 89",Vance,AL,615,3.059,33.17498,-87.257362,city,
72863,72863,Double Quick #92,US-61,Cleveland,MS,655,3.18233333,33.743002,-90.730871,city,
72864,72864,SUNSTOP #430,US-27,Bainbridge,GA,20,3.599,30.9355,-84.5809,city,
72867,72867,Maverik #731,I-15 EXIT 190,Helena,MT,816,3.549,46.59271,-112.03611,city,
72868,72868,MAVERIK #737,I-15 EXIT 116,Idaho Falls,ID,825,3.40566666,43.46658,-112.03414,city,
72869,72869,MAVERIK #738,I-90 EXIT 129,Gillette,WY,790,3.359,44.29109,-105.50222,city,
72871,72871,Maverik #727,I-8 EXIT 3,Yuma,AZ,930,3.179,32.72532,-114.6244,city,
72872,72872,QUIKTRIP #7926,US 59 & SR 20,Laredo,TX,693,2.859,27.50641,-99.50754,city,
72873,72873,QUIKTRIP #7206,I-39 EXIT 15 & US 20,Rockford,IL,520,3.069,42.27113,-89.094,city,
72874,72874,QUIKTRIP #4076,I-35 EXIT 191,New Braunfels,TX,740,2.91566666,29.703,-98.12445,city,
72875,72875,QUIKTRIP #4183,SR 195 & Shell RD,Georgetown,TX,595,2.91566666,30.63269,-97.67723,city,
72876,72876,QUIKTRIP #1139,"I-385, EXIT 23",Fountain Inn,SC,30,3.01733333,34.653334,-82.264593,city,
72877,72877,QUIKTRIP #7177,"I-10, EXIT 15A",Theodore,AL,715,2.88233333,30.544374,-88.180748,city,
72879,72879,QUIKTRIP #4002,US-87,Comfort,TX,595,2.96566666,29.979072,-98.843772,city,
72880,72880,PARKERS #97,US 80,Bloomingdale,GA,195,3.03233333,32.117654,-81.308465,city,
72882,72882,CASEYS #4330,"I-40, EXIT 221",Okemah,OK,483,2.92566666,35.447516,-96.306788,city,
72884,72884,CEFCO #435,"I-10, EXIT 44 & US-90",Loxley,AL,715,3.02566666,30.617964,-87.75624,city,
72885,72885,RACEWAY #6960,US-431 & Westgate PKWY,Dothan,AL,10,3.199,31.22323,-85.39049,city,
72886,72886,PILOT #1381,US-190 & Rose Marie Blvd,Hearne,TX,670,3.499,30.86686,-96.584256,city,
72888,72888,STRIPES #42591,US-87,Mason,TX,595,3.299,30.743392,-99.226117,city,
72889,72889,DK,SR 83,Denver City,TX,700,3.319,32.971114,-102.831251,city,
72891,72891,GAS N WASH,"I-57, EXIT 354",Alsip,IL,365,3.499,41.66892,-87.73866,city,
72893,72893,Racetrac #2586,I-95 & 20th ST,Vero Beach,FL,140,3.159,27.63864,-80.39727,city,
72894,72894,Allsups Convenience Store #2458,US-287 & FM-1655,Alvord,TX,630,2.899,33.36982,-97.688488,city,
72895,72895,Allsups#2465,SR 7,Davis,OK,569,2.96733333,34.495301,-97.10843,city,
72896,72896,PILOT #1283,I-45 & SR-31,Corsicana,TX,630,3.04233333,32.09543,-96.46887,city,
72899,72899,RACEWAY #7002,US 79 & 59,Carthage,TX,766,2.82066666,32.154379,-94.352721,city,
72901,72901,FATDOGS GRAND ISLAND TRAVEL CENTER,I-80 & HWY 281,Grand Island,NE,330,2.979,40.92501,-98.34201,city,
72902,72902,CIRCLE K #2704593,SR-24 & SR-690,Spring Lake,NC,63,3.079,35.182981,-78.978555,city,
72903,72903,Kent Kwik #221,SR-338,Odessa,TX,710,2.989,31.84568,-102.36764,city,
72904,72904,CEFCO #112,US-281,Marble Falls,TX,595,2.929,30.57228,-98.306992,city,
72905,72905,TA EXPRESS PLEASANTON #445,I-37 EXIT 109,Pleasanton,TX,740,3.099,28.992368,-98.483061,city,
72906,72906,Maverik #734,I-25 EXIT 94,Pueblo,CO,796,3.289,38.25445,-104.60914,city,
72907,72907,QUIKTRIP #7913,"I-20, EXIT 20 & SR-18",Monahans,TX,710,2.859,31.581294,-102.900273,city,
72908,72908,QUIKTRIP #1042,"I-85, EXIT 17B & US-321",Gastonia,NC,46,3.264,35.26208,-81.1873,city,
72909,72909,FAT DOGS LINCOLN TC,"I-80, EXIT 399",Lincoln,NE,475,3.099,40.8,-96.66696,city,
72910,72910,Ogden Cardlock (Bulk Plant),I-15 EXIT 343,Ogden,UT,835,3.489,41.223,-111.97383,city,
72912,72912,Salina Cardlock (Bulk Plant),I-70 EXIT 56,Salina,UT,791,3.449,38.956028,-111.881072,city,
72916,72916,CASEYS #2562,SR 140 & SR 156,Ellsworth,KS,357,3.46566666,38.731219,-98.205678,city,
72918,72918,QUIKTRIP #7076,"I-75, EXIT 101",Cordele,GA,10,3.03233333,31.963333,-83.7825,city,
72919,72919,QUIKTRIP #7096,I-75 & EXIT 51,Dayton,OH,317,3.03233333,39.75895,-84.19161,city,
72920,72920,Circle K #4701686,"I-70, Exit 224 & SR-370",Saint Peters,MO,540,3.05066666,38.80033,-90.62651,city,
72921,72921,CIRCLE K #4701677,"I-44, Exit 226",Sullivan,MO,540,3.324,38.230706,-91.156662,city,
72922,72922,SUNOCO,SR-640,Willoughby,OH,305,3.859,41.63977,-81.4065,city,
72923,72923,76,US-84,Brookhaven,MS,620,3.149,31.58581,-90.451995,city,
72924,72924,SHERMAN TRAVEL CENTER,SR-9,Senatobia,MS,435,3.029,34.632306,-89.885501,city,
72925,72925,AMOCO,US-52 & SR-340,Darlington,SC,135,3.199,34.300294,-79.873221,city,
72926,72926,Amoco,US-31 & US-10,Scottville,MI,456,3.379,43.976692,-86.315615,city,
72927,72927,Bell Stores #165,US-30,Wooster,OH,249,3.51566666,40.80517,-81.93646,city,
72930,72930,SPARTA CO-OP,SR-27,Sparta,WI,420,3.189,43.954045,-90.814566,city,
72933,72933,CHEVRON #385988,SR-124,Lithonia,GA,18,3.399,33.682311,-84.160997,city,
72934,72934,CIRCLE K #2706987,"I-37, Exit 118",Corpus Christi,TX,625,3.099,27.80058,-97.39638,city,
72935,72935,Circle K #2722258,US-17 & SR-40,Pierson,FL,140,3.40233333,29.222596,-81.43533,city,
72936,72936,Circle K #2707549,SR-471 & SR-48,Bushnell,FL,140,3.499,28.661062,-82.155297,city,
72937,72937,CIRCLE K #2723997,SR024,Stedman,NC,205,3.399,35.034749,-78.694932,city,
72938,72938,CIRCLE K #2723205,I-285 & CR-1642,Winston Salem,NC,65,3.52066666,36.10237,-80.222798,city,
72939,72939,CIRCLE K #2655872,"I-75, Exit 252B",Atlanta,GA,18,3.50566666,33.749,-84.38798,city,
72940,72940,Circle K #3909,SR-236,Clarksville,TN,460,3.329,36.52977,-87.35945,city,
72941,72941,CIRCLE K #2740389,I-55 & US-51,Hammond,LA,600,3.249,30.50463,-90.46293,city,
72942,72942,CIRCLE K #2742777,US-62/180,El Paso,TX,640,3.19066666,31.75872,-106.48693,city,
72943,72943,CIRCLE K #2706805,SR-415 & SR-76,Port Allen,LA,600,3.359,30.471983,-91.254088,city,
72944,72944,Circle K #2709094,US-62 & SR-327,Lubbock,TX,700,3.099,33.57786,-101.85517,city,
72945,72945,CIRCLE K #2707057,SR-59 & CR-12,Foley,AL,715,3.09233333,30.40659,-87.6836,city,
72947,72947,Circle K #9556,SR-202,Phoenix,AZ,930,3.38566666,33.44838,-112.07404,city,
72948,72948,CIRCLE K #2746514,SR-23,Watford City,ND,273,3.599,47.804258,-103.258205,city,
72949,72949,BOURBON TRAVEL PLAZA,US-30,Bourbon,IN,370,3.499,41.309785,-86.117438,city,
72950,72950,Conoco,US-95,MC DERMITT,NV,966,4.299,41.866944,-117.531111,city,
72951,72951,DK,SR-36,Abilene,TX,575,2.849,32.44874,-99.73314,city,
72953,72953,GRAND AVENUE EXPRESS,I-35 & FM-372,Gainesville,TX,253,2.999,33.62594,-97.13335,city,
72956,72956,Handee Hugos #1,SR-87,Riegelwood,NC,245,3.49733333,34.34706,-78.257473,city,
72957,72957,IRVING,SR-11,Augusta,ME,203,3.899,44.31062,-69.77949,city,
72958,72958,Jack Flash Pana,SR-16,Pana,IL,318,3.159,39.388124,-89.078165,city,
72959,72959,JORDANS #75,US-67,Newport,AR,418,3.299,35.598823,-91.257064,city,
72960,72960,KENT KWIK #206,FM-2020,Odessa,TX,710,3.02566666,31.84568,-102.36764,city,
72963,72963,MAVERIK #5358,"I-25, Exit 145",Colorado Springs,CO,796,3.33066666,38.83388,-104.82136,city,
72965,72965,Maverik #674,"I-15, Exit 45",North Las Vegas,NV,910,3.28233333,36.19886,-115.1175,city,
72966,72966,MCCLURE STORE #15,SR-9,Marion,IN,370,3.694,40.55837,-85.65914,city,
72967,72967,BINKS TENAHA QUICK STOP,US-59/US-84,Tenaha,TX,618,3.059,31.940812,-94.248773,city,
72968,72968,LOVES TRAVEL STOP #883,US-52 EXIT 120,Rural Hall,NC,65,3.57733333,36.229251,-80.293643,city,
72969,72969,LOVES TRAVEL STOP #555,US-30,Delphos,OH,411,3.30566666,40.833619,-84.324678,city,
72970,72970,PAC PRIDE,"I-96, Exit 26",Grand Rapids,MI,371,3.679,42.96336,-85.66809,city,
72972,72972,LOVES TRAVEL STOP #886,I-44 EXIT 29,Sarcoxie,MO,277,3.40066666,37.072382,-94.11514,city,
72973,72973,PETE'S 49,US-166 & US-169,Coffeyville,KS,307,3.214,37.044056,-95.632756,city,
72974,72974,USTOP 34,US-77,Lincoln,NE,413,3.499,40.8,-96.66696,city,
72975,72975,SHEETZ #804,"I-95, Exit 41",Hope Mills,NC,63,2.859,34.97044,-78.94531,city,
72976,72976,RED DOG,"I-10, EXIT 72",Egan,LA,690,3.049,30.250966,-92.500226,city,
72978,72978,SHELL SERVICE STATION,SR-302,Byhalia,MS,435,3.099,34.885351,-89.676332,city,
72979,72979,RICKY ROCKETS,"I-57, EXIT 312",Kankakee,IL,399,3.389,41.12003,-87.86115,city,
72981,72981,Sprint Mart #2301,I-565 & CR-115,Madison,AL,742,3.49233333,34.69926,-86.74833,city,
72982,72982,SUNOCO,I-10 & SR-328,Breaux Bridge,LA,730,2.85566666,30.274955,-91.905899,city,
72983,72983,SUNSTOP #303,SR-100,Lake City,FL,75,3.55066666,30.0949,-82.7117,city,
72984,72984,TERRIBLE HERBST #341,US-95,Indian Springs,NV,910,3.899,36.407223,-115.581067,city,
72985,72985,THE PRIDE OF VILLA PARK,SR-64,Villa Park,IL,290,3.324,41.88975,-87.98895,city,
72986,72986,THE PRIDE OF ELGIN,SR-31,Elgin,IL,520,3.499,42.03725,-88.28119,city,
72987,72987,The Texan,US-285 & CR-116,Pecos,TX,710,2.999,31.414384,-103.508129,city,
72988,72988,Thorntons #221354,US-12,Lake Zurich,IL,293,3.374,42.19697,-88.09341,city,
72989,72989,THORNTONS #442562,SR-63,Monroe,OH,407,3.199,39.441285,-84.365196,city,
72990,72990,TA Express Jonesboro,I-555 EXIT 39,Jonesboro,AR,435,3.39233333,35.8423,-90.70428,city,
72991,72991,THORNTONS #221345,US-20,Hanover Park,IL,297,3.759,41.99947,-88.14507,city,
72993,72993,H AND R OIL COMPANY,"SR-4, EXIT 8",Lexington,KY,410,3.249,37.98869,-84.47772,city,
72995,72995,LOVES TRAVEL STOP #569,I-84 EXIT 304,Baker City,OR,982,3.45733333,44.780102,-117.828631,city,
72996,72996,LOVES TRAVEL STOP #504,I-76 EXIT 232,North Lima,OH,573,3.78733333,40.964866,-80.654911,city,
72998,72998,83 FUEL STOP,US-83,Catarina,TX,693,2.959,28.345278,-99.613056,city,
72999,72999,Aeg Petroleum,US-70 & SR-467,Portales,NM,593,3.68566666,34.179915,-103.336311,city,
73000,73000,TXB,FM-2147,Horseshoe Bay,TX,665,2.929,30.578056,-98.2725,city,
73003,73003,GAS PRO TRAVEL CENTER,US-25 & SR-88,Hephzibah,GA,135,3.599,33.343328,-82.088689,city,
73005,73005,NOBLE,US-20,Sturbridge,MA,215,3.999,42.112619,-72.084233,city,
73007,73007,VALERO,"I-85, EXIT 28 & SR-100",Hogansville,GA,50,3.66566666,33.164382,-84.930856,city,
73008,73008,MUSTANG XPRESS,US-183 & FM-1327,Austin,TX,595,3.33233333,30.26715,-97.74306,city,
73009,73009,THRIFT BULL TRUCK STOP,SR-103,San Augustine,TX,618,3.499,31.515173,-94.132581,city,
73012,73012,FUELPORT # 1,FM-143,San Antonio,TX,740,3.049,29.42412,-98.49363,city,
73013,73013,247 TRUCK STOP,I-40 EXIT 247,Widener,AR,435,2.999,35.059167,-90.629313,city,
73014,73014,CIRCLE K #2726298,SR 33 & SR 50,Mascotte,FL,140,3.539,28.578056,-81.886944,city,
73015,73015,76,US 40,Franklinville,NJ,150,3.169,39.615557,-75.04088,city,
73016,73016,PARKERS #112,SR 67,Statesboro,GA,195,3.199,32.44879,-81.78317,city,
73017,73017,U Stop #36,US 136 & SR 50,Tecumseh,NE,413,3.399,40.369702,-96.204951,city,
73018,73018,Smart Stop Travel Center,US 271 & SR 37,Bogata,TX,723,3.199,33.469862,-95.193725,city,
73021,73021,Circle K #2746245,I 35W EXIT 6,Minneapolis,MN,448,3.599,44.97997,-93.26384,city,
73025,73025,151 TRAVEL CENTER,SR 34 & N Central Rd,Darlington,SC,46,3.299,34.300294,-79.873221,city,
73026,73026,Gas N Wash,SR-171,Lemont,IL,290,3.499,41.67364,-88.00173,city,
73028,73028,PETRO HENDERSON #968,"I-11, EXIT 15A",Henderson,NV,910,3.639,36.0397,-114.98194,city,
73029,73029,One9 #1417,I-35 Exit 323,Lorena,TX,765,2.90233333,31.409271,-97.230161,city,
73030,73030,SPEED TREK TRAVEL CENTER,I-90 EXIT 25,Belvidere,IL,520,3.799,42.26391,-88.84427,city,
73031,73031,Travel Refresh,US 59,Corrigan,TX,618,2.949,31.000657,-94.7959,city,
73032,73032,Parkers #110,SR 56,Augusta,GA,135,3.19233333,33.47097,-81.97484,city,
73033,73033,QUARLES #54242,SR-152,Pampa,TX,585,3.499,35.53616,-100.95987,city,
73035,73035,QUIKTRIP #7909,US-10,El Paso,TX,640,2.849,31.75872,-106.48693,city,
73036,73036,Maverik Country Store #741,US-80,Rock Springs,WY,827,3.30733333,41.58746,-109.2029,city,
73037,73037,TA EXPRESS #567,"I-20, EXIT 81 & SR-149",Ruston,LA,745,3.114,32.52321,-92.63793,city,
73039,73039,Spinx #292,"I-26, EXIT 10",Inman,SC,210,3.16566666,35.052795,-82.054013,city,
73040,73040,TAILGATE #3,SR 21,Bryan,TX,670,3.599,30.67436,-96.36996,city,
73041,73041,Racetrac #182,US- 19,Hampton,GA,67,2.999,33.412398,-84.294744,city,
73042,73042,MAVERIK #728,Hwy 483,Lovington,NM,593,3.094,32.951166,-103.348849,city,
73043,73043,MAVERIK #740,"I-25, EXIT 347",Las Vegas,NM,580,3.16233333,35.594862,-105.227162,city,
73044,73044,Maverik #732,"US 20, EXIT 310",Idaho Falls,ID,825,3.394,43.46658,-112.03414,city,
73045,73045,MAVERIK #717,US-395,Spokane,WA,970,3.989,47.65966,-117.42908,city,
73046,73046,Refuel #63,US 501 & SR 544,Conway,SC,46,3.134,33.836,-79.04781,city,
73047,73047,RACETRAC #2642,"I-70, EXIT 77",Indianapolis,IN,375,3.259,39.76838,-86.15804,city,
73048,73048,ALLSUPS CONVENIENCE STORE #2473,US-287,Bowie,TX,630,2.899,33.556796,-97.837337,city,
73051,73051,CIRCLE K #2709540,"I-10, EXIT 10 & SR-90",Sierra Vista,AZ,980,3.629,31.55454,-110.30369,city,
73052,73052,Circle K #2701875,US-78 E,Grovetown,GA,135,3.499,33.476622,-82.240937,city,
73053,73053,Circle K #2746108,"I-90/US-212, EXIT 447",Billings,MT,780,3.579,45.78329,-108.50069,city,
73055,73055,CIRCLE K #4707124,SR-3,Liberty,ME,203,4.099,44.374085,-69.33058,city,
73056,73056,CIRCLE K #2723033,"I-295, EXIT 21A & I-95",Fayetteville,NC,205,3.279,35.05266,-78.87836,city,
73057,73057,CIRCLE K #2703586,US-550 & SR-516,Flora Vista,NM,580,3.719,36.802771,-108.082683,city,
73058,73058,CIRCLE K #4707605,SR-365/SR-69/SR-49 & SR-26,Rome,NY,235,3.999,43.21285,-75.45573,city,
73059,73059,CIRCLE K #4705626,"I-77/US-62, EXIT 105 & SR-172",Canton,OH,249,3.459,40.79895,-81.37845,city,
73061,73061,Circle K #2709045,"US-62 & SR-375, EXIT 39",El Paso,TX,640,3.20233333,31.75872,-106.48693,city,
73062,73062,CIRCLE K #2741849,SR-358 & SR-286,Corpus Christi,TX,625,3.124,27.80058,-97.39638,city,
73063,73063,HOLIDAY STATIONSTORE #2746223,"I-35, EXIT 135 & US-61",Andover,MN,448,3.499,45.2333,-93.29134,city,
73064,73064,7-ELEVEN #42315,"I-85, Exit 88",Lexington,NC,765,3.399,35.82403,-80.25338,city,
73065,73065,RACETRAC #2631,"I-75, EXIT 285 & US-41/SR-3",Emerson,GA,193,2.88733333,34.119969,-84.757045,city,
73066,73066,QUIKTRIP #1499,I-10 EXIT 267,Tucson,AZ,980,3.06233333,32.22174,-110.92648,city,
73067,73067,J STARR,I-29 EXIT 8,Hankinson,ND,341,3.499,46.055797,-96.899069,city,
73068,73068,MAVERIK #5369,SR 21,Colorado Springs,CO,796,3.499,38.83388,-104.82136,city,
73071,73071,7-Eleven #42340,SR-340/SR-6,Woodway,TX,765,2.93233333,31.505074,-97.231062,city,
73072,73072,QUIKTRIP #7204,"I-57, EXIT 337 & SR-50",University Park,IL,365,3.179,,,,
73073,73073,QUIKTRIP #7075,"I-16/SR-404, EXIT 51 & US-441",Dublin,GA,85,2.999,32.54044,-82.90375,city,
73074,73074,RACETRAC #2641,HWY 59 & FM 989,Texarkana,TX,723,2.85733333,33.42513,-94.04769,city,
73075,73075,ALLSUPS CONVENIENCE STORE #2470,SR 18,Eunice,NM,710,3.099,32.439225,-103.159407,city,
73076,73076,MAVERIK #5148,US 40,Kremmling,CO,800,3.679,40.063224,-106.395472,city,
73078,73078,Shelee's Travel Center,"I-10, Exit 146",Coachella,CA,900,3.954,33.6803,-116.17389,city,
73079,73079,PILOT DEALER #1433,I-10 EXIT 160,Chandler,AZ,930,3.5015,33.30616,-111.84125,city,
73080,73080,Circle K #2707255,"I-75, Exit 60",Tifton,GA,10,3.06233333,31.45046,-83.5085,city,
73081,73081,ALLSUPS #2476,I-40 EXIT 38 & SR 6,Elk City,OK,483,2.93066666,35.410359,-99.421086,city,
73082,73082,KWIK STAR #1153,US 71,Milford,IA,433,3.324,43.31964,-95.161534,city,
73083,73083,Kwik Star #1213,I-380 EXIT 2,North Liberty,IA,380,3.159,41.74918,-91.59795,city,
73084,73084,Kwik Trip #747,I-94 ALT & US-12,Baldwin,WI,448,3.499,44.9657,-92.365498,city,
73085,73085,Loves Travel Stop #550,I-75 EXIT 13,Valdosta,GA,982,3.22233333,30.83334,-83.28032,city,
73088,73088,Pilot Travel Center #1390,I-16 Exit 143,Ellabell,GA,135,3.29566666,32.127304,-81.498302,city,
73090,73090,Quiktrip #1148,I-26 EXIT 53,Flat Rock,NC,210,2.849,35.288993,-82.391568,city,
73092,73092,QUIKTRIP #4042,I-10,Converse,TX,740,2.94566666,29.51801,-98.31612,city,
73093,73093,GAS N WASH,I-355 EXIT 7,Lockport,IL,365,3.449,41.58948,-88.05784,city,
73094,73094,MARATHON,US-24,Taylor,MI,325,3.519,42.24087,-83.26965,city,
73095,73095,Quiktrip #7250,US 49,Richland,MS,760,2.91566666,32.215224,-90.156231,city,
73096,73096,KWIK TRIP #748,US 8,Barron,WI,295,3.64733333,45.400535,-91.84996,city,
73098,73098,KWIK TRIP #1269,SR 27,Cadott,WI,448,3.40066666,44.963014,-91.169884,city,
73099,73099,Kwik Star #1296,SR 115,Harrisburg,SD,448,2.939,43.446021,-96.686389,city,
73100,73100,MAVERIK #747,I-215 Exit 21,Salt Lake City,UT,835,3.39233333,40.76078,-111.89105,city,
73101,73101,7-ELEVEN 42279,"I-76, Exit 39",Keenesburg,CO,800,3.149,40.095847,-104.446366,city,
73103,73103,RaceTrac #2654,I-20 EXIT 130,Greensboro,GA,16,3.399,33.563682,-83.170192,city,
73106,73106,ALLSUPS CONVENIENCE STORE #2472,US-75,Atoka,OK,253,2.96733333,34.34451,-96.141827,city,
73112,73112,SHEETZ #831,I-26 EXIT 44 & US 25,Hendersonville,NC,210,2.859,35.319213,-82.499995,city,
73114,73114,ROAD RANGER #319,"I-35E, EXIT 381",Milford,TX,630,3.03066666,32.148198,-96.96115,city,
73117,73117,MAVERIK #722,"I-29, EXIT 304",Baker City,OR,925,3.459,44.780102,-117.828631,city,
73118,73118,ALLSUPS #2432,US 287 & SR 34,Ennis,TX,630,2.929,32.32931,-96.62527,city,
73119,73119,Stinker #122,I-84 EXIT 36,Nampa,ID,785,3.40233333,43.54072,-116.56346,city,
73120,73120,Kwik Star #1184,US 61,Dubuque,IA,335,3.489,42.50056,-90.66457,city,
73125,73125,KWIK TRIP #1283,SR 83 & W CAPITOL DR,Hartland,WI,444,3.749,43.117153,-88.344572,city,
73126,73126,Kwik Trip #1298,US 10,Mondovi,WI,295,3.349,44.609853,-91.669576,city,
73127,73127,Gas N Wash,"I-55, EXIT 285",Chicago,IL,290,3.399,41.85003,-87.65005,city,
73128,73128,ALLSUPS CONVENIENCE STORE #2477,HWY 69 & 11th st,Kiowa,OK,253,2.95733333,34.727755,-95.932836,city,
73129,73129,SHEETZ #837,I-94,Romulus,MI,325,3.099,42.22226,-83.3966,city,
73130,73130,A One Stop,"I-45, EXIT 246",Ennis,TX,630,2.93566666,32.32931,-96.62527,city,
73131,73131,Sheetz #838,"I-85, Exit 71",Salisbury,NC,46,2.859,35.67097,-80.47423,city,
